xflr5 v6.61

Test
T1-21.0 m/s-Panel-Inviscid
QInf  =,   21.000000 ,m/s
Alpha = ,  10.000000
Beta  = ,   0.000°
Phi   = ,   0.000°
Ctrl  = ,   0.000
CL    = ,   0.831148
Cy    = ,   0.000000
Cd=,   0.041729,ICd=,    0.041729,PCd=,    0.000000
Cl   = , 6.8564e-16
Cm   =,   -0.225271
ICn=,   -0.000000,PCn=,   -0.000000
XCP=,    0.042153, YCP=,   -0.000000, ZCP=,    0.005547 
XNP=,    0.000000
Bending =,    2.511180

Main Wing
  y-span,Chord,Ai,Cl,PCd,ICd,CmGeom,CmAirf@chord/4,XTrtop,XTrBot,XCP,BM
   -0.4163,   0.1600, -5.514, 0.124293, 0.000000, 0.011999,-0.085195,-0.023641, 0.0000, 0.0000, 0.3449, 0.0000
   -0.4134,   0.1600, -5.233, 0.213282, 0.000000, 0.019532,-0.089297,-0.017756, 0.0000, 0.0000, 0.3095, 0.0000
   -0.4078,   0.1600, -4.976, 0.305372, 0.000000, 0.026590,-0.079679, 0.002388, 0.0000, 0.0000, 0.2388, 0.0003
   -0.3993,   0.1600, -4.736, 0.393601, 0.000000, 0.032607,-0.092686, 0.007040, 0.0000, 0.0000, 0.2281, 0.0015
   -0.3881,   0.1600, -4.492, 0.476108, 0.000000, 0.037406,-0.113292, 0.005904, 0.0000, 0.0000, 0.2333, 0.0050
   -0.3743,   0.1600, -4.246, 0.551901, 0.000000, 0.040976,-0.135633, 0.002664, 0.0000, 0.0000, 0.2410, 0.0129
   -0.3579,   0.1600, -4.001, 0.620438, 0.000000, 0.043393,-0.157272,-0.001165, 0.0000, 0.0000, 0.2478, 0.0283
   -0.3391,   0.1600, -3.760, 0.681518, 0.000000, 0.044793,-0.177137,-0.004912, 0.0000, 0.0000, 0.2531, 0.0550
   -0.3179,   0.1600, -3.530, 0.735223, 0.000000, 0.045358,-0.194795,-0.008287, 0.0000, 0.0000, 0.2571, 0.0976
   -0.2946,   0.1600, -3.315, 0.781847, 0.000000, 0.045284,-0.210130,-0.011177, 0.0000, 0.0000, 0.2601, 0.1613
   -0.2693,   0.1600, -3.118, 0.821832, 0.000000, 0.044769,-0.223217,-0.013572, 0.0000, 0.0000, 0.2623, 0.2516
   -0.2421,   0.1600, -2.943, 0.855694, 0.000000, 0.043985,-0.234216,-0.015511, 0.0000, 0.0000, 0.2638, 0.3742
   -0.2133,   0.1600, -2.790, 0.883968, 0.000000, 0.043072,-0.243320,-0.017051, 0.0000, 0.0000, 0.2650, 0.5345
   -0.1830,   0.1600, -2.660, 0.907171, 0.000000, 0.042141,-0.250730,-0.018254, 0.0000, 0.0000, 0.2658, 0.7377
   -0.1515,   0.1600, -2.553, 0.925768, 0.000000, 0.041273,-0.256623,-0.019173, 0.0000, 0.0000, 0.2663, 0.9880
   -0.1189,   0.1600, -2.468, 0.940157, 0.000000, 0.040523,-0.261153,-0.019855, 0.0000, 0.0000, 0.2667, 1.2888
   -0.0855,   0.1600, -2.405, 0.950665, 0.000000, 0.039934,-0.264443,-0.020336, 0.0000, 0.0000, 0.2670, 1.6426
   -0.0515,   0.1600, -2.364, 0.957535, 0.000000, 0.039529,-0.266587,-0.020643, 0.0000, 0.0000, 0.2671, 2.0502
   -0.0172,   0.1600, -2.343, 0.960929, 0.000000, 0.039323,-0.267643,-0.020792, 0.0000, 0.0000, 0.2672, 2.5112
    0.0172,   0.1600, -2.343, 0.960929, 0.000000, 0.039323,-0.267643,-0.020792, 0.0000, 0.0000, 0.2672, 2.5112
    0.0515,   0.1600, -2.364, 0.957535, 0.000000, 0.039529,-0.266587,-0.020643, 0.0000, 0.0000, 0.2671, 2.0502
    0.0855,   0.1600, -2.405, 0.950665, 0.000000, 0.039934,-0.264443,-0.020336, 0.0000, 0.0000, 0.2670, 1.6426
    0.1189,   0.1600, -2.468, 0.940157, 0.000000, 0.040523,-0.261153,-0.019855, 0.0000, 0.0000, 0.2667, 1.2888
    0.1515,   0.1600, -2.553, 0.925768, 0.000000, 0.041273,-0.256623,-0.019173, 0.0000, 0.0000, 0.2663, 0.9880
    0.1830,   0.1600, -2.660, 0.907171, 0.000000, 0.042141,-0.250730,-0.018254, 0.0000, 0.0000, 0.2658, 0.7377
    0.2133,   0.1600, -2.790, 0.883968, 0.000000, 0.043072,-0.243320,-0.017051, 0.0000, 0.0000, 0.2650, 0.5345
    0.2421,   0.1600, -2.943, 0.855694, 0.000000, 0.043985,-0.234216,-0.015511, 0.0000, 0.0000, 0.2638, 0.3742
    0.2693,   0.1600, -3.118, 0.821832, 0.000000, 0.044769,-0.223217,-0.013572, 0.0000, 0.0000, 0.2623, 0.2516
    0.2946,   0.1600, -3.315, 0.781847, 0.000000, 0.045284,-0.210130,-0.011177, 0.0000, 0.0000, 0.2601, 0.1613
    0.3179,   0.1600, -3.530, 0.735223, 0.000000, 0.045358,-0.194795,-0.008287, 0.0000, 0.0000, 0.2571, 0.0976
    0.3391,   0.1600, -3.760, 0.681518, 0.000000, 0.044793,-0.177137,-0.004912, 0.0000, 0.0000, 0.2531, 0.0550
    0.3579,   0.1600, -4.001, 0.620438, 0.000000, 0.043393,-0.157272,-0.001165, 0.0000, 0.0000, 0.2478, 0.0283
    0.3743,   0.1600, -4.246, 0.551901, 0.000000, 0.040976,-0.135633, 0.002664, 0.0000, 0.0000, 0.2410, 0.0129
    0.3881,   0.1600, -4.492, 0.476108, 0.000000, 0.037406,-0.113292, 0.005904, 0.0000, 0.0000, 0.2333, 0.0050
    0.3993,   0.1600, -4.736, 0.393601, 0.000000, 0.032607,-0.092686, 0.007040, 0.0000, 0.0000, 0.2281, 0.0015
    0.4078,   0.1600, -4.976, 0.305372, 0.000000, 0.026590,-0.079679, 0.002388, 0.0000, 0.0000, 0.2388, 0.0003
    0.4134,   0.1600, -5.233, 0.213282, 0.000000, 0.019532,-0.089297,-0.017756, 0.0000, 0.0000, 0.3095, 0.0000
    0.4163,   0.1600, -5.514, 0.124293, 0.000000, 0.011999,-0.085195,-0.023641, 0.0000, 0.0000, 0.3449, 0.0000


Main Wing Cp Coefficients
Panel,CtrlPt.x,CtrlPt.y,CtrlPt.z,Nx,Ny,Nz,Area,Cp
Main WingCp Coefficients
Strip 1
  13,   1.588e-01,  -4.163e-01,   2.322e-04,       0.019,       0.000,      -1.000,   3.311e-06,     -1.9003
  14,   1.542e-01,  -4.163e-01,   3.273e-05,       0.052,       0.000,      -0.999,   9.752e-06,     -1.7273
  15,   1.453e-01,  -4.163e-01,  -5.423e-04,       0.072,       0.000,      -0.997,   1.564e-05,     -1.1052
  16,   1.326e-01,  -4.163e-01,  -1.498e-03,       0.077,       0.000,      -0.997,   2.062e-05,     -0.5830
  17,   1.169e-01,  -4.163e-01,  -2.661e-03,       0.071,       0.000,      -0.998,   2.438e-05,     -0.3475
  18,   9.897e-02,  -4.163e-01,  -3.769e-03,       0.054,       0.000,      -0.999,   2.670e-05,     -0.2429
  19,   7.997e-02,  -4.163e-01,  -4.587e-03,       0.033,       0.000,      -0.999,   2.748e-05,     -0.1825
  20,   6.097e-02,  -4.163e-01,  -5.007e-03,       0.011,       0.000,      -1.000,   2.667e-05,     -0.1386
  21,   4.307e-02,  -4.163e-01,  -5.009e-03,      -0.012,       0.000,      -1.000,   2.432e-05,     -0.1012
  22,   2.732e-02,  -4.163e-01,  -4.585e-03,      -0.044,       0.000,      -0.999,   2.058e-05,     -0.0613
  23,   1.462e-02,  -4.163e-01,  -3.703e-03,      -0.102,       0.000,      -0.995,   1.568e-05,      0.0010
  24,   5.725e-03,  -4.163e-01,  -2.343e-03,      -0.228,       0.000,      -0.974,   1.000e-05,      0.1635
  25,   1.144e-03,  -4.163e-01,  -7.216e-04,      -0.577,       0.000,      -0.817,   4.054e-06,      0.6685
  26,   1.144e-03,  -4.163e-01,   1.487e-03,      -0.767,       0.000,       0.642,   5.156e-06,     -0.4556
  27,   5.725e-03,  -4.163e-01,   4.460e-03,      -0.421,       0.000,       0.907,   1.073e-05,     -0.6424
  28,   1.462e-02,  -4.163e-01,   7.393e-03,      -0.239,       0.000,       0.971,   1.607e-05,     -0.5022
  29,   2.732e-02,  -4.163e-01,   9.671e-03,      -0.128,       0.000,       0.992,   2.073e-05,     -0.4115
  30,   4.307e-02,  -4.163e-01,   1.103e-02,      -0.050,       0.000,       0.999,   2.435e-05,     -0.3658
  31,   6.097e-02,  -4.163e-01,   1.133e-02,       0.014,       0.000,       1.000,   2.667e-05,     -0.3492
  32,   7.997e-02,  -4.163e-01,   1.049e-02,       0.073,       0.000,       0.997,   2.754e-05,     -0.3483
  33,   9.897e-02,  -4.163e-01,   8.692e-03,       0.117,       0.000,       0.993,   2.685e-05,     -0.3662
  34,   1.169e-01,  -4.163e-01,   6.363e-03,       0.143,       0.000,       0.990,   2.457e-05,     -0.4373
  35,   1.326e-01,  -4.163e-01,   4.010e-03,       0.154,       0.000,       0.988,   2.080e-05,     -0.6625
  36,   1.453e-01,  -4.163e-01,   2.079e-03,       0.146,       0.000,       0.989,   1.577e-05,     -1.2528
  37,   1.542e-01,  -4.163e-01,   8.574e-04,       0.120,       0.000,       0.993,   9.810e-06,     -2.0394
  38,   1.588e-01,  -4.163e-01,   3.496e-04,       0.082,       0.000,       0.997,   3.322e-06,     -2.2678
Strip 2
  39,   1.588e-01,  -4.134e-01,   2.322e-04,       0.019,       0.000,      -1.000,   9.911e-06,     -0.8588
  40,   1.542e-01,  -4.134e-01,   3.273e-05,       0.052,       0.000,      -0.999,   2.919e-05,     -0.8053
  41,   1.453e-01,  -4.134e-01,  -5.423e-04,       0.072,       0.000,      -0.997,   4.682e-05,     -0.5765
  42,   1.326e-01,  -4.134e-01,  -1.498e-03,       0.077,       0.000,      -0.997,   6.172e-05,     -0.3736
  43,   1.169e-01,  -4.134e-01,  -2.661e-03,       0.071,       0.000,      -0.998,   7.297e-05,     -0.2654
  44,   9.897e-02,  -4.134e-01,  -3.769e-03,       0.054,       0.000,      -0.999,   7.993e-05,     -0.2013
  45,   7.997e-02,  -4.134e-01,  -4.587e-03,       0.033,       0.000,      -0.999,   8.225e-05,     -0.1524
  46,   6.097e-02,  -4.134e-01,  -5.007e-03,       0.011,       0.000,      -1.000,   7.982e-05,     -0.1100
  47,   4.307e-02,  -4.134e-01,  -5.009e-03,      -0.012,       0.000,      -1.000,   7.279e-05,     -0.0701
  48,   2.732e-02,  -4.134e-01,  -4.585e-03,      -0.044,       0.000,      -0.999,   6.159e-05,     -0.0249
  49,   1.462e-02,  -4.134e-01,  -3.703e-03,      -0.102,       0.000,      -0.995,   4.694e-05,      0.0508
  50,   5.725e-03,  -4.134e-01,  -2.343e-03,      -0.228,       0.000,      -0.974,   2.994e-05,      0.2684
  51,   1.144e-03,  -4.134e-01,  -7.216e-04,      -0.577,       0.000,      -0.817,   1.213e-05,      0.8178
  52,   1.144e-03,  -4.134e-01,   1.487e-03,      -0.767,       0.000,       0.642,   1.543e-05,     -0.6452
  53,   5.725e-03,  -4.134e-01,   4.460e-03,      -0.421,       0.000,       0.907,   3.213e-05,     -0.7581
  54,   1.462e-02,  -4.134e-01,   7.393e-03,      -0.239,       0.000,       0.971,   4.809e-05,     -0.5940
  55,   2.732e-02,  -4.134e-01,   9.671e-03,      -0.128,       0.000,       0.992,   6.204e-05,     -0.4694
  56,   4.307e-02,  -4.134e-01,   1.103e-02,      -0.050,       0.000,       0.999,   7.288e-05,     -0.3949
  57,   6.097e-02,  -4.134e-01,   1.133e-02,       0.014,       0.000,       1.000,   7.982e-05,     -0.3532
  58,   7.997e-02,  -4.134e-01,   1.049e-02,       0.073,       0.000,       0.997,   8.242e-05,     -0.3243
  59,   9.897e-02,  -4.134e-01,   8.692e-03,       0.117,       0.000,       0.993,   8.036e-05,     -0.3114
  60,   1.169e-01,  -4.134e-01,   6.363e-03,       0.143,       0.000,       0.990,   7.354e-05,     -0.3431
  61,   1.326e-01,  -4.134e-01,   4.010e-03,       0.154,       0.000,       0.988,   6.227e-05,     -0.4717
  62,   1.453e-01,  -4.134e-01,   2.079e-03,       0.146,       0.000,       0.989,   4.721e-05,     -0.7553
  63,   1.542e-01,  -4.134e-01,   8.574e-04,       0.120,       0.000,       0.993,   2.936e-05,     -1.0560
  64,   1.588e-01,  -4.134e-01,   3.496e-04,       0.082,       0.000,       0.997,   9.942e-06,     -1.1220
Strip 3
  65,   1.588e-01,  -4.078e-01,   2.322e-04,       0.019,       0.000,      -1.000,   1.644e-05,     -0.0810
  66,   1.542e-01,  -4.078e-01,   3.273e-05,       0.052,       0.000,      -0.999,   4.843e-05,     -0.1157
  67,   1.453e-01,  -4.078e-01,  -5.423e-04,       0.072,       0.000,      -0.997,   7.768e-05,     -0.1507
  68,   1.326e-01,  -4.078e-01,  -1.498e-03,       0.077,       0.000,      -0.997,   1.024e-04,     -0.1620
  69,   1.169e-01,  -4.078e-01,  -2.661e-03,       0.071,       0.000,      -0.998,   1.211e-04,     -0.1534
  70,   9.897e-02,  -4.078e-01,  -3.769e-03,       0.054,       0.000,      -0.999,   1.326e-04,     -0.1334
  71,   7.997e-02,  -4.078e-01,  -4.587e-03,       0.033,       0.000,      -0.999,   1.365e-04,     -0.1026
  72,   6.097e-02,  -4.078e-01,  -5.007e-03,       0.011,       0.000,      -1.000,   1.324e-04,     -0.0653
  73,   4.307e-02,  -4.078e-01,  -5.009e-03,      -0.012,       0.000,      -1.000,   1.208e-04,     -0.0230
  74,   2.732e-02,  -4.078e-01,  -4.585e-03,      -0.044,      -0.000,      -0.999,   1.022e-04,      0.0326
  75,   1.462e-02,  -4.078e-01,  -3.703e-03,      -0.102,      -0.000,      -0.995,   7.788e-05,      0.1390
  76,   5.725e-03,  -4.078e-01,  -2.343e-03,      -0.228,       0.000,      -0.974,   4.967e-05,      0.4288
  77,   1.144e-03,  -4.078e-01,  -7.216e-04,      -0.577,       0.000,      -0.817,   2.013e-05,      0.9461
  78,   1.144e-03,  -4.078e-01,   1.487e-03,      -0.767,       0.000,       0.642,   2.560e-05,     -0.9202
  79,   5.725e-03,  -4.078e-01,   4.460e-03,      -0.421,       0.000,       0.907,   5.331e-05,     -0.9022
  80,   1.462e-02,  -4.078e-01,   7.393e-03,      -0.239,      -0.000,       0.971,   7.979e-05,     -0.7092
  81,   2.732e-02,  -4.078e-01,   9.671e-03,      -0.128,      -0.000,       0.992,   1.029e-04,     -0.5506
  82,   4.307e-02,  -4.078e-01,   1.103e-02,      -0.050,       0.000,       0.999,   1.209e-04,     -0.4420
  83,   6.097e-02,  -4.078e-01,   1.133e-02,       0.014,       0.000,       1.000,   1.324e-04,     -0.3684
  84,   7.997e-02,  -4.078e-01,   1.049e-02,       0.073,       0.000,       0.997,   1.367e-04,     -0.3038
  85,   9.897e-02,  -4.078e-01,   8.692e-03,       0.117,       0.000,       0.993,   1.333e-04,     -0.2484
  86,   1.169e-01,  -4.078e-01,   6.363e-03,       0.143,       0.000,       0.990,   1.220e-04,     -0.2179
  87,   1.326e-01,  -4.078e-01,   4.010e-03,       0.154,       0.000,       0.988,   1.033e-04,     -0.2125
  88,   1.453e-01,  -4.078e-01,   2.079e-03,       0.146,       0.000,       0.989,   7.832e-05,     -0.2113
  89,   1.542e-01,  -4.078e-01,   8.574e-04,       0.120,       0.000,       0.993,   4.871e-05,     -0.1891
  90,   1.588e-01,  -4.078e-01,   3.496e-04,       0.082,      -0.000,       0.997,   1.649e-05,     -0.1706
Strip 4
  91,   1.588e-01,  -3.993e-01,   2.322e-04,       0.019,       0.000,      -1.000,   2.286e-05,      0.0973
  92,   1.542e-01,  -3.993e-01,   3.273e-05,       0.052,       0.000,      -0.999,   6.734e-05,      0.0605
  93,   1.453e-01,  -3.993e-01,  -5.423e-04,       0.072,       0.000,      -0.997,   1.080e-04,      0.0082
  94,   1.326e-01,  -3.993e-01,  -1.498e-03,       0.077,       0.000,      -0.997,   1.424e-04,     -0.0382
  95,   1.169e-01,  -3.993e-01,  -2.661e-03,       0.071,       0.000,      -0.998,   1.683e-04,     -0.0669
  96,   9.897e-02,  -3.993e-01,  -3.769e-03,       0.054,      -0.000,      -0.999,   1.844e-04,     -0.0727
  97,   7.997e-02,  -3.993e-01,  -4.587e-03,       0.033,      -0.000,      -0.999,   1.897e-04,     -0.0561
  98,   6.097e-02,  -3.993e-01,  -5.007e-03,       0.011,       0.000,      -1.000,   1.841e-04,     -0.0241
  99,   4.307e-02,  -3.993e-01,  -5.009e-03,      -0.012,       0.000,      -1.000,   1.679e-04,      0.0201
 100,   2.732e-02,  -3.993e-01,  -4.585e-03,      -0.044,      -0.000,      -0.999,   1.421e-04,      0.0867
 101,   1.462e-02,  -3.993e-01,  -3.703e-03,      -0.102,      -0.000,      -0.995,   1.083e-04,      0.2186
 102,   5.725e-03,  -3.993e-01,  -2.343e-03,      -0.228,       0.000,      -0.974,   6.906e-05,      0.5386
 103,   1.144e-03,  -3.993e-01,  -7.216e-04,      -0.577,       0.000,      -0.817,   2.799e-05,      0.9885
 104,   1.144e-03,  -3.993e-01,   1.487e-03,      -0.767,       0.000,       0.642,   3.560e-05,     -1.2436
 105,   5.725e-03,  -3.993e-01,   4.460e-03,      -0.421,       0.000,       0.907,   7.412e-05,     -1.0638
 106,   1.462e-02,  -3.993e-01,   7.393e-03,      -0.239,      -0.000,       0.971,   1.109e-04,     -0.8301
 107,   2.732e-02,  -3.993e-01,   9.671e-03,      -0.128,      -0.000,       0.992,   1.431e-04,     -0.6418
 108,   4.307e-02,  -3.993e-01,   1.103e-02,      -0.050,       0.000,       0.999,   1.681e-04,     -0.5050
 109,   6.097e-02,  -3.993e-01,   1.133e-02,       0.014,       0.000,       1.000,   1.841e-04,     -0.4058
 110,   7.997e-02,  -3.993e-01,   1.049e-02,       0.073,      -0.000,       0.997,   1.901e-04,     -0.3132
 111,   9.897e-02,  -3.993e-01,   8.692e-03,       0.117,      -0.000,       0.993,   1.854e-04,     -0.2231
 112,   1.169e-01,  -3.993e-01,   6.363e-03,       0.143,       0.000,       0.990,   1.696e-04,     -0.1466
 113,   1.326e-01,  -3.993e-01,   4.010e-03,       0.154,       0.000,       0.988,   1.436e-04,     -0.0815
 114,   1.453e-01,  -3.993e-01,   2.079e-03,       0.146,       0.000,       0.989,   1.089e-04,     -0.0230
 115,   1.542e-01,  -3.993e-01,   8.574e-04,       0.120,       0.000,       0.993,   6.773e-05,      0.0313
 116,   1.588e-01,  -3.993e-01,   3.496e-04,       0.082,       0.000,       0.997,   2.293e-05,      0.0574
Strip 5
 117,   1.588e-01,  -3.881e-01,   2.322e-04,       0.019,       0.000,      -1.000,   2.913e-05,      0.1662
 118,   1.542e-01,  -3.881e-01,   3.273e-05,       0.052,       0.000,      -0.999,   8.578e-05,      0.1311
 119,   1.453e-01,  -3.881e-01,  -5.423e-04,       0.072,      -0.000,      -0.997,   1.376e-04,      0.0788
 120,   1.326e-01,  -3.881e-01,  -1.498e-03,       0.077,      -0.000,      -0.997,   1.814e-04,      0.0265
 121,   1.169e-01,  -3.881e-01,  -2.661e-03,       0.071,       0.000,      -0.998,   2.145e-04,     -0.0122
 122,   9.897e-02,  -3.881e-01,  -3.769e-03,       0.054,       0.000,      -0.999,   2.349e-04,     -0.0280
 123,   7.997e-02,  -3.881e-01,  -4.587e-03,       0.033,       0.000,      -0.999,   2.417e-04,     -0.0180
 124,   6.097e-02,  -3.881e-01,  -5.007e-03,       0.011,       0.000,      -1.000,   2.346e-04,      0.0123
 125,   4.307e-02,  -3.881e-01,  -5.009e-03,      -0.012,       0.000,      -1.000,   2.139e-04,      0.0601
 126,   2.732e-02,  -3.881e-01,  -4.585e-03,      -0.044,       0.000,      -0.999,   1.810e-04,      0.1370
 127,   1.462e-02,  -3.881e-01,  -3.703e-03,      -0.102,       0.000,      -0.995,   1.380e-04,      0.2858
 128,   5.725e-03,  -3.881e-01,  -2.343e-03,      -0.228,       0.000,      -0.974,   8.798e-05,      0.6189
 129,   1.144e-03,  -3.881e-01,  -7.216e-04,      -0.577,       0.000,      -0.817,   3.566e-05,      0.9942
 130,   1.144e-03,  -3.881e-01,   1.487e-03,      -0.767,       0.000,       0.642,   4.535e-05,     -1.5810
 131,   5.725e-03,  -3.881e-01,   4.460e-03,      -0.421,       0.000,       0.907,   9.442e-05,     -1.2238
 132,   1.462e-02,  -3.881e-01,   7.393e-03,      -0.239,       0.000,       0.971,   1.413e-04,     -0.9443
 133,   2.732e-02,  -3.881e-01,   9.671e-03,      -0.128,       0.000,       0.992,   1.823e-04,     -0.7325
 134,   4.307e-02,  -3.881e-01,   1.103e-02,      -0.050,       0.000,       0.999,   2.142e-04,     -0.5741
 135,   6.097e-02,  -3.881e-01,   1.133e-02,       0.014,       0.000,       1.000,   2.346e-04,     -0.4539
 136,   7.997e-02,  -3.881e-01,   1.049e-02,       0.073,       0.000,       0.997,   2.422e-04,     -0.3394
 137,   9.897e-02,  -3.881e-01,   8.692e-03,       0.117,       0.000,       0.993,   2.362e-04,     -0.2248
 138,   1.169e-01,  -3.881e-01,   6.363e-03,       0.143,       0.000,       0.990,   2.161e-04,     -0.1224
 139,   1.326e-01,  -3.881e-01,   4.010e-03,       0.154,      -0.000,       0.988,   1.830e-04,     -0.0317
 140,   1.453e-01,  -3.881e-01,   2.079e-03,       0.146,      -0.000,       0.989,   1.387e-04,      0.0478
 141,   1.542e-01,  -3.881e-01,   8.574e-04,       0.120,       0.000,       0.993,   8.629e-05,      0.1147
 142,   1.588e-01,  -3.881e-01,   3.496e-04,       0.082,       0.000,       0.997,   2.922e-05,      0.1455
Strip 6
 143,   1.588e-01,  -3.743e-01,   2.322e-04,       0.019,       0.000,      -1.000,   3.519e-05,      0.1997
 144,   1.542e-01,  -3.743e-01,   3.273e-05,       0.052,       0.000,      -0.999,   1.036e-04,      0.1666
 145,   1.453e-01,  -3.743e-01,  -5.423e-04,       0.072,       0.000,      -0.997,   1.662e-04,      0.1168
 146,   1.326e-01,  -3.743e-01,  -1.498e-03,       0.077,       0.000,      -0.997,   2.191e-04,      0.0647
 147,   1.169e-01,  -3.743e-01,  -2.661e-03,       0.071,       0.000,      -0.998,   2.591e-04,      0.0237
 148,   9.897e-02,  -3.743e-01,  -3.769e-03,       0.054,       0.000,      -0.999,   2.838e-04,      0.0046
 149,   7.997e-02,  -3.743e-01,  -4.587e-03,       0.033,       0.000,      -0.999,   2.920e-04,      0.0126
 150,   6.097e-02,  -3.743e-01,  -5.007e-03,       0.011,       0.000,      -1.000,   2.834e-04,      0.0437
 151,   4.307e-02,  -3.743e-01,  -5.009e-03,      -0.012,       0.000,      -1.000,   2.585e-04,      0.0961
 152,   2.732e-02,  -3.743e-01,  -4.585e-03,      -0.044,       0.000,      -0.999,   2.187e-04,      0.1815
 153,   1.462e-02,  -3.743e-01,  -3.703e-03,      -0.102,       0.000,      -0.995,   1.667e-04,      0.3416
 154,   5.725e-03,  -3.743e-01,  -2.343e-03,      -0.228,       0.000,      -0.974,   1.063e-04,      0.6818
 155,   1.144e-03,  -3.743e-01,  -7.216e-04,      -0.577,       0.000,      -0.817,   4.308e-05,      0.9757
 156,   1.144e-03,  -3.743e-01,   1.487e-03,      -0.767,       0.000,       0.642,   5.479e-05,     -1.9217
 157,   5.725e-03,  -3.743e-01,   4.460e-03,      -0.421,       0.000,       0.907,   1.141e-04,     -1.3789
 158,   1.462e-02,  -3.743e-01,   7.393e-03,      -0.239,       0.000,       0.971,   1.708e-04,     -1.0495
 159,   2.732e-02,  -3.743e-01,   9.671e-03,      -0.128,       0.000,       0.992,   2.203e-04,     -0.8167
 160,   4.307e-02,  -3.743e-01,   1.103e-02,      -0.050,       0.000,       0.999,   2.588e-04,     -0.6421
 161,   6.097e-02,  -3.743e-01,   1.133e-02,       0.014,       0.000,       1.000,   2.834e-04,     -0.5061
 162,   7.997e-02,  -3.743e-01,   1.049e-02,       0.073,       0.000,       0.997,   2.927e-04,     -0.3748
 163,   9.897e-02,  -3.743e-01,   8.692e-03,       0.117,       0.000,       0.993,   2.854e-04,     -0.2423
 164,   1.169e-01,  -3.743e-01,   6.363e-03,       0.143,       0.000,       0.990,   2.611e-04,     -0.1219
 165,   1.326e-01,  -3.743e-01,   4.010e-03,       0.154,       0.000,       0.988,   2.211e-04,     -0.0148
 166,   1.453e-01,  -3.743e-01,   2.079e-03,       0.146,       0.000,       0.989,   1.676e-04,      0.0774
 167,   1.542e-01,  -3.743e-01,   8.574e-04,       0.120,       0.000,       0.993,   1.043e-04,      0.1525
 168,   1.588e-01,  -3.743e-01,   3.496e-04,       0.082,       0.000,       0.997,   3.530e-05,      0.1870
Strip 7
 169,   1.588e-01,  -3.579e-01,   2.322e-04,       0.019,       0.000,      -1.000,   4.101e-05,      0.2179
 170,   1.542e-01,  -3.579e-01,   3.273e-05,       0.052,       0.000,      -0.999,   1.208e-04,      0.1867
 171,   1.453e-01,  -3.579e-01,  -5.423e-04,       0.072,       0.000,      -0.997,   1.938e-04,      0.1398
 172,   1.326e-01,  -3.579e-01,  -1.498e-03,       0.077,       0.000,      -0.997,   2.554e-04,      0.0895
 173,   1.169e-01,  -3.579e-01,  -2.661e-03,       0.071,       0.000,      -0.998,   3.020e-04,      0.0492
 174,   9.897e-02,  -3.579e-01,  -3.769e-03,       0.054,       0.000,      -0.999,   3.308e-04,      0.0301
 175,   7.997e-02,  -3.579e-01,  -4.587e-03,       0.033,      -0.000,      -0.999,   3.404e-04,      0.0384
 176,   6.097e-02,  -3.579e-01,  -5.007e-03,       0.011,       0.000,      -1.000,   3.303e-04,      0.0716
 177,   4.307e-02,  -3.579e-01,  -5.009e-03,      -0.012,       0.000,      -1.000,   3.013e-04,      0.1283
 178,   2.732e-02,  -3.579e-01,  -4.585e-03,      -0.044,       0.000,      -0.999,   2.549e-04,      0.2204
 179,   1.462e-02,  -3.579e-01,  -3.703e-03,      -0.102,       0.000,      -0.995,   1.943e-04,      0.3886
 180,   5.725e-03,  -3.579e-01,  -2.343e-03,      -0.228,       0.000,      -0.974,   1.239e-04,      0.7326
 181,   1.144e-03,  -3.579e-01,  -7.216e-04,      -0.577,       0.000,      -0.817,   5.021e-05,      0.9395
 182,   1.144e-03,  -3.579e-01,   1.487e-03,      -0.767,       0.000,       0.642,   6.386e-05,     -2.2575
 183,   5.725e-03,  -3.579e-01,   4.460e-03,      -0.421,       0.000,       0.907,   1.330e-04,     -1.5270
 184,   1.462e-02,  -3.579e-01,   7.393e-03,      -0.239,       0.000,       0.971,   1.990e-04,     -1.1457
 185,   2.732e-02,  -3.579e-01,   9.671e-03,      -0.128,       0.000,       0.992,   2.567e-04,     -0.8925
 186,   4.307e-02,  -3.579e-01,   1.103e-02,      -0.050,       0.000,       0.999,   3.016e-04,     -0.7047
 187,   6.097e-02,  -3.579e-01,   1.133e-02,       0.014,       0.000,       1.000,   3.303e-04,     -0.5566
 188,   7.997e-02,  -3.579e-01,   1.049e-02,       0.073,       0.000,       0.997,   3.411e-04,     -0.4121
 189,   9.897e-02,  -3.579e-01,   8.692e-03,       0.117,      -0.000,       0.993,   3.326e-04,     -0.2655
 190,   1.169e-01,  -3.579e-01,   6.363e-03,       0.143,      -0.000,       0.990,   3.043e-04,     -0.1315
 191,   1.326e-01,  -3.579e-01,   4.010e-03,       0.154,       0.000,       0.988,   2.577e-04,     -0.0123
 192,   1.453e-01,  -3.579e-01,   2.079e-03,       0.146,       0.000,       0.989,   1.954e-04,      0.0893
 193,   1.542e-01,  -3.579e-01,   8.574e-04,       0.120,       0.000,       0.993,   1.215e-04,      0.1706
 194,   1.588e-01,  -3.579e-01,   3.496e-04,       0.082,       0.000,       0.997,   4.114e-05,      0.2082
Strip 8
 195,   1.588e-01,  -3.391e-01,   2.322e-04,       0.019,       0.000,      -1.000,   4.656e-05,      0.2285
 196,   1.542e-01,  -3.391e-01,   3.273e-05,       0.052,       0.000,      -0.999,   1.371e-04,      0.1991
 197,   1.453e-01,  -3.391e-01,  -5.423e-04,       0.072,       0.000,      -0.997,   2.200e-04,      0.1547
 198,   1.326e-01,  -3.391e-01,  -1.498e-03,       0.077,       0.000,      -0.997,   2.899e-04,      0.1068
 199,   1.169e-01,  -3.391e-01,  -2.661e-03,       0.071,       0.000,      -0.998,   3.428e-04,      0.0685
 200,   9.897e-02,  -3.391e-01,  -3.769e-03,       0.054,       0.000,      -0.999,   3.755e-04,      0.0508
 201,   7.997e-02,  -3.391e-01,  -4.587e-03,       0.033,       0.000,      -0.999,   3.864e-04,      0.0608
 202,   6.097e-02,  -3.391e-01,  -5.007e-03,       0.011,      -0.000,      -1.000,   3.750e-04,      0.0965
 203,   4.307e-02,  -3.391e-01,  -5.009e-03,      -0.012,      -0.000,      -1.000,   3.420e-04,      0.1570
 204,   2.732e-02,  -3.391e-01,  -4.585e-03,      -0.044,       0.000,      -0.999,   2.893e-04,      0.2541
 205,   1.462e-02,  -3.391e-01,  -3.703e-03,      -0.102,       0.000,      -0.995,   2.205e-04,      0.4286
 206,   5.725e-03,  -3.391e-01,  -2.343e-03,      -0.228,       0.000,      -0.974,   1.406e-04,      0.7741
 207,   1.144e-03,  -3.391e-01,  -7.216e-04,      -0.577,       0.000,      -0.817,   5.700e-05,      0.8908
 208,   1.144e-03,  -3.391e-01,   1.487e-03,      -0.767,       0.000,       0.642,   7.249e-05,     -2.5818
 209,   5.725e-03,  -3.391e-01,   4.460e-03,      -0.421,       0.000,       0.907,   1.509e-04,     -1.6660
 210,   1.462e-02,  -3.391e-01,   7.393e-03,      -0.239,       0.000,       0.971,   2.259e-04,     -1.2331
 211,   2.732e-02,  -3.391e-01,   9.671e-03,      -0.128,      -0.000,       0.992,   2.914e-04,     -0.9598
 212,   4.307e-02,  -3.391e-01,   1.103e-02,      -0.050,      -0.000,       0.999,   3.424e-04,     -0.7603
 213,   6.097e-02,  -3.391e-01,   1.133e-02,       0.014,      -0.000,       1.000,   3.750e-04,     -0.6023
 214,   7.997e-02,  -3.391e-01,   1.049e-02,       0.073,      -0.000,       0.997,   3.872e-04,     -0.4473
 215,   9.897e-02,  -3.391e-01,   8.692e-03,       0.117,       0.000,       0.993,   3.775e-04,     -0.2895
 216,   1.169e-01,  -3.391e-01,   6.363e-03,       0.143,       0.000,       0.990,   3.455e-04,     -0.1446
 217,   1.326e-01,  -3.391e-01,   4.010e-03,       0.154,       0.000,       0.988,   2.925e-04,     -0.0160
 218,   1.453e-01,  -3.391e-01,   2.079e-03,       0.146,       0.000,       0.989,   2.218e-04,      0.0927
 219,   1.542e-01,  -3.391e-01,   8.574e-04,       0.120,       0.000,       0.993,   1.379e-04,      0.1791
 220,   1.588e-01,  -3.391e-01,   3.496e-04,       0.082,       0.000,       0.997,   4.670e-05,      0.2194
Strip 9
 221,   1.588e-01,  -3.179e-01,   2.322e-04,       0.019,      -0.000,      -1.000,   5.178e-05,      0.2349
 222,   1.542e-01,  -3.179e-01,   3.273e-05,       0.052,       0.000,      -0.999,   1.525e-04,      0.2070
 223,   1.453e-01,  -3.179e-01,  -5.423e-04,       0.072,       0.000,      -0.997,   2.446e-04,      0.1651
 224,   1.326e-01,  -3.179e-01,  -1.498e-03,       0.077,       0.000,      -0.997,   3.225e-04,      0.1196
 225,   1.169e-01,  -3.179e-01,  -2.661e-03,       0.071,       0.000,      -0.998,   3.813e-04,      0.0835
 226,   9.897e-02,  -3.179e-01,  -3.769e-03,       0.054,       0.000,      -0.999,   4.177e-04,      0.0681
 227,   7.997e-02,  -3.179e-01,  -4.587e-03,       0.033,       0.000,      -0.999,   4.298e-04,      0.0803
 228,   6.097e-02,  -3.179e-01,  -5.007e-03,       0.011,       0.000,      -1.000,   4.171e-04,      0.1184
 229,   4.307e-02,  -3.179e-01,  -5.009e-03,      -0.012,       0.000,      -1.000,   3.804e-04,      0.1821
 230,   2.732e-02,  -3.179e-01,  -4.585e-03,      -0.044,       0.000,      -0.999,   3.218e-04,      0.2832
 231,   1.462e-02,  -3.179e-01,  -3.703e-03,      -0.102,       0.000,      -0.995,   2.453e-04,      0.4627
 232,   5.725e-03,  -3.179e-01,  -2.343e-03,      -0.228,       0.000,      -0.974,   1.564e-04,      0.8082
 233,   1.144e-03,  -3.179e-01,  -7.216e-04,      -0.577,       0.000,      -0.817,   6.340e-05,      0.8341
 234,   1.144e-03,  -3.179e-01,   1.487e-03,      -0.767,       0.000,       0.642,   8.063e-05,     -2.8886
 235,   5.725e-03,  -3.179e-01,   4.460e-03,      -0.421,       0.000,       0.907,   1.679e-04,     -1.7942
 236,   1.462e-02,  -3.179e-01,   7.393e-03,      -0.239,       0.000,       0.971,   2.513e-04,     -1.3117
 237,   2.732e-02,  -3.179e-01,   9.671e-03,      -0.128,       0.000,       0.992,   3.242e-04,     -1.0190
 238,   4.307e-02,  -3.179e-01,   1.103e-02,      -0.050,       0.000,       0.999,   3.808e-04,     -0.8087
 239,   6.097e-02,  -3.179e-01,   1.133e-02,       0.014,       0.000,       1.000,   4.171e-04,     -0.6423
 240,   7.997e-02,  -3.179e-01,   1.049e-02,       0.073,       0.000,       0.997,   4.307e-04,     -0.4787
 241,   9.897e-02,  -3.179e-01,   8.692e-03,       0.117,       0.000,       0.993,   4.199e-04,     -0.3118
 242,   1.169e-01,  -3.179e-01,   6.363e-03,       0.143,       0.000,       0.990,   3.843e-04,     -0.1583
 243,   1.326e-01,  -3.179e-01,   4.010e-03,       0.154,      -0.000,       0.988,   3.254e-04,     -0.0223
 244,   1.453e-01,  -3.179e-01,   2.079e-03,       0.146,       0.000,       0.989,   2.466e-04,      0.0921
 245,   1.542e-01,  -3.179e-01,   8.574e-04,       0.120,       0.000,       0.993,   1.534e-04,      0.1827
 246,   1.588e-01,  -3.179e-01,   3.496e-04,       0.082,      -0.000,       0.997,   5.195e-05,      0.2250
Strip 10
 247,   1.588e-01,  -2.946e-01,   2.322e-04,       0.019,       0.000,      -1.000,   5.666e-05,      0.2389
 248,   1.542e-01,  -2.946e-01,   3.273e-05,       0.052,       0.000,      -0.999,   1.669e-04,      0.2123
 249,   1.453e-01,  -2.946e-01,  -5.423e-04,       0.072,       0.000,      -0.997,   2.677e-04,      0.1726
 250,   1.326e-01,  -2.946e-01,  -1.498e-03,       0.077,       0.000,      -0.997,   3.528e-04,      0.1294
 251,   1.169e-01,  -2.946e-01,  -2.661e-03,       0.071,       0.000,      -0.998,   4.172e-04,      0.0957
 252,   9.897e-02,  -2.946e-01,  -3.769e-03,       0.054,       0.000,      -0.999,   4.569e-04,      0.0826
 253,   7.997e-02,  -2.946e-01,  -4.587e-03,       0.033,       0.000,      -0.999,   4.702e-04,      0.0970
 254,   6.097e-02,  -2.946e-01,  -5.007e-03,       0.011,       0.000,      -1.000,   4.563e-04,      0.1374
 255,   4.307e-02,  -2.946e-01,  -5.009e-03,      -0.012,       0.000,      -1.000,   4.161e-04,      0.2038
 256,   2.732e-02,  -2.946e-01,  -4.585e-03,      -0.044,       0.000,      -0.999,   3.521e-04,      0.3082
 257,   1.462e-02,  -2.946e-01,  -3.703e-03,      -0.102,       0.000,      -0.995,   2.684e-04,      0.4918
 258,   5.725e-03,  -2.946e-01,  -2.343e-03,      -0.228,       0.000,      -0.974,   1.711e-04,      0.8360
 259,   1.144e-03,  -2.946e-01,  -7.216e-04,      -0.577,       0.000,      -0.817,   6.937e-05,      0.7734
 260,   1.144e-03,  -2.946e-01,   1.487e-03,      -0.767,       0.000,       0.642,   8.822e-05,     -3.1734
 261,   5.725e-03,  -2.946e-01,   4.460e-03,      -0.421,       0.000,       0.907,   1.837e-04,     -1.9106
 262,   1.462e-02,  -2.946e-01,   7.393e-03,      -0.239,       0.000,       0.971,   2.749e-04,     -1.3815
 263,   2.732e-02,  -2.946e-01,   9.671e-03,      -0.128,       0.000,       0.992,   3.547e-04,     -1.0706
 264,   4.307e-02,  -2.946e-01,   1.103e-02,      -0.050,       0.000,       0.999,   4.166e-04,     -0.8503
 265,   6.097e-02,  -2.946e-01,   1.133e-02,       0.014,      -0.000,       1.000,   4.563e-04,     -0.6765
 266,   7.997e-02,  -2.946e-01,   1.049e-02,       0.073,      -0.000,       0.997,   4.712e-04,     -0.5058
 267,   9.897e-02,  -2.946e-01,   8.692e-03,       0.117,      -0.000,       0.993,   4.594e-04,     -0.3316
 268,   1.169e-01,  -2.946e-01,   6.363e-03,       0.143,      -0.000,       0.990,   4.204e-04,     -0.1712
 269,   1.326e-01,  -2.946e-01,   4.010e-03,       0.154,       0.000,       0.988,   3.560e-04,     -0.0292
 270,   1.453e-01,  -2.946e-01,   2.079e-03,       0.146,       0.000,       0.989,   2.699e-04,      0.0898
 271,   1.542e-01,  -2.946e-01,   8.574e-04,       0.120,       0.000,       0.993,   1.679e-04,      0.1837
 272,   1.588e-01,  -2.946e-01,   3.496e-04,       0.082,       0.000,       0.997,   5.683e-05,      0.2279
Strip 11
 273,   1.588e-01,  -2.693e-01,   2.322e-04,       0.019,       0.000,      -1.000,   6.114e-05,      0.2415
 274,   1.542e-01,  -2.693e-01,   3.273e-05,       0.052,       0.000,      -0.999,   1.801e-04,      0.2161
 275,   1.453e-01,  -2.693e-01,  -5.423e-04,       0.072,       0.000,      -0.997,   2.888e-04,      0.1782
 276,   1.326e-01,  -2.693e-01,  -1.498e-03,       0.077,       0.000,      -0.997,   3.807e-04,      0.1370
 277,   1.169e-01,  -2.693e-01,  -2.661e-03,       0.071,       0.000,      -0.998,   4.502e-04,      0.1055
 278,   9.897e-02,  -2.693e-01,  -3.769e-03,       0.054,       0.000,      -0.999,   4.931e-04,      0.0946
 279,   7.997e-02,  -2.693e-01,  -4.587e-03,       0.033,       0.000,      -0.999,   5.074e-04,      0.1111
 280,   6.097e-02,  -2.693e-01,  -5.007e-03,       0.011,       0.000,      -1.000,   4.924e-04,      0.1536
 281,   4.307e-02,  -2.693e-01,  -5.009e-03,      -0.012,       0.000,      -1.000,   4.491e-04,      0.2222
 282,   2.732e-02,  -2.693e-01,  -4.585e-03,      -0.044,       0.000,      -0.999,   3.800e-04,      0.3295
 283,   1.462e-02,  -2.693e-01,  -3.703e-03,      -0.102,       0.000,      -0.995,   2.896e-04,      0.5164
 284,   5.725e-03,  -2.693e-01,  -2.343e-03,      -0.228,       0.000,      -0.974,   1.847e-04,      0.8586
 285,   1.144e-03,  -2.693e-01,  -7.216e-04,      -0.577,       0.000,      -0.817,   7.486e-05,      0.7120
 286,   1.144e-03,  -2.693e-01,   1.487e-03,      -0.767,       0.000,       0.642,   9.520e-05,     -3.4325
 287,   5.725e-03,  -2.693e-01,   4.460e-03,      -0.421,       0.000,       0.907,   1.982e-04,     -2.0146
 288,   1.462e-02,  -2.693e-01,   7.393e-03,      -0.239,       0.000,       0.971,   2.967e-04,     -1.4428
 289,   2.732e-02,  -2.693e-01,   9.671e-03,      -0.128,       0.000,       0.992,   3.827e-04,     -1.1150
 290,   4.307e-02,  -2.693e-01,   1.103e-02,      -0.050,       0.000,       0.999,   4.496e-04,     -0.8857
 291,   6.097e-02,  -2.693e-01,   1.133e-02,       0.014,       0.000,       1.000,   4.925e-04,     -0.7055
 292,   7.997e-02,  -2.693e-01,   1.049e-02,       0.073,       0.000,       0.997,   5.085e-04,     -0.5288
 293,   9.897e-02,  -2.693e-01,   8.692e-03,       0.117,       0.000,       0.993,   4.958e-04,     -0.3486
 294,   1.169e-01,  -2.693e-01,   6.363e-03,       0.143,       0.000,       0.990,   4.537e-04,     -0.1826
 295,   1.326e-01,  -2.693e-01,   4.010e-03,       0.154,       0.000,       0.988,   3.842e-04,     -0.0360
 296,   1.453e-01,  -2.693e-01,   2.079e-03,       0.146,       0.000,       0.989,   2.912e-04,      0.0867
 297,   1.542e-01,  -2.693e-01,   8.574e-04,       0.120,       0.000,       0.993,   1.811e-04,      0.1835
 298,   1.588e-01,  -2.693e-01,   3.496e-04,       0.082,      -0.000,       0.997,   6.133e-05,      0.2291
Strip 12
 299,   1.588e-01,  -2.421e-01,   2.322e-04,       0.019,       0.000,      -1.000,   6.521e-05,      0.2432
 300,   1.542e-01,  -2.421e-01,   3.273e-05,       0.052,       0.000,      -0.999,   1.921e-04,      0.2188
 301,   1.453e-01,  -2.421e-01,  -5.423e-04,       0.072,       0.000,      -0.997,   3.081e-04,      0.1825
 302,   1.326e-01,  -2.421e-01,  -1.498e-03,       0.077,       0.000,      -0.997,   4.061e-04,      0.1430
 303,   1.169e-01,  -2.421e-01,  -2.661e-03,       0.071,      -0.000,      -0.998,   4.801e-04,      0.1134
 304,   9.897e-02,  -2.421e-01,  -3.769e-03,       0.054,      -0.000,      -0.999,   5.259e-04,      0.1045
 305,   7.997e-02,  -2.421e-01,  -4.587e-03,       0.033,       0.000,      -0.999,   5.412e-04,      0.1229
 306,   6.097e-02,  -2.421e-01,  -5.007e-03,       0.011,       0.000,      -1.000,   5.252e-04,      0.1672
 307,   4.307e-02,  -2.421e-01,  -5.009e-03,      -0.012,       0.000,      -1.000,   4.790e-04,      0.2378
 308,   2.732e-02,  -2.421e-01,  -4.585e-03,      -0.044,       0.000,      -0.999,   4.053e-04,      0.3474
 309,   1.462e-02,  -2.421e-01,  -3.703e-03,      -0.102,       0.000,      -0.995,   3.089e-04,      0.5371
 310,   5.725e-03,  -2.421e-01,  -2.343e-03,      -0.228,       0.000,      -0.974,   1.970e-04,      0.8767
 311,   1.144e-03,  -2.421e-01,  -7.216e-04,      -0.577,       0.000,      -0.817,   7.984e-05,      0.6527
 312,   1.144e-03,  -2.421e-01,   1.487e-03,      -0.767,       0.000,       0.642,   1.015e-04,     -3.6637
 313,   5.725e-03,  -2.421e-01,   4.460e-03,      -0.421,       0.000,       0.907,   2.114e-04,     -2.1058
 314,   1.462e-02,  -2.421e-01,   7.393e-03,      -0.239,       0.000,       0.971,   3.164e-04,     -1.4957
 315,   2.732e-02,  -2.421e-01,   9.671e-03,      -0.128,       0.000,       0.992,   4.082e-04,     -1.1529
 316,   4.307e-02,  -2.421e-01,   1.103e-02,      -0.050,       0.000,       0.999,   4.795e-04,     -0.9154
 317,   6.097e-02,  -2.421e-01,   1.133e-02,       0.014,       0.000,       1.000,   5.252e-04,     -0.7296
 318,   7.997e-02,  -2.421e-01,   1.049e-02,       0.073,       0.000,       0.997,   5.423e-04,     -0.5479
 319,   9.897e-02,  -2.421e-01,   8.692e-03,       0.117,       0.000,       0.993,   5.288e-04,     -0.3628
 320,   1.169e-01,  -2.421e-01,   6.363e-03,       0.143,       0.000,       0.990,   4.839e-04,     -0.1924
 321,   1.326e-01,  -2.421e-01,   4.010e-03,       0.154,       0.000,       0.988,   4.097e-04,     -0.0420
 322,   1.453e-01,  -2.421e-01,   2.079e-03,       0.146,       0.000,       0.989,   3.106e-04,      0.0837
 323,   1.542e-01,  -2.421e-01,   8.574e-04,       0.120,       0.000,       0.993,   1.932e-04,      0.1827
 324,   1.588e-01,  -2.421e-01,   3.496e-04,       0.082,       0.000,       0.997,   6.541e-05,      0.2296
Strip 13
 325,   1.588e-01,  -2.133e-01,   2.322e-04,       0.019,       0.000,      -1.000,   6.883e-05,      0.2444
 326,   1.542e-01,  -2.133e-01,   3.273e-05,       0.052,       0.000,      -0.999,   2.027e-04,      0.2208
 327,   1.453e-01,  -2.133e-01,  -5.423e-04,       0.072,       0.000,      -0.997,   3.252e-04,      0.1859
 328,   1.326e-01,  -2.133e-01,  -1.498e-03,       0.077,       0.000,      -0.997,   4.286e-04,      0.1478
 329,   1.169e-01,  -2.133e-01,  -2.661e-03,       0.071,       0.000,      -0.998,   5.068e-04,      0.1199
 330,   9.897e-02,  -2.133e-01,  -3.769e-03,       0.054,       0.000,      -0.999,   5.551e-04,      0.1126
 331,   7.997e-02,  -2.133e-01,  -4.587e-03,       0.033,       0.000,      -0.999,   5.712e-04,      0.1326
 332,   6.097e-02,  -2.133e-01,  -5.007e-03,       0.011,       0.000,      -1.000,   5.544e-04,      0.1785
 333,   4.307e-02,  -2.133e-01,  -5.009e-03,      -0.012,       0.000,      -1.000,   5.056e-04,      0.2507
 334,   2.732e-02,  -2.133e-01,  -4.585e-03,      -0.044,       0.000,      -0.999,   4.278e-04,      0.3623
 335,   1.462e-02,  -2.133e-01,  -3.703e-03,      -0.102,       0.000,      -0.995,   3.260e-04,      0.5542
 336,   5.725e-03,  -2.133e-01,  -2.343e-03,      -0.228,       0.000,      -0.974,   2.079e-04,      0.8912
 337,   1.144e-03,  -2.133e-01,  -7.216e-04,      -0.577,       0.000,      -0.817,   8.427e-05,      0.5978
 338,   1.144e-03,  -2.133e-01,   1.487e-03,      -0.767,       0.000,       0.642,   1.072e-04,     -3.8654
 339,   5.725e-03,  -2.133e-01,   4.460e-03,      -0.421,       0.000,       0.907,   2.231e-04,     -2.1843
 340,   1.462e-02,  -2.133e-01,   7.393e-03,      -0.239,       0.000,       0.971,   3.340e-04,     -1.5408
 341,   2.732e-02,  -2.133e-01,   9.671e-03,      -0.128,       0.000,       0.992,   4.309e-04,     -1.1847
 342,   4.307e-02,  -2.133e-01,   1.103e-02,      -0.050,       0.000,       0.999,   5.062e-04,     -0.9401
 343,   6.097e-02,  -2.133e-01,   1.133e-02,       0.014,       0.000,       1.000,   5.544e-04,     -0.7495
 344,   7.997e-02,  -2.133e-01,   1.049e-02,       0.073,       0.000,       0.997,   5.724e-04,     -0.5636
 345,   9.897e-02,  -2.133e-01,   8.692e-03,       0.117,      -0.000,       0.993,   5.581e-04,     -0.3745
 346,   1.169e-01,  -2.133e-01,   6.363e-03,       0.143,      -0.000,       0.990,   5.108e-04,     -0.2005
 347,   1.326e-01,  -2.133e-01,   4.010e-03,       0.154,       0.000,       0.988,   4.325e-04,     -0.0471
 348,   1.453e-01,  -2.133e-01,   2.079e-03,       0.146,       0.000,       0.989,   3.278e-04,      0.0809
 349,   1.542e-01,  -2.133e-01,   8.574e-04,       0.120,       0.000,       0.993,   2.039e-04,      0.1818
 350,   1.588e-01,  -2.133e-01,   3.496e-04,       0.082,       0.000,       0.997,   6.905e-05,      0.2296
Strip 14
 351,   1.588e-01,  -1.830e-01,   2.322e-04,       0.019,       0.000,      -1.000,   7.198e-05,      0.2453
 352,   1.542e-01,  -1.830e-01,   3.273e-05,       0.052,       0.000,      -0.999,   2.120e-04,      0.2223
 353,   1.453e-01,  -1.830e-01,  -5.423e-04,       0.072,       0.000,      -0.997,   3.401e-04,      0.1885
 354,   1.326e-01,  -1.830e-01,  -1.498e-03,       0.077,       0.000,      -0.997,   4.482e-04,      0.1516
 355,   1.169e-01,  -1.830e-01,  -2.661e-03,       0.071,       0.000,      -0.998,   5.300e-04,      0.1250
 356,   9.897e-02,  -1.830e-01,  -3.769e-03,       0.054,       0.000,      -0.999,   5.806e-04,      0.1192
 357,   7.997e-02,  -1.830e-01,  -4.587e-03,       0.033,       0.000,      -0.999,   5.974e-04,      0.1405
 358,   6.097e-02,  -1.830e-01,  -5.007e-03,       0.011,       0.000,      -1.000,   5.798e-04,      0.1876
 359,   4.307e-02,  -1.830e-01,  -5.009e-03,      -0.012,       0.000,      -1.000,   5.287e-04,      0.2612
 360,   2.732e-02,  -1.830e-01,  -4.585e-03,      -0.044,       0.000,      -0.999,   4.474e-04,      0.3744
 361,   1.462e-02,  -1.830e-01,  -3.703e-03,      -0.102,       0.000,      -0.995,   3.409e-04,      0.5682
 362,   5.725e-03,  -1.830e-01,  -2.343e-03,      -0.228,       0.000,      -0.974,   2.174e-04,      0.9025
 363,   1.144e-03,  -1.830e-01,  -7.216e-04,      -0.577,       0.000,      -0.817,   8.813e-05,      0.5488
 364,   1.144e-03,  -1.830e-01,   1.487e-03,      -0.767,       0.000,       0.642,   1.121e-04,     -4.0372
 365,   5.725e-03,  -1.830e-01,   4.460e-03,      -0.421,       0.000,       0.907,   2.334e-04,     -2.2505
 366,   1.462e-02,  -1.830e-01,   7.393e-03,      -0.239,       0.000,       0.971,   3.493e-04,     -1.5784
 367,   2.732e-02,  -1.830e-01,   9.671e-03,      -0.128,       0.000,       0.992,   4.506e-04,     -1.2110
 368,   4.307e-02,  -1.830e-01,   1.103e-02,      -0.050,       0.000,       0.999,   5.293e-04,     -0.9603
 369,   6.097e-02,  -1.830e-01,   1.133e-02,       0.014,       0.000,       1.000,   5.798e-04,     -0.7657
 370,   7.997e-02,  -1.830e-01,   1.049e-02,       0.073,       0.000,       0.997,   5.987e-04,     -0.5763
 371,   9.897e-02,  -1.830e-01,   8.692e-03,       0.117,       0.000,       0.993,   5.837e-04,     -0.3840
 372,   1.169e-01,  -1.830e-01,   6.363e-03,       0.143,       0.000,       0.990,   5.341e-04,     -0.2072
 373,   1.326e-01,  -1.830e-01,   4.010e-03,       0.154,       0.000,       0.988,   4.523e-04,     -0.0514
 374,   1.453e-01,  -1.830e-01,   2.079e-03,       0.146,       0.000,       0.989,   3.429e-04,      0.0785
 375,   1.542e-01,  -1.830e-01,   8.574e-04,       0.120,       0.000,       0.993,   2.133e-04,      0.1808
 376,   1.588e-01,  -1.830e-01,   3.496e-04,       0.082,       0.000,       0.997,   7.221e-05,      0.2295
Strip 15
 377,   1.588e-01,  -1.515e-01,   2.322e-04,       0.019,       0.000,      -1.000,   7.464e-05,      0.2459
 378,   1.542e-01,  -1.515e-01,   3.273e-05,       0.052,       0.000,      -0.999,   2.198e-04,      0.2234
 379,   1.453e-01,  -1.515e-01,  -5.423e-04,       0.072,       0.000,      -0.997,   3.526e-04,      0.1905
 380,   1.326e-01,  -1.515e-01,  -1.498e-03,       0.077,       0.000,      -0.997,   4.648e-04,      0.1546
 381,   1.169e-01,  -1.515e-01,  -2.661e-03,       0.071,       0.000,      -0.998,   5.496e-04,      0.1291
 382,   9.897e-02,  -1.515e-01,  -3.769e-03,       0.054,       0.000,      -0.999,   6.020e-04,      0.1243
 383,   7.997e-02,  -1.515e-01,  -4.587e-03,       0.033,       0.000,      -0.999,   6.195e-04,      0.1467
 384,   6.097e-02,  -1.515e-01,  -5.007e-03,       0.011,       0.000,      -1.000,   6.012e-04,      0.1949
 385,   4.307e-02,  -1.515e-01,  -5.009e-03,      -0.012,       0.000,      -1.000,   5.483e-04,      0.2696
 386,   2.732e-02,  -1.515e-01,  -4.585e-03,      -0.044,       0.000,      -0.999,   4.639e-04,      0.3841
 387,   1.462e-02,  -1.515e-01,  -3.703e-03,      -0.102,       0.000,      -0.995,   3.535e-04,      0.5794
 388,   5.725e-03,  -1.515e-01,  -2.343e-03,      -0.228,       0.000,      -0.974,   2.255e-04,      0.9113
 389,   1.144e-03,  -1.515e-01,  -7.216e-04,      -0.577,       0.000,      -0.817,   9.139e-05,      0.5069
 390,   1.144e-03,  -1.515e-01,   1.487e-03,      -0.767,       0.000,       0.642,   1.162e-04,     -4.1793
 391,   5.725e-03,  -1.515e-01,   4.460e-03,      -0.421,       0.000,       0.907,   2.420e-04,     -2.3047
 392,   1.462e-02,  -1.515e-01,   7.393e-03,      -0.239,       0.000,       0.971,   3.622e-04,     -1.6089
 393,   2.732e-02,  -1.515e-01,   9.671e-03,      -0.128,       0.000,       0.992,   4.672e-04,     -1.2321
 394,   4.307e-02,  -1.515e-01,   1.103e-02,      -0.050,       0.000,       0.999,   5.489e-04,     -0.9765
 395,   6.097e-02,  -1.515e-01,   1.133e-02,       0.014,       0.000,       1.000,   6.012e-04,     -0.7785
 396,   7.997e-02,  -1.515e-01,   1.049e-02,       0.073,       0.000,       0.997,   6.208e-04,     -0.5863
 397,   9.897e-02,  -1.515e-01,   8.692e-03,       0.117,       0.000,       0.993,   6.053e-04,     -0.3915
 398,   1.169e-01,  -1.515e-01,   6.363e-03,       0.143,       0.000,       0.990,   5.539e-04,     -0.2125
 399,   1.326e-01,  -1.515e-01,   4.010e-03,       0.154,       0.000,       0.988,   4.690e-04,     -0.0548
 400,   1.453e-01,  -1.515e-01,   2.079e-03,       0.146,       0.000,       0.989,   3.555e-04,      0.0765
 401,   1.542e-01,  -1.515e-01,   8.574e-04,       0.120,       0.000,       0.993,   2.211e-04,      0.1800
 402,   1.588e-01,  -1.515e-01,   3.496e-04,       0.082,       0.000,       0.997,   7.488e-05,      0.2293
Strip 16
 403,   1.588e-01,  -1.189e-01,   2.322e-04,       0.019,       0.000,      -1.000,   7.679e-05,      0.2462
 404,   1.542e-01,  -1.189e-01,   3.273e-05,       0.052,       0.000,      -0.999,   2.262e-04,      0.2242
 405,   1.453e-01,  -1.189e-01,  -5.423e-04,       0.072,      -0.000,      -0.997,   3.628e-04,      0.1920
 406,   1.326e-01,  -1.189e-01,  -1.498e-03,       0.077,       0.000,      -0.997,   4.782e-04,      0.1568
 407,   1.169e-01,  -1.189e-01,  -2.661e-03,       0.071,      -0.000,      -0.998,   5.654e-04,      0.1321
 408,   9.897e-02,  -1.189e-01,  -3.769e-03,       0.054,      -0.000,      -0.999,   6.194e-04,      0.1283
 409,   7.997e-02,  -1.189e-01,  -4.587e-03,       0.033,       0.000,      -0.999,   6.373e-04,      0.1515
 410,   6.097e-02,  -1.189e-01,  -5.007e-03,       0.011,       0.000,      -1.000,   6.185e-04,      0.2005
 411,   4.307e-02,  -1.189e-01,  -5.009e-03,      -0.012,       0.000,      -1.000,   5.640e-04,      0.2760
 412,   2.732e-02,  -1.189e-01,  -4.585e-03,      -0.044,       0.000,      -0.999,   4.772e-04,      0.3916
 413,   1.462e-02,  -1.189e-01,  -3.703e-03,      -0.102,       0.000,      -0.995,   3.637e-04,      0.5880
 414,   5.725e-03,  -1.189e-01,  -2.343e-03,      -0.228,       0.000,      -0.974,   2.320e-04,      0.9179
 415,   1.144e-03,  -1.189e-01,  -7.216e-04,      -0.577,       0.000,      -0.817,   9.402e-05,      0.4727
 416,   1.144e-03,  -1.189e-01,   1.487e-03,      -0.767,       0.000,       0.642,   1.196e-04,     -4.2919
 417,   5.725e-03,  -1.189e-01,   4.460e-03,      -0.421,       0.000,       0.907,   2.490e-04,     -2.3474
 418,   1.462e-02,  -1.189e-01,   7.393e-03,      -0.239,       0.000,       0.971,   3.727e-04,     -1.6327
 419,   2.732e-02,  -1.189e-01,   9.671e-03,      -0.128,       0.000,       0.992,   4.807e-04,     -1.2486
 420,   4.307e-02,  -1.189e-01,   1.103e-02,      -0.050,       0.000,       0.999,   5.647e-04,     -0.9890
 421,   6.097e-02,  -1.189e-01,   1.133e-02,       0.014,       0.000,       1.000,   6.185e-04,     -0.7884
 422,   7.997e-02,  -1.189e-01,   1.049e-02,       0.073,       0.000,       0.997,   6.387e-04,     -0.5940
 423,   9.897e-02,  -1.189e-01,   8.692e-03,       0.117,      -0.000,       0.993,   6.227e-04,     -0.3973
 424,   1.169e-01,  -1.189e-01,   6.363e-03,       0.143,      -0.000,       0.990,   5.698e-04,     -0.2165
 425,   1.326e-01,  -1.189e-01,   4.010e-03,       0.154,       0.000,       0.988,   4.825e-04,     -0.0575
 426,   1.453e-01,  -1.189e-01,   2.079e-03,       0.146,       0.000,       0.989,   3.658e-04,      0.0750
 427,   1.542e-01,  -1.189e-01,   8.574e-04,       0.120,      -0.000,       0.993,   2.275e-04,      0.1793
 428,   1.588e-01,  -1.189e-01,   3.496e-04,       0.082,      -0.000,       0.997,   7.703e-05,      0.2291
Strip 17
 429,   1.588e-01,  -8.550e-02,   2.322e-04,       0.019,       0.000,      -1.000,   7.842e-05,      0.2465
 430,   1.542e-01,  -8.550e-02,   3.273e-05,       0.052,       0.000,      -0.999,   2.310e-04,      0.2248
 431,   1.453e-01,  -8.550e-02,  -5.423e-04,       0.072,       0.000,      -0.997,   3.705e-04,      0.1930
 432,   1.326e-01,  -8.550e-02,  -1.498e-03,       0.077,       0.000,      -0.997,   4.883e-04,      0.1585
 433,   1.169e-01,  -8.550e-02,  -2.661e-03,       0.071,       0.000,      -0.998,   5.774e-04,      0.1344
 434,   9.897e-02,  -8.550e-02,  -3.769e-03,       0.054,       0.000,      -0.999,   6.325e-04,      0.1311
 435,   7.997e-02,  -8.550e-02,  -4.587e-03,       0.033,       0.000,      -0.999,   6.508e-04,      0.1550
 436,   6.097e-02,  -8.550e-02,  -5.007e-03,       0.011,       0.000,      -1.000,   6.316e-04,      0.2046
 437,   4.307e-02,  -8.550e-02,  -5.009e-03,      -0.012,       0.000,      -1.000,   5.760e-04,      0.2808
 438,   2.732e-02,  -8.550e-02,  -4.585e-03,      -0.044,       0.000,      -0.999,   4.874e-04,      0.3971
 439,   1.462e-02,  -8.550e-02,  -3.703e-03,      -0.102,       0.000,      -0.995,   3.714e-04,      0.5943
 440,   5.725e-03,  -8.550e-02,  -2.343e-03,      -0.228,       0.000,      -0.974,   2.369e-04,      0.9226
 441,   1.144e-03,  -8.550e-02,  -7.216e-04,      -0.577,       0.000,      -0.817,   9.601e-05,      0.4468
 442,   1.144e-03,  -8.550e-02,   1.487e-03,      -0.767,       0.000,       0.642,   1.221e-04,     -4.3756
 443,   5.725e-03,  -8.550e-02,   4.460e-03,      -0.421,       0.000,       0.907,   2.542e-04,     -2.3789
 444,   1.462e-02,  -8.550e-02,   7.393e-03,      -0.239,       0.000,       0.971,   3.805e-04,     -1.6503
 445,   2.732e-02,  -8.550e-02,   9.671e-03,      -0.128,       0.000,       0.992,   4.909e-04,     -1.2606
 446,   4.307e-02,  -8.550e-02,   1.103e-02,      -0.050,       0.000,       0.999,   5.767e-04,     -0.9981
 447,   6.097e-02,  -8.550e-02,   1.133e-02,       0.014,       0.000,       1.000,   6.316e-04,     -0.7955
 448,   7.997e-02,  -8.550e-02,   1.049e-02,       0.073,       0.000,       0.997,   6.522e-04,     -0.5996
 449,   9.897e-02,  -8.550e-02,   8.692e-03,       0.117,       0.000,       0.993,   6.359e-04,     -0.4014
 450,   1.169e-01,  -8.550e-02,   6.363e-03,       0.143,       0.000,       0.990,   5.819e-04,     -0.2195
 451,   1.326e-01,  -8.550e-02,   4.010e-03,       0.154,       0.000,       0.988,   4.927e-04,     -0.0594
 452,   1.453e-01,  -8.550e-02,   2.079e-03,       0.146,       0.000,       0.989,   3.735e-04,      0.0738
 453,   1.542e-01,  -8.550e-02,   8.574e-04,       0.120,       0.000,       0.993,   2.323e-04,      0.1788
 454,   1.588e-01,  -8.550e-02,   3.496e-04,       0.082,       0.000,       0.997,   7.867e-05,      0.2289
Strip 18
 455,   1.588e-01,  -5.154e-02,   2.322e-04,       0.019,       0.000,      -1.000,   7.951e-05,      0.2467
 456,   1.542e-01,  -5.154e-02,   3.273e-05,       0.052,       0.000,      -0.999,   2.342e-04,      0.2252
 457,   1.453e-01,  -5.154e-02,  -5.423e-04,       0.072,       0.000,      -0.997,   3.756e-04,      0.1937
 458,   1.326e-01,  -5.154e-02,  -1.498e-03,       0.077,       0.000,      -0.997,   4.951e-04,      0.1595
 459,   1.169e-01,  -5.154e-02,  -2.661e-03,       0.071,       0.000,      -0.998,   5.854e-04,      0.1358
 460,   9.897e-02,  -5.154e-02,  -3.769e-03,       0.054,       0.000,      -0.999,   6.413e-04,      0.1330
 461,   7.997e-02,  -5.154e-02,  -4.587e-03,       0.033,       0.000,      -0.999,   6.598e-04,      0.1572
 462,   6.097e-02,  -5.154e-02,  -5.007e-03,       0.011,       0.000,      -1.000,   6.404e-04,      0.2072
 463,   4.307e-02,  -5.154e-02,  -5.009e-03,      -0.012,       0.000,      -1.000,   5.840e-04,      0.2838
 464,   2.732e-02,  -5.154e-02,  -4.585e-03,      -0.044,       0.000,      -0.999,   4.941e-04,      0.4007
 465,   1.462e-02,  -5.154e-02,  -3.703e-03,      -0.102,       0.000,      -0.995,   3.766e-04,      0.5984
 466,   5.725e-03,  -5.154e-02,  -2.343e-03,      -0.228,       0.000,      -0.974,   2.402e-04,      0.9256
 467,   1.144e-03,  -5.154e-02,  -7.216e-04,      -0.577,       0.000,      -0.817,   9.734e-05,      0.4294
 468,   1.144e-03,  -5.154e-02,   1.487e-03,      -0.767,       0.000,       0.642,   1.238e-04,     -4.4310
 469,   5.725e-03,  -5.154e-02,   4.460e-03,      -0.421,       0.000,       0.907,   2.578e-04,     -2.3998
 470,   1.462e-02,  -5.154e-02,   7.393e-03,      -0.239,       0.000,       0.971,   3.858e-04,     -1.6619
 471,   2.732e-02,  -5.154e-02,   9.671e-03,      -0.128,       0.000,       0.992,   4.977e-04,     -1.2686
 472,   4.307e-02,  -5.154e-02,   1.103e-02,      -0.050,       0.000,       0.999,   5.847e-04,     -1.0041
 473,   6.097e-02,  -5.154e-02,   1.133e-02,       0.014,       0.000,       1.000,   6.404e-04,     -0.8002
 474,   7.997e-02,  -5.154e-02,   1.049e-02,       0.073,       0.000,       0.997,   6.613e-04,     -0.6033
 475,   9.897e-02,  -5.154e-02,   8.692e-03,       0.117,       0.000,       0.993,   6.447e-04,     -0.4042
 476,   1.169e-01,  -5.154e-02,   6.363e-03,       0.143,       0.000,       0.990,   5.900e-04,     -0.2214
 477,   1.326e-01,  -5.154e-02,   4.010e-03,       0.154,       0.000,       0.988,   4.996e-04,     -0.0606
 478,   1.453e-01,  -5.154e-02,   2.079e-03,       0.146,       0.000,       0.989,   3.787e-04,      0.0731
 479,   1.542e-01,  -5.154e-02,   8.574e-04,       0.120,       0.000,       0.993,   2.356e-04,      0.1785
 480,   1.588e-01,  -5.154e-02,   3.496e-04,       0.082,       0.000,       0.997,   7.976e-05,      0.2288
Strip 19
 481,   1.588e-01,  -1.722e-02,   2.322e-04,       0.019,       0.000,      -1.000,   8.005e-05,      0.2468
 482,   1.542e-01,  -1.722e-02,   3.273e-05,       0.052,       0.000,      -0.999,   2.358e-04,      0.2253
 483,   1.453e-01,  -1.722e-02,  -5.423e-04,       0.072,       0.000,      -0.997,   3.782e-04,      0.1941
 484,   1.326e-01,  -1.722e-02,  -1.498e-03,       0.077,       0.000,      -0.997,   4.985e-04,      0.1600
 485,   1.169e-01,  -1.722e-02,  -2.661e-03,       0.071,       0.000,      -0.998,   5.894e-04,      0.1365
 486,   9.897e-02,  -1.722e-02,  -3.769e-03,       0.054,       0.000,      -0.999,   6.457e-04,      0.1339
 487,   7.997e-02,  -1.722e-02,  -4.587e-03,       0.033,       0.000,      -0.999,   6.644e-04,      0.1583
 488,   6.097e-02,  -1.722e-02,  -5.007e-03,       0.011,       0.000,      -1.000,   6.448e-04,      0.2085
 489,   4.307e-02,  -1.722e-02,  -5.009e-03,      -0.012,       0.000,      -1.000,   5.880e-04,      0.2853
 490,   2.732e-02,  -1.722e-02,  -4.585e-03,      -0.044,       0.000,      -0.999,   4.975e-04,      0.4024
 491,   1.462e-02,  -1.722e-02,  -3.703e-03,      -0.102,       0.000,      -0.995,   3.792e-04,      0.6004
 492,   5.725e-03,  -1.722e-02,  -2.343e-03,      -0.228,       0.000,      -0.974,   2.418e-04,      0.9270
 493,   1.144e-03,  -1.722e-02,  -7.216e-04,      -0.577,       0.000,      -0.817,   9.801e-05,      0.4207
 494,   1.144e-03,  -1.722e-02,   1.487e-03,      -0.767,       0.000,       0.642,   1.247e-04,     -4.4586
 495,   5.725e-03,  -1.722e-02,   4.460e-03,      -0.421,       0.000,       0.907,   2.595e-04,     -2.4101
 496,   1.462e-02,  -1.722e-02,   7.393e-03,      -0.239,       0.000,       0.971,   3.885e-04,     -1.6676
 497,   2.732e-02,  -1.722e-02,   9.671e-03,      -0.128,       0.000,       0.992,   5.011e-04,     -1.2725
 498,   4.307e-02,  -1.722e-02,   1.103e-02,      -0.050,       0.000,       0.999,   5.887e-04,     -1.0070
 499,   6.097e-02,  -1.722e-02,   1.133e-02,       0.014,       0.000,       1.000,   6.448e-04,     -0.8025
 500,   7.997e-02,  -1.722e-02,   1.049e-02,       0.073,       0.000,       0.997,   6.658e-04,     -0.6050
 501,   9.897e-02,  -1.722e-02,   8.692e-03,       0.117,      -0.000,       0.993,   6.492e-04,     -0.4055
 502,   1.169e-01,  -1.722e-02,   6.363e-03,       0.143,      -0.000,       0.990,   5.940e-04,     -0.2223
 503,   1.326e-01,  -1.722e-02,   4.010e-03,       0.154,       0.000,       0.988,   5.030e-04,     -0.0613
 504,   1.453e-01,  -1.722e-02,   2.079e-03,       0.146,       0.000,       0.989,   3.813e-04,      0.0727
 505,   1.542e-01,  -1.722e-02,   8.574e-04,       0.120,       0.000,       0.993,   2.372e-04,      0.1783
 506,   1.588e-01,  -1.722e-02,   3.496e-04,       0.082,       0.000,       0.997,   8.031e-05,      0.2288
Strip 20
 507,   1.588e-01,   1.722e-02,   2.322e-04,       0.019,       0.000,      -1.000,   8.005e-05,      0.2468
 508,   1.542e-01,   1.722e-02,   3.273e-05,       0.052,       0.000,      -0.999,   2.358e-04,      0.2253
 509,   1.453e-01,   1.722e-02,  -5.423e-04,       0.072,       0.000,      -0.997,   3.782e-04,      0.1941
 510,   1.326e-01,   1.722e-02,  -1.498e-03,       0.077,       0.000,      -0.997,   4.985e-04,      0.1600
 511,   1.169e-01,   1.722e-02,  -2.661e-03,       0.071,       0.000,      -0.998,   5.894e-04,      0.1365
 512,   9.897e-02,   1.722e-02,  -3.769e-03,       0.054,       0.000,      -0.999,   6.457e-04,      0.1339
 513,   7.997e-02,   1.722e-02,  -4.587e-03,       0.033,       0.000,      -0.999,   6.644e-04,      0.1583
 514,   6.097e-02,   1.722e-02,  -5.007e-03,       0.011,       0.000,      -1.000,   6.448e-04,      0.2085
 515,   4.307e-02,   1.722e-02,  -5.009e-03,      -0.012,       0.000,      -1.000,   5.880e-04,      0.2853
 516,   2.732e-02,   1.722e-02,  -4.585e-03,      -0.044,       0.000,      -0.999,   4.975e-04,      0.4024
 517,   1.462e-02,   1.722e-02,  -3.703e-03,      -0.102,       0.000,      -0.995,   3.792e-04,      0.6004
 518,   5.725e-03,   1.722e-02,  -2.343e-03,      -0.228,       0.000,      -0.974,   2.418e-04,      0.9270
 519,   1.144e-03,   1.722e-02,  -7.216e-04,      -0.577,       0.000,      -0.817,   9.801e-05,      0.4207
 520,   1.144e-03,   1.722e-02,   1.487e-03,      -0.767,       0.000,       0.642,   1.247e-04,     -4.4586
 521,   5.725e-03,   1.722e-02,   4.460e-03,      -0.421,       0.000,       0.907,   2.595e-04,     -2.4101
 522,   1.462e-02,   1.722e-02,   7.393e-03,      -0.239,       0.000,       0.971,   3.885e-04,     -1.6676
 523,   2.732e-02,   1.722e-02,   9.671e-03,      -0.128,       0.000,       0.992,   5.011e-04,     -1.2725
 524,   4.307e-02,   1.722e-02,   1.103e-02,      -0.050,       0.000,       0.999,   5.887e-04,     -1.0070
 525,   6.097e-02,   1.722e-02,   1.133e-02,       0.014,       0.000,       1.000,   6.448e-04,     -0.8025
 526,   7.997e-02,   1.722e-02,   1.049e-02,       0.073,       0.000,       0.997,   6.658e-04,     -0.6050
 527,   9.897e-02,   1.722e-02,   8.692e-03,       0.117,       0.000,       0.993,   6.492e-04,     -0.4055
 528,   1.169e-01,   1.722e-02,   6.363e-03,       0.143,       0.000,       0.990,   5.940e-04,     -0.2223
 529,   1.326e-01,   1.722e-02,   4.010e-03,       0.154,       0.000,       0.988,   5.030e-04,     -0.0613
 530,   1.453e-01,   1.722e-02,   2.079e-03,       0.146,       0.000,       0.989,   3.813e-04,      0.0727
 531,   1.542e-01,   1.722e-02,   8.574e-04,       0.120,       0.000,       0.993,   2.372e-04,      0.1783
 532,   1.588e-01,   1.722e-02,   3.496e-04,       0.082,       0.000,       0.997,   8.031e-05,      0.2288
Strip 21
 533,   1.588e-01,   5.154e-02,   2.322e-04,       0.019,       0.000,      -1.000,   7.951e-05,      0.2467
 534,   1.542e-01,   5.154e-02,   3.273e-05,       0.052,       0.000,      -0.999,   2.342e-04,      0.2252
 535,   1.453e-01,   5.154e-02,  -5.423e-04,       0.072,       0.000,      -0.997,   3.756e-04,      0.1937
 536,   1.326e-01,   5.154e-02,  -1.498e-03,       0.077,       0.000,      -0.997,   4.951e-04,      0.1595
 537,   1.169e-01,   5.154e-02,  -2.661e-03,       0.071,       0.000,      -0.998,   5.854e-04,      0.1358
 538,   9.897e-02,   5.154e-02,  -3.769e-03,       0.054,       0.000,      -0.999,   6.413e-04,      0.1330
 539,   7.997e-02,   5.154e-02,  -4.587e-03,       0.033,       0.000,      -0.999,   6.598e-04,      0.1572
 540,   6.097e-02,   5.154e-02,  -5.007e-03,       0.011,       0.000,      -1.000,   6.404e-04,      0.2072
 541,   4.307e-02,   5.154e-02,  -5.009e-03,      -0.012,       0.000,      -1.000,   5.840e-04,      0.2838
 542,   2.732e-02,   5.154e-02,  -4.585e-03,      -0.044,       0.000,      -0.999,   4.941e-04,      0.4007
 543,   1.462e-02,   5.154e-02,  -3.703e-03,      -0.102,      -0.000,      -0.995,   3.766e-04,      0.5984
 544,   5.725e-03,   5.154e-02,  -2.343e-03,      -0.228,      -0.000,      -0.974,   2.402e-04,      0.9256
 545,   1.144e-03,   5.154e-02,  -7.216e-04,      -0.577,      -0.000,      -0.817,   9.734e-05,      0.4294
 546,   1.144e-03,   5.154e-02,   1.487e-03,      -0.767,       0.000,       0.642,   1.238e-04,     -4.4310
 547,   5.725e-03,   5.154e-02,   4.460e-03,      -0.421,       0.000,       0.907,   2.578e-04,     -2.3998
 548,   1.462e-02,   5.154e-02,   7.393e-03,      -0.239,      -0.000,       0.971,   3.858e-04,     -1.6619
 549,   2.732e-02,   5.154e-02,   9.671e-03,      -0.128,      -0.000,       0.992,   4.977e-04,     -1.2686
 550,   4.307e-02,   5.154e-02,   1.103e-02,      -0.050,       0.000,       0.999,   5.847e-04,     -1.0041
 551,   6.097e-02,   5.154e-02,   1.133e-02,       0.014,       0.000,       1.000,   6.404e-04,     -0.8002
 552,   7.997e-02,   5.154e-02,   1.049e-02,       0.073,       0.000,       0.997,   6.613e-04,     -0.6033
 553,   9.897e-02,   5.154e-02,   8.692e-03,       0.117,       0.000,       0.993,   6.447e-04,     -0.4042
 554,   1.169e-01,   5.154e-02,   6.363e-03,       0.143,       0.000,       0.990,   5.900e-04,     -0.2214
 555,   1.326e-01,   5.154e-02,   4.010e-03,       0.154,       0.000,       0.988,   4.996e-04,     -0.0606
 556,   1.453e-01,   5.154e-02,   2.079e-03,       0.146,       0.000,       0.989,   3.787e-04,      0.0731
 557,   1.542e-01,   5.154e-02,   8.574e-04,       0.120,       0.000,       0.993,   2.356e-04,      0.1785
 558,   1.588e-01,   5.154e-02,   3.496e-04,       0.082,       0.000,       0.997,   7.976e-05,      0.2288
Strip 22
 559,   1.588e-01,   8.550e-02,   2.322e-04,       0.019,      -0.000,      -1.000,   7.842e-05,      0.2465
 560,   1.542e-01,   8.550e-02,   3.273e-05,       0.052,       0.000,      -0.999,   2.310e-04,      0.2248
 561,   1.453e-01,   8.550e-02,  -5.423e-04,       0.072,       0.000,      -0.997,   3.705e-04,      0.1930
 562,   1.326e-01,   8.550e-02,  -1.498e-03,       0.077,       0.000,      -0.997,   4.883e-04,      0.1585
 563,   1.169e-01,   8.550e-02,  -2.661e-03,       0.071,      -0.000,      -0.998,   5.774e-04,      0.1344
 564,   9.897e-02,   8.550e-02,  -3.769e-03,       0.054,      -0.000,      -0.999,   6.325e-04,      0.1311
 565,   7.997e-02,   8.550e-02,  -4.587e-03,       0.033,      -0.000,      -0.999,   6.508e-04,      0.1550
 566,   6.097e-02,   8.550e-02,  -5.007e-03,       0.011,      -0.000,      -1.000,   6.316e-04,      0.2046
 567,   4.307e-02,   8.550e-02,  -5.009e-03,      -0.012,      -0.000,      -1.000,   5.760e-04,      0.2808
 568,   2.732e-02,   8.550e-02,  -4.585e-03,      -0.044,      -0.000,      -0.999,   4.874e-04,      0.3971
 569,   1.462e-02,   8.550e-02,  -3.703e-03,      -0.102,       0.000,      -0.995,   3.714e-04,      0.5943
 570,   5.725e-03,   8.550e-02,  -2.343e-03,      -0.228,       0.000,      -0.974,   2.369e-04,      0.9226
 571,   1.144e-03,   8.550e-02,  -7.216e-04,      -0.577,       0.000,      -0.817,   9.601e-05,      0.4468
 572,   1.144e-03,   8.550e-02,   1.487e-03,      -0.767,       0.000,       0.642,   1.221e-04,     -4.3756
 573,   5.725e-03,   8.550e-02,   4.460e-03,      -0.421,       0.000,       0.907,   2.542e-04,     -2.3789
 574,   1.462e-02,   8.550e-02,   7.393e-03,      -0.239,       0.000,       0.971,   3.805e-04,     -1.6503
 575,   2.732e-02,   8.550e-02,   9.671e-03,      -0.128,       0.000,       0.992,   4.909e-04,     -1.2606
 576,   4.307e-02,   8.550e-02,   1.103e-02,      -0.050,      -0.000,       0.999,   5.767e-04,     -0.9981
 577,   6.097e-02,   8.550e-02,   1.133e-02,       0.014,      -0.000,       1.000,   6.316e-04,     -0.7955
 578,   7.997e-02,   8.550e-02,   1.049e-02,       0.073,      -0.000,       0.997,   6.522e-04,     -0.5996
 579,   9.897e-02,   8.550e-02,   8.692e-03,       0.117,      -0.000,       0.993,   6.359e-04,     -0.4014
 580,   1.169e-01,   8.550e-02,   6.363e-03,       0.143,      -0.000,       0.990,   5.819e-04,     -0.2195
 581,   1.326e-01,   8.550e-02,   4.010e-03,       0.154,       0.000,       0.988,   4.927e-04,     -0.0594
 582,   1.453e-01,   8.550e-02,   2.079e-03,       0.146,      -0.000,       0.989,   3.735e-04,      0.0738
 583,   1.542e-01,   8.550e-02,   8.574e-04,       0.120,      -0.000,       0.993,   2.323e-04,      0.1788
 584,   1.588e-01,   8.550e-02,   3.496e-04,       0.082,      -0.000,       0.997,   7.867e-05,      0.2289
Strip 23
 585,   1.588e-01,   1.189e-01,   2.322e-04,       0.019,       0.000,      -1.000,   7.679e-05,      0.2462
 586,   1.542e-01,   1.189e-01,   3.273e-05,       0.052,       0.000,      -0.999,   2.262e-04,      0.2242
 587,   1.453e-01,   1.189e-01,  -5.423e-04,       0.072,       0.000,      -0.997,   3.628e-04,      0.1920
 588,   1.326e-01,   1.189e-01,  -1.498e-03,       0.077,       0.000,      -0.997,   4.782e-04,      0.1568
 589,   1.169e-01,   1.189e-01,  -2.661e-03,       0.071,      -0.000,      -0.998,   5.654e-04,      0.1321
 590,   9.897e-02,   1.189e-01,  -3.769e-03,       0.054,       0.000,      -0.999,   6.194e-04,      0.1283
 591,   7.997e-02,   1.189e-01,  -4.587e-03,       0.033,       0.000,      -0.999,   6.373e-04,      0.1515
 592,   6.097e-02,   1.189e-01,  -5.007e-03,       0.011,       0.000,      -1.000,   6.185e-04,      0.2005
 593,   4.307e-02,   1.189e-01,  -5.009e-03,      -0.012,       0.000,      -1.000,   5.640e-04,      0.2760
 594,   2.732e-02,   1.189e-01,  -4.585e-03,      -0.044,       0.000,      -0.999,   4.772e-04,      0.3916
 595,   1.462e-02,   1.189e-01,  -3.703e-03,      -0.102,       0.000,      -0.995,   3.637e-04,      0.5880
 596,   5.725e-03,   1.189e-01,  -2.343e-03,      -0.228,       0.000,      -0.974,   2.320e-04,      0.9179
 597,   1.144e-03,   1.189e-01,  -7.216e-04,      -0.577,       0.000,      -0.817,   9.402e-05,      0.4727
 598,   1.144e-03,   1.189e-01,   1.487e-03,      -0.767,       0.000,       0.642,   1.196e-04,     -4.2919
 599,   5.725e-03,   1.189e-01,   4.460e-03,      -0.421,       0.000,       0.907,   2.490e-04,     -2.3474
 600,   1.462e-02,   1.189e-01,   7.393e-03,      -0.239,       0.000,       0.971,   3.727e-04,     -1.6327
 601,   2.732e-02,   1.189e-01,   9.671e-03,      -0.128,       0.000,       0.992,   4.807e-04,     -1.2486
 602,   4.307e-02,   1.189e-01,   1.103e-02,      -0.050,       0.000,       0.999,   5.647e-04,     -0.9890
 603,   6.097e-02,   1.189e-01,   1.133e-02,       0.014,       0.000,       1.000,   6.185e-04,     -0.7884
 604,   7.997e-02,   1.189e-01,   1.049e-02,       0.073,       0.000,       0.997,   6.387e-04,     -0.5940
 605,   9.897e-02,   1.189e-01,   8.692e-03,       0.117,       0.000,       0.993,   6.227e-04,     -0.3973
 606,   1.169e-01,   1.189e-01,   6.363e-03,       0.143,      -0.000,       0.990,   5.698e-04,     -0.2165
 607,   1.326e-01,   1.189e-01,   4.010e-03,       0.154,       0.000,       0.988,   4.825e-04,     -0.0575
 608,   1.453e-01,   1.189e-01,   2.079e-03,       0.146,       0.000,       0.989,   3.658e-04,      0.0750
 609,   1.542e-01,   1.189e-01,   8.574e-04,       0.120,       0.000,       0.993,   2.275e-04,      0.1793
 610,   1.588e-01,   1.189e-01,   3.496e-04,       0.082,       0.000,       0.997,   7.703e-05,      0.2291
Strip 24
 611,   1.588e-01,   1.515e-01,   2.322e-04,       0.019,       0.000,      -1.000,   7.464e-05,      0.2459
 612,   1.542e-01,   1.515e-01,   3.273e-05,       0.052,       0.000,      -0.999,   2.198e-04,      0.2234
 613,   1.453e-01,   1.515e-01,  -5.423e-04,       0.072,       0.000,      -0.997,   3.526e-04,      0.1905
 614,   1.326e-01,   1.515e-01,  -1.498e-03,       0.077,       0.000,      -0.997,   4.648e-04,      0.1546
 615,   1.169e-01,   1.515e-01,  -2.661e-03,       0.071,       0.000,      -0.998,   5.496e-04,      0.1291
 616,   9.897e-02,   1.515e-01,  -3.769e-03,       0.054,       0.000,      -0.999,   6.020e-04,      0.1243
 617,   7.997e-02,   1.515e-01,  -4.587e-03,       0.033,       0.000,      -0.999,   6.195e-04,      0.1467
 618,   6.097e-02,   1.515e-01,  -5.007e-03,       0.011,       0.000,      -1.000,   6.012e-04,      0.1949
 619,   4.307e-02,   1.515e-01,  -5.009e-03,      -0.012,       0.000,      -1.000,   5.483e-04,      0.2696
 620,   2.732e-02,   1.515e-01,  -4.585e-03,      -0.044,       0.000,      -0.999,   4.639e-04,      0.3841
 621,   1.462e-02,   1.515e-01,  -3.703e-03,      -0.102,       0.000,      -0.995,   3.535e-04,      0.5794
 622,   5.725e-03,   1.515e-01,  -2.343e-03,      -0.228,       0.000,      -0.974,   2.255e-04,      0.9113
 623,   1.144e-03,   1.515e-01,  -7.216e-04,      -0.577,       0.000,      -0.817,   9.139e-05,      0.5069
 624,   1.144e-03,   1.515e-01,   1.487e-03,      -0.767,       0.000,       0.642,   1.162e-04,     -4.1793
 625,   5.725e-03,   1.515e-01,   4.460e-03,      -0.421,       0.000,       0.907,   2.420e-04,     -2.3047
 626,   1.462e-02,   1.515e-01,   7.393e-03,      -0.239,       0.000,       0.971,   3.622e-04,     -1.6089
 627,   2.732e-02,   1.515e-01,   9.671e-03,      -0.128,       0.000,       0.992,   4.672e-04,     -1.2321
 628,   4.307e-02,   1.515e-01,   1.103e-02,      -0.050,       0.000,       0.999,   5.489e-04,     -0.9765
 629,   6.097e-02,   1.515e-01,   1.133e-02,       0.014,       0.000,       1.000,   6.012e-04,     -0.7785
 630,   7.997e-02,   1.515e-01,   1.049e-02,       0.073,       0.000,       0.997,   6.208e-04,     -0.5863
 631,   9.897e-02,   1.515e-01,   8.692e-03,       0.117,       0.000,       0.993,   6.053e-04,     -0.3915
 632,   1.169e-01,   1.515e-01,   6.363e-03,       0.143,       0.000,       0.990,   5.539e-04,     -0.2125
 633,   1.326e-01,   1.515e-01,   4.010e-03,       0.154,       0.000,       0.988,   4.690e-04,     -0.0548
 634,   1.453e-01,   1.515e-01,   2.079e-03,       0.146,       0.000,       0.989,   3.555e-04,      0.0765
 635,   1.542e-01,   1.515e-01,   8.574e-04,       0.120,       0.000,       0.993,   2.211e-04,      0.1800
 636,   1.588e-01,   1.515e-01,   3.496e-04,       0.082,      -0.000,       0.997,   7.488e-05,      0.2293
Strip 25
 637,   1.588e-01,   1.830e-01,   2.322e-04,       0.019,       0.000,      -1.000,   7.198e-05,      0.2453
 638,   1.542e-01,   1.830e-01,   3.273e-05,       0.052,       0.000,      -0.999,   2.120e-04,      0.2223
 639,   1.453e-01,   1.830e-01,  -5.423e-04,       0.072,       0.000,      -0.997,   3.401e-04,      0.1885
 640,   1.326e-01,   1.830e-01,  -1.498e-03,       0.077,       0.000,      -0.997,   4.482e-04,      0.1516
 641,   1.169e-01,   1.830e-01,  -2.661e-03,       0.071,       0.000,      -0.998,   5.300e-04,      0.1250
 642,   9.897e-02,   1.830e-01,  -3.769e-03,       0.054,       0.000,      -0.999,   5.806e-04,      0.1192
 643,   7.997e-02,   1.830e-01,  -4.587e-03,       0.033,       0.000,      -0.999,   5.974e-04,      0.1405
 644,   6.097e-02,   1.830e-01,  -5.007e-03,       0.011,       0.000,      -1.000,   5.798e-04,      0.1876
 645,   4.307e-02,   1.830e-01,  -5.009e-03,      -0.012,       0.000,      -1.000,   5.287e-04,      0.2612
 646,   2.732e-02,   1.830e-01,  -4.585e-03,      -0.044,       0.000,      -0.999,   4.474e-04,      0.3744
 647,   1.462e-02,   1.830e-01,  -3.703e-03,      -0.102,       0.000,      -0.995,   3.409e-04,      0.5682
 648,   5.725e-03,   1.830e-01,  -2.343e-03,      -0.228,       0.000,      -0.974,   2.174e-04,      0.9025
 649,   1.144e-03,   1.830e-01,  -7.216e-04,      -0.577,       0.000,      -0.817,   8.813e-05,      0.5488
 650,   1.144e-03,   1.830e-01,   1.487e-03,      -0.767,       0.000,       0.642,   1.121e-04,     -4.0372
 651,   5.725e-03,   1.830e-01,   4.460e-03,      -0.421,       0.000,       0.907,   2.334e-04,     -2.2505
 652,   1.462e-02,   1.830e-01,   7.393e-03,      -0.239,       0.000,       0.971,   3.493e-04,     -1.5784
 653,   2.732e-02,   1.830e-01,   9.671e-03,      -0.128,       0.000,       0.992,   4.506e-04,     -1.2110
 654,   4.307e-02,   1.830e-01,   1.103e-02,      -0.050,       0.000,       0.999,   5.293e-04,     -0.9603
 655,   6.097e-02,   1.830e-01,   1.133e-02,       0.014,       0.000,       1.000,   5.798e-04,     -0.7657
 656,   7.997e-02,   1.830e-01,   1.049e-02,       0.073,       0.000,       0.997,   5.987e-04,     -0.5763
 657,   9.897e-02,   1.830e-01,   8.692e-03,       0.117,       0.000,       0.993,   5.837e-04,     -0.3840
 658,   1.169e-01,   1.830e-01,   6.363e-03,       0.143,       0.000,       0.990,   5.341e-04,     -0.2072
 659,   1.326e-01,   1.830e-01,   4.010e-03,       0.154,       0.000,       0.988,   4.523e-04,     -0.0514
 660,   1.453e-01,   1.830e-01,   2.079e-03,       0.146,       0.000,       0.989,   3.429e-04,      0.0785
 661,   1.542e-01,   1.830e-01,   8.574e-04,       0.120,       0.000,       0.993,   2.133e-04,      0.1808
 662,   1.588e-01,   1.830e-01,   3.496e-04,       0.082,       0.000,       0.997,   7.221e-05,      0.2295
Strip 26
 663,   1.588e-01,   2.133e-01,   2.322e-04,       0.019,       0.000,      -1.000,   6.883e-05,      0.2444
 664,   1.542e-01,   2.133e-01,   3.273e-05,       0.052,       0.000,      -0.999,   2.027e-04,      0.2208
 665,   1.453e-01,   2.133e-01,  -5.423e-04,       0.072,      -0.000,      -0.997,   3.252e-04,      0.1859
 666,   1.326e-01,   2.133e-01,  -1.498e-03,       0.077,       0.000,      -0.997,   4.286e-04,      0.1478
 667,   1.169e-01,   2.133e-01,  -2.661e-03,       0.071,       0.000,      -0.998,   5.068e-04,      0.1199
 668,   9.897e-02,   2.133e-01,  -3.769e-03,       0.054,       0.000,      -0.999,   5.551e-04,      0.1126
 669,   7.997e-02,   2.133e-01,  -4.587e-03,       0.033,       0.000,      -0.999,   5.712e-04,      0.1326
 670,   6.097e-02,   2.133e-01,  -5.007e-03,       0.011,       0.000,      -1.000,   5.544e-04,      0.1785
 671,   4.307e-02,   2.133e-01,  -5.009e-03,      -0.012,       0.000,      -1.000,   5.056e-04,      0.2507
 672,   2.732e-02,   2.133e-01,  -4.585e-03,      -0.044,       0.000,      -0.999,   4.278e-04,      0.3623
 673,   1.462e-02,   2.133e-01,  -3.703e-03,      -0.102,       0.000,      -0.995,   3.260e-04,      0.5542
 674,   5.725e-03,   2.133e-01,  -2.343e-03,      -0.228,       0.000,      -0.974,   2.079e-04,      0.8912
 675,   1.144e-03,   2.133e-01,  -7.216e-04,      -0.577,       0.000,      -0.817,   8.427e-05,      0.5978
 676,   1.144e-03,   2.133e-01,   1.487e-03,      -0.767,       0.000,       0.642,   1.072e-04,     -3.8654
 677,   5.725e-03,   2.133e-01,   4.460e-03,      -0.421,       0.000,       0.907,   2.231e-04,     -2.1843
 678,   1.462e-02,   2.133e-01,   7.393e-03,      -0.239,       0.000,       0.971,   3.340e-04,     -1.5408
 679,   2.732e-02,   2.133e-01,   9.671e-03,      -0.128,       0.000,       0.992,   4.309e-04,     -1.1847
 680,   4.307e-02,   2.133e-01,   1.103e-02,      -0.050,       0.000,       0.999,   5.062e-04,     -0.9401
 681,   6.097e-02,   2.133e-01,   1.133e-02,       0.014,       0.000,       1.000,   5.544e-04,     -0.7495
 682,   7.997e-02,   2.133e-01,   1.049e-02,       0.073,       0.000,       0.997,   5.724e-04,     -0.5636
 683,   9.897e-02,   2.133e-01,   8.692e-03,       0.117,      -0.000,       0.993,   5.581e-04,     -0.3745
 684,   1.169e-01,   2.133e-01,   6.363e-03,       0.143,      -0.000,       0.990,   5.108e-04,     -0.2005
 685,   1.326e-01,   2.133e-01,   4.010e-03,       0.154,       0.000,       0.988,   4.325e-04,     -0.0471
 686,   1.453e-01,   2.133e-01,   2.079e-03,       0.146,       0.000,       0.989,   3.278e-04,      0.0809
 687,   1.542e-01,   2.133e-01,   8.574e-04,       0.120,       0.000,       0.993,   2.039e-04,      0.1818
 688,   1.588e-01,   2.133e-01,   3.496e-04,       0.082,       0.000,       0.997,   6.905e-05,      0.2296
Strip 27
 689,   1.588e-01,   2.421e-01,   2.322e-04,       0.019,       0.000,      -1.000,   6.521e-05,      0.2432
 690,   1.542e-01,   2.421e-01,   3.273e-05,       0.052,       0.000,      -0.999,   1.921e-04,      0.2188
 691,   1.453e-01,   2.421e-01,  -5.423e-04,       0.072,       0.000,      -0.997,   3.081e-04,      0.1825
 692,   1.326e-01,   2.421e-01,  -1.498e-03,       0.077,       0.000,      -0.997,   4.061e-04,      0.1430
 693,   1.169e-01,   2.421e-01,  -2.661e-03,       0.071,       0.000,      -0.998,   4.801e-04,      0.1134
 694,   9.897e-02,   2.421e-01,  -3.769e-03,       0.054,       0.000,      -0.999,   5.259e-04,      0.1045
 695,   7.997e-02,   2.421e-01,  -4.587e-03,       0.033,       0.000,      -0.999,   5.412e-04,      0.1229
 696,   6.097e-02,   2.421e-01,  -5.007e-03,       0.011,       0.000,      -1.000,   5.252e-04,      0.1672
 697,   4.307e-02,   2.421e-01,  -5.009e-03,      -0.012,       0.000,      -1.000,   4.790e-04,      0.2378
 698,   2.732e-02,   2.421e-01,  -4.585e-03,      -0.044,       0.000,      -0.999,   4.053e-04,      0.3474
 699,   1.462e-02,   2.421e-01,  -3.703e-03,      -0.102,       0.000,      -0.995,   3.089e-04,      0.5371
 700,   5.725e-03,   2.421e-01,  -2.343e-03,      -0.228,       0.000,      -0.974,   1.970e-04,      0.8767
 701,   1.144e-03,   2.421e-01,  -7.216e-04,      -0.577,       0.000,      -0.817,   7.984e-05,      0.6527
 702,   1.144e-03,   2.421e-01,   1.487e-03,      -0.767,       0.000,       0.642,   1.015e-04,     -3.6637
 703,   5.725e-03,   2.421e-01,   4.460e-03,      -0.421,       0.000,       0.907,   2.114e-04,     -2.1058
 704,   1.462e-02,   2.421e-01,   7.393e-03,      -0.239,       0.000,       0.971,   3.164e-04,     -1.4957
 705,   2.732e-02,   2.421e-01,   9.671e-03,      -0.128,       0.000,       0.992,   4.082e-04,     -1.1529
 706,   4.307e-02,   2.421e-01,   1.103e-02,      -0.050,       0.000,       0.999,   4.795e-04,     -0.9154
 707,   6.097e-02,   2.421e-01,   1.133e-02,       0.014,       0.000,       1.000,   5.252e-04,     -0.7296
 708,   7.997e-02,   2.421e-01,   1.049e-02,       0.073,       0.000,       0.997,   5.423e-04,     -0.5479
 709,   9.897e-02,   2.421e-01,   8.692e-03,       0.117,       0.000,       0.993,   5.288e-04,     -0.3628
 710,   1.169e-01,   2.421e-01,   6.363e-03,       0.143,       0.000,       0.990,   4.839e-04,     -0.1924
 711,   1.326e-01,   2.421e-01,   4.010e-03,       0.154,       0.000,       0.988,   4.097e-04,     -0.0420
 712,   1.453e-01,   2.421e-01,   2.079e-03,       0.146,       0.000,       0.989,   3.106e-04,      0.0837
 713,   1.542e-01,   2.421e-01,   8.574e-04,       0.120,       0.000,       0.993,   1.932e-04,      0.1827
 714,   1.588e-01,   2.421e-01,   3.496e-04,       0.082,       0.000,       0.997,   6.541e-05,      0.2296
Strip 28
 715,   1.588e-01,   2.693e-01,   2.322e-04,       0.019,       0.000,      -1.000,   6.114e-05,      0.2415
 716,   1.542e-01,   2.693e-01,   3.273e-05,       0.052,       0.000,      -0.999,   1.801e-04,      0.2161
 717,   1.453e-01,   2.693e-01,  -5.423e-04,       0.072,       0.000,      -0.997,   2.888e-04,      0.1782
 718,   1.326e-01,   2.693e-01,  -1.498e-03,       0.077,       0.000,      -0.997,   3.807e-04,      0.1370
 719,   1.169e-01,   2.693e-01,  -2.661e-03,       0.071,      -0.000,      -0.998,   4.502e-04,      0.1055
 720,   9.897e-02,   2.693e-01,  -3.769e-03,       0.054,      -0.000,      -0.999,   4.931e-04,      0.0946
 721,   7.997e-02,   2.693e-01,  -4.587e-03,       0.033,       0.000,      -0.999,   5.074e-04,      0.1111
 722,   6.097e-02,   2.693e-01,  -5.007e-03,       0.011,       0.000,      -1.000,   4.924e-04,      0.1536
 723,   4.307e-02,   2.693e-01,  -5.009e-03,      -0.012,       0.000,      -1.000,   4.491e-04,      0.2222
 724,   2.732e-02,   2.693e-01,  -4.585e-03,      -0.044,       0.000,      -0.999,   3.800e-04,      0.3295
 725,   1.462e-02,   2.693e-01,  -3.703e-03,      -0.102,       0.000,      -0.995,   2.896e-04,      0.5164
 726,   5.725e-03,   2.693e-01,  -2.343e-03,      -0.228,       0.000,      -0.974,   1.847e-04,      0.8586
 727,   1.144e-03,   2.693e-01,  -7.216e-04,      -0.577,       0.000,      -0.817,   7.486e-05,      0.7120
 728,   1.144e-03,   2.693e-01,   1.487e-03,      -0.767,       0.000,       0.642,   9.520e-05,     -3.4325
 729,   5.725e-03,   2.693e-01,   4.460e-03,      -0.421,       0.000,       0.907,   1.982e-04,     -2.0146
 730,   1.462e-02,   2.693e-01,   7.393e-03,      -0.239,       0.000,       0.971,   2.967e-04,     -1.4428
 731,   2.732e-02,   2.693e-01,   9.671e-03,      -0.128,       0.000,       0.992,   3.827e-04,     -1.1150
 732,   4.307e-02,   2.693e-01,   1.103e-02,      -0.050,       0.000,       0.999,   4.496e-04,     -0.8857
 733,   6.097e-02,   2.693e-01,   1.133e-02,       0.014,       0.000,       1.000,   4.925e-04,     -0.7055
 734,   7.997e-02,   2.693e-01,   1.049e-02,       0.073,       0.000,       0.997,   5.085e-04,     -0.5288
 735,   9.897e-02,   2.693e-01,   8.692e-03,       0.117,      -0.000,       0.993,   4.958e-04,     -0.3486
 736,   1.169e-01,   2.693e-01,   6.363e-03,       0.143,      -0.000,       0.990,   4.537e-04,     -0.1826
 737,   1.326e-01,   2.693e-01,   4.010e-03,       0.154,       0.000,       0.988,   3.842e-04,     -0.0360
 738,   1.453e-01,   2.693e-01,   2.079e-03,       0.146,       0.000,       0.989,   2.912e-04,      0.0867
 739,   1.542e-01,   2.693e-01,   8.574e-04,       0.120,      -0.000,       0.993,   1.811e-04,      0.1835
 740,   1.588e-01,   2.693e-01,   3.496e-04,       0.082,      -0.000,       0.997,   6.133e-05,      0.2291
Strip 29
 741,   1.588e-01,   2.946e-01,   2.322e-04,       0.019,       0.000,      -1.000,   5.666e-05,      0.2389
 742,   1.542e-01,   2.946e-01,   3.273e-05,       0.052,       0.000,      -0.999,   1.669e-04,      0.2123
 743,   1.453e-01,   2.946e-01,  -5.423e-04,       0.072,       0.000,      -0.997,   2.677e-04,      0.1726
 744,   1.326e-01,   2.946e-01,  -1.498e-03,       0.077,       0.000,      -0.997,   3.528e-04,      0.1294
 745,   1.169e-01,   2.946e-01,  -2.661e-03,       0.071,       0.000,      -0.998,   4.172e-04,      0.0957
 746,   9.897e-02,   2.946e-01,  -3.769e-03,       0.054,       0.000,      -0.999,   4.569e-04,      0.0826
 747,   7.997e-02,   2.946e-01,  -4.587e-03,       0.033,       0.000,      -0.999,   4.702e-04,      0.0970
 748,   6.097e-02,   2.946e-01,  -5.007e-03,       0.011,       0.000,      -1.000,   4.563e-04,      0.1374
 749,   4.307e-02,   2.946e-01,  -5.009e-03,      -0.012,       0.000,      -1.000,   4.161e-04,      0.2038
 750,   2.732e-02,   2.946e-01,  -4.585e-03,      -0.044,       0.000,      -0.999,   3.521e-04,      0.3082
 751,   1.462e-02,   2.946e-01,  -3.703e-03,      -0.102,       0.000,      -0.995,   2.684e-04,      0.4918
 752,   5.725e-03,   2.946e-01,  -2.343e-03,      -0.228,       0.000,      -0.974,   1.711e-04,      0.8360
 753,   1.144e-03,   2.946e-01,  -7.216e-04,      -0.577,       0.000,      -0.817,   6.937e-05,      0.7734
 754,   1.144e-03,   2.946e-01,   1.487e-03,      -0.767,       0.000,       0.642,   8.822e-05,     -3.1734
 755,   5.725e-03,   2.946e-01,   4.460e-03,      -0.421,       0.000,       0.907,   1.837e-04,     -1.9106
 756,   1.462e-02,   2.946e-01,   7.393e-03,      -0.239,       0.000,       0.971,   2.749e-04,     -1.3815
 757,   2.732e-02,   2.946e-01,   9.671e-03,      -0.128,       0.000,       0.992,   3.547e-04,     -1.0706
 758,   4.307e-02,   2.946e-01,   1.103e-02,      -0.050,       0.000,       0.999,   4.166e-04,     -0.8503
 759,   6.097e-02,   2.946e-01,   1.133e-02,       0.014,       0.000,       1.000,   4.563e-04,     -0.6765
 760,   7.997e-02,   2.946e-01,   1.049e-02,       0.073,       0.000,       0.997,   4.712e-04,     -0.5058
 761,   9.897e-02,   2.946e-01,   8.692e-03,       0.117,       0.000,       0.993,   4.594e-04,     -0.3316
 762,   1.169e-01,   2.946e-01,   6.363e-03,       0.143,       0.000,       0.990,   4.204e-04,     -0.1712
 763,   1.326e-01,   2.946e-01,   4.010e-03,       0.154,       0.000,       0.988,   3.560e-04,     -0.0292
 764,   1.453e-01,   2.946e-01,   2.079e-03,       0.146,       0.000,       0.989,   2.699e-04,      0.0898
 765,   1.542e-01,   2.946e-01,   8.574e-04,       0.120,       0.000,       0.993,   1.679e-04,      0.1837
 766,   1.588e-01,   2.946e-01,   3.496e-04,       0.082,       0.000,       0.997,   5.683e-05,      0.2279
Strip 30
 767,   1.588e-01,   3.179e-01,   2.322e-04,       0.019,       0.000,      -1.000,   5.178e-05,      0.2349
 768,   1.542e-01,   3.179e-01,   3.273e-05,       0.052,       0.000,      -0.999,   1.525e-04,      0.2070
 769,   1.453e-01,   3.179e-01,  -5.423e-04,       0.072,       0.000,      -0.997,   2.446e-04,      0.1651
 770,   1.326e-01,   3.179e-01,  -1.498e-03,       0.077,       0.000,      -0.997,   3.225e-04,      0.1196
 771,   1.169e-01,   3.179e-01,  -2.661e-03,       0.071,      -0.000,      -0.998,   3.813e-04,      0.0835
 772,   9.897e-02,   3.179e-01,  -3.769e-03,       0.054,      -0.000,      -0.999,   4.177e-04,      0.0681
 773,   7.997e-02,   3.179e-01,  -4.587e-03,       0.033,       0.000,      -0.999,   4.298e-04,      0.0803
 774,   6.097e-02,   3.179e-01,  -5.007e-03,       0.011,       0.000,      -1.000,   4.171e-04,      0.1184
 775,   4.307e-02,   3.179e-01,  -5.009e-03,      -0.012,       0.000,      -1.000,   3.804e-04,      0.1821
 776,   2.732e-02,   3.179e-01,  -4.585e-03,      -0.044,       0.000,      -0.999,   3.218e-04,      0.2832
 777,   1.462e-02,   3.179e-01,  -3.703e-03,      -0.102,       0.000,      -0.995,   2.453e-04,      0.4627
 778,   5.725e-03,   3.179e-01,  -2.343e-03,      -0.228,       0.000,      -0.974,   1.564e-04,      0.8082
 779,   1.144e-03,   3.179e-01,  -7.216e-04,      -0.577,       0.000,      -0.817,   6.340e-05,      0.8341
 780,   1.144e-03,   3.179e-01,   1.487e-03,      -0.767,       0.000,       0.642,   8.063e-05,     -2.8886
 781,   5.725e-03,   3.179e-01,   4.460e-03,      -0.421,       0.000,       0.907,   1.679e-04,     -1.7942
 782,   1.462e-02,   3.179e-01,   7.393e-03,      -0.239,       0.000,       0.971,   2.513e-04,     -1.3117
 783,   2.732e-02,   3.179e-01,   9.671e-03,      -0.128,       0.000,       0.992,   3.242e-04,     -1.0190
 784,   4.307e-02,   3.179e-01,   1.103e-02,      -0.050,       0.000,       0.999,   3.808e-04,     -0.8087
 785,   6.097e-02,   3.179e-01,   1.133e-02,       0.014,       0.000,       1.000,   4.171e-04,     -0.6423
 786,   7.997e-02,   3.179e-01,   1.049e-02,       0.073,       0.000,       0.997,   4.307e-04,     -0.4787
 787,   9.897e-02,   3.179e-01,   8.692e-03,       0.117,      -0.000,       0.993,   4.199e-04,     -0.3118
 788,   1.169e-01,   3.179e-01,   6.363e-03,       0.143,      -0.000,       0.990,   3.843e-04,     -0.1583
 789,   1.326e-01,   3.179e-01,   4.010e-03,       0.154,      -0.000,       0.988,   3.254e-04,     -0.0223
 790,   1.453e-01,   3.179e-01,   2.079e-03,       0.146,       0.000,       0.989,   2.466e-04,      0.0921
 791,   1.542e-01,   3.179e-01,   8.574e-04,       0.120,       0.000,       0.993,   1.534e-04,      0.1827
 792,   1.588e-01,   3.179e-01,   3.496e-04,       0.082,       0.000,       0.997,   5.195e-05,      0.2250
Strip 31
 793,   1.588e-01,   3.391e-01,   2.322e-04,       0.019,       0.000,      -1.000,   4.656e-05,      0.2285
 794,   1.542e-01,   3.391e-01,   3.273e-05,       0.052,       0.000,      -0.999,   1.371e-04,      0.1991
 795,   1.453e-01,   3.391e-01,  -5.423e-04,       0.072,      -0.000,      -0.997,   2.200e-04,      0.1547
 796,   1.326e-01,   3.391e-01,  -1.498e-03,       0.077,       0.000,      -0.997,   2.899e-04,      0.1068
 797,   1.169e-01,   3.391e-01,  -2.661e-03,       0.071,       0.000,      -0.998,   3.428e-04,      0.0685
 798,   9.897e-02,   3.391e-01,  -3.769e-03,       0.054,       0.000,      -0.999,   3.755e-04,      0.0508
 799,   7.997e-02,   3.391e-01,  -4.587e-03,       0.033,       0.000,      -0.999,   3.864e-04,      0.0608
 800,   6.097e-02,   3.391e-01,  -5.007e-03,       0.011,       0.000,      -1.000,   3.750e-04,      0.0965
 801,   4.307e-02,   3.391e-01,  -5.009e-03,      -0.012,       0.000,      -1.000,   3.420e-04,      0.1570
 802,   2.732e-02,   3.391e-01,  -4.585e-03,      -0.044,      -0.000,      -0.999,   2.893e-04,      0.2541
 803,   1.462e-02,   3.391e-01,  -3.703e-03,      -0.102,      -0.000,      -0.995,   2.205e-04,      0.4286
 804,   5.725e-03,   3.391e-01,  -2.343e-03,      -0.228,       0.000,      -0.974,   1.406e-04,      0.7741
 805,   1.144e-03,   3.391e-01,  -7.216e-04,      -0.577,       0.000,      -0.817,   5.700e-05,      0.8908
 806,   1.144e-03,   3.391e-01,   1.487e-03,      -0.767,       0.000,       0.642,   7.249e-05,     -2.5818
 807,   5.725e-03,   3.391e-01,   4.460e-03,      -0.421,       0.000,       0.907,   1.509e-04,     -1.6660
 808,   1.462e-02,   3.391e-01,   7.393e-03,      -0.239,      -0.000,       0.971,   2.259e-04,     -1.2331
 809,   2.732e-02,   3.391e-01,   9.671e-03,      -0.128,      -0.000,       0.992,   2.914e-04,     -0.9598
 810,   4.307e-02,   3.391e-01,   1.103e-02,      -0.050,      -0.000,       0.999,   3.424e-04,     -0.7603
 811,   6.097e-02,   3.391e-01,   1.133e-02,       0.014,       0.000,       1.000,   3.750e-04,     -0.6023
 812,   7.997e-02,   3.391e-01,   1.049e-02,       0.073,       0.000,       0.997,   3.872e-04,     -0.4473
 813,   9.897e-02,   3.391e-01,   8.692e-03,       0.117,       0.000,       0.993,   3.775e-04,     -0.2895
 814,   1.169e-01,   3.391e-01,   6.363e-03,       0.143,       0.000,       0.990,   3.455e-04,     -0.1446
 815,   1.326e-01,   3.391e-01,   4.010e-03,       0.154,       0.000,       0.988,   2.925e-04,     -0.0160
 816,   1.453e-01,   3.391e-01,   2.079e-03,       0.146,       0.000,       0.989,   2.218e-04,      0.0927
 817,   1.542e-01,   3.391e-01,   8.574e-04,       0.120,       0.000,       0.993,   1.379e-04,      0.1791
 818,   1.588e-01,   3.391e-01,   3.496e-04,       0.082,      -0.000,       0.997,   4.670e-05,      0.2194
Strip 32
 819,   1.588e-01,   3.579e-01,   2.322e-04,       0.019,       0.000,      -1.000,   4.101e-05,      0.2179
 820,   1.542e-01,   3.579e-01,   3.273e-05,       0.052,       0.000,      -0.999,   1.208e-04,      0.1867
 821,   1.453e-01,   3.579e-01,  -5.423e-04,       0.072,       0.000,      -0.997,   1.938e-04,      0.1398
 822,   1.326e-01,   3.579e-01,  -1.498e-03,       0.077,       0.000,      -0.997,   2.554e-04,      0.0895
 823,   1.169e-01,   3.579e-01,  -2.661e-03,       0.071,       0.000,      -0.998,   3.020e-04,      0.0492
 824,   9.897e-02,   3.579e-01,  -3.769e-03,       0.054,       0.000,      -0.999,   3.308e-04,      0.0301
 825,   7.997e-02,   3.579e-01,  -4.587e-03,       0.033,       0.000,      -0.999,   3.404e-04,      0.0384
 826,   6.097e-02,   3.579e-01,  -5.007e-03,       0.011,       0.000,      -1.000,   3.303e-04,      0.0716
 827,   4.307e-02,   3.579e-01,  -5.009e-03,      -0.012,       0.000,      -1.000,   3.013e-04,      0.1283
 828,   2.732e-02,   3.579e-01,  -4.585e-03,      -0.044,       0.000,      -0.999,   2.549e-04,      0.2204
 829,   1.462e-02,   3.579e-01,  -3.703e-03,      -0.102,       0.000,      -0.995,   1.943e-04,      0.3886
 830,   5.725e-03,   3.579e-01,  -2.343e-03,      -0.228,       0.000,      -0.974,   1.239e-04,      0.7326
 831,   1.144e-03,   3.579e-01,  -7.216e-04,      -0.577,       0.000,      -0.817,   5.021e-05,      0.9395
 832,   1.144e-03,   3.579e-01,   1.487e-03,      -0.767,       0.000,       0.642,   6.386e-05,     -2.2575
 833,   5.725e-03,   3.579e-01,   4.460e-03,      -0.421,       0.000,       0.907,   1.330e-04,     -1.5270
 834,   1.462e-02,   3.579e-01,   7.393e-03,      -0.239,       0.000,       0.971,   1.990e-04,     -1.1457
 835,   2.732e-02,   3.579e-01,   9.671e-03,      -0.128,       0.000,       0.992,   2.567e-04,     -0.8925
 836,   4.307e-02,   3.579e-01,   1.103e-02,      -0.050,       0.000,       0.999,   3.016e-04,     -0.7047
 837,   6.097e-02,   3.579e-01,   1.133e-02,       0.014,       0.000,       1.000,   3.303e-04,     -0.5566
 838,   7.997e-02,   3.579e-01,   1.049e-02,       0.073,       0.000,       0.997,   3.411e-04,     -0.4121
 839,   9.897e-02,   3.579e-01,   8.692e-03,       0.117,       0.000,       0.993,   3.326e-04,     -0.2655
 840,   1.169e-01,   3.579e-01,   6.363e-03,       0.143,       0.000,       0.990,   3.043e-04,     -0.1315
 841,   1.326e-01,   3.579e-01,   4.010e-03,       0.154,       0.000,       0.988,   2.577e-04,     -0.0123
 842,   1.453e-01,   3.579e-01,   2.079e-03,       0.146,      -0.000,       0.989,   1.954e-04,      0.0893
 843,   1.542e-01,   3.579e-01,   8.574e-04,       0.120,      -0.000,       0.993,   1.215e-04,      0.1706
 844,   1.588e-01,   3.579e-01,   3.496e-04,       0.082,       0.000,       0.997,   4.114e-05,      0.2082
Strip 33
 845,   1.588e-01,   3.743e-01,   2.322e-04,       0.019,       0.000,      -1.000,   3.519e-05,      0.1997
 846,   1.542e-01,   3.743e-01,   3.273e-05,       0.052,      -0.000,      -0.999,   1.036e-04,      0.1666
 847,   1.453e-01,   3.743e-01,  -5.423e-04,       0.072,       0.000,      -0.997,   1.662e-04,      0.1168
 848,   1.326e-01,   3.743e-01,  -1.498e-03,       0.077,       0.000,      -0.997,   2.191e-04,      0.0647
 849,   1.169e-01,   3.743e-01,  -2.661e-03,       0.071,       0.000,      -0.998,   2.591e-04,      0.0237
 850,   9.897e-02,   3.743e-01,  -3.769e-03,       0.054,       0.000,      -0.999,   2.838e-04,      0.0046
 851,   7.997e-02,   3.743e-01,  -4.587e-03,       0.033,       0.000,      -0.999,   2.920e-04,      0.0126
 852,   6.097e-02,   3.743e-01,  -5.007e-03,       0.011,       0.000,      -1.000,   2.834e-04,      0.0437
 853,   4.307e-02,   3.743e-01,  -5.009e-03,      -0.012,       0.000,      -1.000,   2.585e-04,      0.0961
 854,   2.732e-02,   3.743e-01,  -4.585e-03,      -0.044,       0.000,      -0.999,   2.187e-04,      0.1815
 855,   1.462e-02,   3.743e-01,  -3.703e-03,      -0.102,       0.000,      -0.995,   1.667e-04,      0.3416
 856,   5.725e-03,   3.743e-01,  -2.343e-03,      -0.228,       0.000,      -0.974,   1.063e-04,      0.6818
 857,   1.144e-03,   3.743e-01,  -7.216e-04,      -0.577,       0.000,      -0.817,   4.308e-05,      0.9757
 858,   1.144e-03,   3.743e-01,   1.487e-03,      -0.767,       0.000,       0.642,   5.479e-05,     -1.9217
 859,   5.725e-03,   3.743e-01,   4.460e-03,      -0.421,       0.000,       0.907,   1.141e-04,     -1.3789
 860,   1.462e-02,   3.743e-01,   7.393e-03,      -0.239,       0.000,       0.971,   1.708e-04,     -1.0495
 861,   2.732e-02,   3.743e-01,   9.671e-03,      -0.128,       0.000,       0.992,   2.203e-04,     -0.8167
 862,   4.307e-02,   3.743e-01,   1.103e-02,      -0.050,       0.000,       0.999,   2.588e-04,     -0.6421
 863,   6.097e-02,   3.743e-01,   1.133e-02,       0.014,       0.000,       1.000,   2.834e-04,     -0.5061
 864,   7.997e-02,   3.743e-01,   1.049e-02,       0.073,      -0.000,       0.997,   2.927e-04,     -0.3748
 865,   9.897e-02,   3.743e-01,   8.692e-03,       0.117,      -0.000,       0.993,   2.854e-04,     -0.2423
 866,   1.169e-01,   3.743e-01,   6.363e-03,       0.143,       0.000,       0.990,   2.611e-04,     -0.1219
 867,   1.326e-01,   3.743e-01,   4.010e-03,       0.154,       0.000,       0.988,   2.211e-04,     -0.0148
 868,   1.453e-01,   3.743e-01,   2.079e-03,       0.146,       0.000,       0.989,   1.676e-04,      0.0774
 869,   1.542e-01,   3.743e-01,   8.574e-04,       0.120,       0.000,       0.993,   1.043e-04,      0.1525
 870,   1.588e-01,   3.743e-01,   3.496e-04,       0.082,       0.000,       0.997,   3.530e-05,      0.1870
Strip 34
 871,   1.588e-01,   3.881e-01,   2.322e-04,       0.019,       0.000,      -1.000,   2.913e-05,      0.1662
 872,   1.542e-01,   3.881e-01,   3.273e-05,       0.052,       0.000,      -0.999,   8.578e-05,      0.1311
 873,   1.453e-01,   3.881e-01,  -5.423e-04,       0.072,       0.000,      -0.997,   1.376e-04,      0.0788
 874,   1.326e-01,   3.881e-01,  -1.498e-03,       0.077,       0.000,      -0.997,   1.814e-04,      0.0265
 875,   1.169e-01,   3.881e-01,  -2.661e-03,       0.071,       0.000,      -0.998,   2.145e-04,     -0.0122
 876,   9.897e-02,   3.881e-01,  -3.769e-03,       0.054,       0.000,      -0.999,   2.349e-04,     -0.0280
 877,   7.997e-02,   3.881e-01,  -4.587e-03,       0.033,       0.000,      -0.999,   2.417e-04,     -0.0180
 878,   6.097e-02,   3.881e-01,  -5.007e-03,       0.011,       0.000,      -1.000,   2.346e-04,      0.0123
 879,   4.307e-02,   3.881e-01,  -5.009e-03,      -0.012,       0.000,      -1.000,   2.139e-04,      0.0601
 880,   2.732e-02,   3.881e-01,  -4.585e-03,      -0.044,       0.000,      -0.999,   1.810e-04,      0.1370
 881,   1.462e-02,   3.881e-01,  -3.703e-03,      -0.102,       0.000,      -0.995,   1.380e-04,      0.2858
 882,   5.725e-03,   3.881e-01,  -2.343e-03,      -0.228,       0.000,      -0.974,   8.798e-05,      0.6189
 883,   1.144e-03,   3.881e-01,  -7.216e-04,      -0.577,       0.000,      -0.817,   3.566e-05,      0.9942
 884,   1.144e-03,   3.881e-01,   1.487e-03,      -0.767,       0.000,       0.642,   4.535e-05,     -1.5810
 885,   5.725e-03,   3.881e-01,   4.460e-03,      -0.421,       0.000,       0.907,   9.442e-05,     -1.2238
 886,   1.462e-02,   3.881e-01,   7.393e-03,      -0.239,       0.000,       0.971,   1.413e-04,     -0.9443
 887,   2.732e-02,   3.881e-01,   9.671e-03,      -0.128,       0.000,       0.992,   1.823e-04,     -0.7325
 888,   4.307e-02,   3.881e-01,   1.103e-02,      -0.050,       0.000,       0.999,   2.142e-04,     -0.5741
 889,   6.097e-02,   3.881e-01,   1.133e-02,       0.014,       0.000,       1.000,   2.346e-04,     -0.4539
 890,   7.997e-02,   3.881e-01,   1.049e-02,       0.073,       0.000,       0.997,   2.422e-04,     -0.3394
 891,   9.897e-02,   3.881e-01,   8.692e-03,       0.117,       0.000,       0.993,   2.362e-04,     -0.2248
 892,   1.169e-01,   3.881e-01,   6.363e-03,       0.143,       0.000,       0.990,   2.161e-04,     -0.1224
 893,   1.326e-01,   3.881e-01,   4.010e-03,       0.154,       0.000,       0.988,   1.830e-04,     -0.0317
 894,   1.453e-01,   3.881e-01,   2.079e-03,       0.146,       0.000,       0.989,   1.387e-04,      0.0478
 895,   1.542e-01,   3.881e-01,   8.574e-04,       0.120,       0.000,       0.993,   8.629e-05,      0.1147
 896,   1.588e-01,   3.881e-01,   3.496e-04,       0.082,       0.000,       0.997,   2.922e-05,      0.1455
Strip 35
 897,   1.588e-01,   3.993e-01,   2.322e-04,       0.019,       0.000,      -1.000,   2.286e-05,      0.0973
 898,   1.542e-01,   3.993e-01,   3.273e-05,       0.052,       0.000,      -0.999,   6.734e-05,      0.0605
 899,   1.453e-01,   3.993e-01,  -5.423e-04,       0.072,       0.000,      -0.997,   1.080e-04,      0.0082
 900,   1.326e-01,   3.993e-01,  -1.498e-03,       0.077,       0.000,      -0.997,   1.424e-04,     -0.0382
 901,   1.169e-01,   3.993e-01,  -2.661e-03,       0.071,       0.000,      -0.998,   1.683e-04,     -0.0669
 902,   9.897e-02,   3.993e-01,  -3.769e-03,       0.054,      -0.000,      -0.999,   1.844e-04,     -0.0727
 903,   7.997e-02,   3.993e-01,  -4.587e-03,       0.033,      -0.000,      -0.999,   1.897e-04,     -0.0561
 904,   6.097e-02,   3.993e-01,  -5.007e-03,       0.011,       0.000,      -1.000,   1.841e-04,     -0.0241
 905,   4.307e-02,   3.993e-01,  -5.009e-03,      -0.012,       0.000,      -1.000,   1.679e-04,      0.0201
 906,   2.732e-02,   3.993e-01,  -4.585e-03,      -0.044,       0.000,      -0.999,   1.421e-04,      0.0867
 907,   1.462e-02,   3.993e-01,  -3.703e-03,      -0.102,       0.000,      -0.995,   1.083e-04,      0.2186
 908,   5.725e-03,   3.993e-01,  -2.343e-03,      -0.228,       0.000,      -0.974,   6.906e-05,      0.5386
 909,   1.144e-03,   3.993e-01,  -7.216e-04,      -0.577,       0.000,      -0.817,   2.799e-05,      0.9885
 910,   1.144e-03,   3.993e-01,   1.487e-03,      -0.767,       0.000,       0.642,   3.560e-05,     -1.2436
 911,   5.725e-03,   3.993e-01,   4.460e-03,      -0.421,       0.000,       0.907,   7.412e-05,     -1.0638
 912,   1.462e-02,   3.993e-01,   7.393e-03,      -0.239,       0.000,       0.971,   1.109e-04,     -0.8301
 913,   2.732e-02,   3.993e-01,   9.671e-03,      -0.128,       0.000,       0.992,   1.431e-04,     -0.6418
 914,   4.307e-02,   3.993e-01,   1.103e-02,      -0.050,       0.000,       0.999,   1.681e-04,     -0.5050
 915,   6.097e-02,   3.993e-01,   1.133e-02,       0.014,       0.000,       1.000,   1.841e-04,     -0.4058
 916,   7.997e-02,   3.993e-01,   1.049e-02,       0.073,       0.000,       0.997,   1.901e-04,     -0.3132
 917,   9.897e-02,   3.993e-01,   8.692e-03,       0.117,       0.000,       0.993,   1.854e-04,     -0.2231
 918,   1.169e-01,   3.993e-01,   6.363e-03,       0.143,       0.000,       0.990,   1.696e-04,     -0.1466
 919,   1.326e-01,   3.993e-01,   4.010e-03,       0.154,       0.000,       0.988,   1.436e-04,     -0.0815
 920,   1.453e-01,   3.993e-01,   2.079e-03,       0.146,       0.000,       0.989,   1.089e-04,     -0.0230
 921,   1.542e-01,   3.993e-01,   8.574e-04,       0.120,       0.000,       0.993,   6.773e-05,      0.0313
 922,   1.588e-01,   3.993e-01,   3.496e-04,       0.082,       0.000,       0.997,   2.293e-05,      0.0574
Strip 36
 923,   1.588e-01,   4.078e-01,   2.322e-04,       0.019,       0.000,      -1.000,   1.644e-05,     -0.0810
 924,   1.542e-01,   4.078e-01,   3.273e-05,       0.052,      -0.000,      -0.999,   4.843e-05,     -0.1157
 925,   1.453e-01,   4.078e-01,  -5.423e-04,       0.072,      -0.000,      -0.997,   7.768e-05,     -0.1507
 926,   1.326e-01,   4.078e-01,  -1.498e-03,       0.077,       0.000,      -0.997,   1.024e-04,     -0.1620
 927,   1.169e-01,   4.078e-01,  -2.661e-03,       0.071,       0.000,      -0.998,   1.211e-04,     -0.1534
 928,   9.897e-02,   4.078e-01,  -3.769e-03,       0.054,       0.000,      -0.999,   1.326e-04,     -0.1334
 929,   7.997e-02,   4.078e-01,  -4.587e-03,       0.033,       0.000,      -0.999,   1.365e-04,     -0.1026
 930,   6.097e-02,   4.078e-01,  -5.007e-03,       0.011,       0.000,      -1.000,   1.324e-04,     -0.0653
 931,   4.307e-02,   4.078e-01,  -5.009e-03,      -0.012,       0.000,      -1.000,   1.208e-04,     -0.0230
 932,   2.732e-02,   4.078e-01,  -4.585e-03,      -0.044,       0.000,      -0.999,   1.022e-04,      0.0326
 933,   1.462e-02,   4.078e-01,  -3.703e-03,      -0.102,       0.000,      -0.995,   7.788e-05,      0.1390
 934,   5.725e-03,   4.078e-01,  -2.343e-03,      -0.228,       0.000,      -0.974,   4.967e-05,      0.4288
 935,   1.144e-03,   4.078e-01,  -7.216e-04,      -0.577,       0.000,      -0.817,   2.013e-05,      0.9461
 936,   1.144e-03,   4.078e-01,   1.487e-03,      -0.767,       0.000,       0.642,   2.560e-05,     -0.9202
 937,   5.725e-03,   4.078e-01,   4.460e-03,      -0.421,       0.000,       0.907,   5.331e-05,     -0.9022
 938,   1.462e-02,   4.078e-01,   7.393e-03,      -0.239,       0.000,       0.971,   7.979e-05,     -0.7092
 939,   2.732e-02,   4.078e-01,   9.671e-03,      -0.128,       0.000,       0.992,   1.029e-04,     -0.5506
 940,   4.307e-02,   4.078e-01,   1.103e-02,      -0.050,       0.000,       0.999,   1.209e-04,     -0.4420
 941,   6.097e-02,   4.078e-01,   1.133e-02,       0.014,       0.000,       1.000,   1.324e-04,     -0.3684
 942,   7.997e-02,   4.078e-01,   1.049e-02,       0.073,       0.000,       0.997,   1.367e-04,     -0.3038
 943,   9.897e-02,   4.078e-01,   8.692e-03,       0.117,      -0.000,       0.993,   1.333e-04,     -0.2484
 944,   1.169e-01,   4.078e-01,   6.363e-03,       0.143,      -0.000,       0.990,   1.220e-04,     -0.2179
 945,   1.326e-01,   4.078e-01,   4.010e-03,       0.154,       0.000,       0.988,   1.033e-04,     -0.2125
 946,   1.453e-01,   4.078e-01,   2.079e-03,       0.146,      -0.000,       0.989,   7.832e-05,     -0.2113
 947,   1.542e-01,   4.078e-01,   8.574e-04,       0.120,      -0.000,       0.993,   4.871e-05,     -0.1891
 948,   1.588e-01,   4.078e-01,   3.496e-04,       0.082,       0.000,       0.997,   1.649e-05,     -0.1706
Strip 37
 949,   1.588e-01,   4.134e-01,   2.322e-04,       0.019,       0.000,      -1.000,   9.911e-06,     -0.8588
 950,   1.542e-01,   4.134e-01,   3.273e-05,       0.052,       0.000,      -0.999,   2.919e-05,     -0.8053
 951,   1.453e-01,   4.134e-01,  -5.423e-04,       0.072,       0.000,      -0.997,   4.682e-05,     -0.5765
 952,   1.326e-01,   4.134e-01,  -1.498e-03,       0.077,       0.000,      -0.997,   6.172e-05,     -0.3736
 953,   1.169e-01,   4.134e-01,  -2.661e-03,       0.071,       0.000,      -0.998,   7.297e-05,     -0.2654
 954,   9.897e-02,   4.134e-01,  -3.769e-03,       0.054,       0.000,      -0.999,   7.993e-05,     -0.2013
 955,   7.997e-02,   4.134e-01,  -4.587e-03,       0.033,       0.000,      -0.999,   8.225e-05,     -0.1524
 956,   6.097e-02,   4.134e-01,  -5.007e-03,       0.011,       0.000,      -1.000,   7.982e-05,     -0.1100
 957,   4.307e-02,   4.134e-01,  -5.009e-03,      -0.012,       0.000,      -1.000,   7.279e-05,     -0.0701
 958,   2.732e-02,   4.134e-01,  -4.585e-03,      -0.044,       0.000,      -0.999,   6.159e-05,     -0.0249
 959,   1.462e-02,   4.134e-01,  -3.703e-03,      -0.102,       0.000,      -0.995,   4.694e-05,      0.0508
 960,   5.725e-03,   4.134e-01,  -2.343e-03,      -0.228,       0.000,      -0.974,   2.994e-05,      0.2684
 961,   1.144e-03,   4.134e-01,  -7.216e-04,      -0.577,       0.000,      -0.817,   1.213e-05,      0.8178
 962,   1.144e-03,   4.134e-01,   1.487e-03,      -0.767,       0.000,       0.642,   1.543e-05,     -0.6452
 963,   5.725e-03,   4.134e-01,   4.460e-03,      -0.421,       0.000,       0.907,   3.213e-05,     -0.7581
 964,   1.462e-02,   4.134e-01,   7.393e-03,      -0.239,       0.000,       0.971,   4.809e-05,     -0.5940
 965,   2.732e-02,   4.134e-01,   9.671e-03,      -0.128,       0.000,       0.992,   6.204e-05,     -0.4694
 966,   4.307e-02,   4.134e-01,   1.103e-02,      -0.050,       0.000,       0.999,   7.288e-05,     -0.3949
 967,   6.097e-02,   4.134e-01,   1.133e-02,       0.014,       0.000,       1.000,   7.982e-05,     -0.3532
 968,   7.997e-02,   4.134e-01,   1.049e-02,       0.073,       0.000,       0.997,   8.242e-05,     -0.3243
 969,   9.897e-02,   4.134e-01,   8.692e-03,       0.117,       0.000,       0.993,   8.036e-05,     -0.3114
 970,   1.169e-01,   4.134e-01,   6.363e-03,       0.143,       0.000,       0.990,   7.354e-05,     -0.3431
 971,   1.326e-01,   4.134e-01,   4.010e-03,       0.154,       0.000,       0.988,   6.227e-05,     -0.4717
 972,   1.453e-01,   4.134e-01,   2.079e-03,       0.146,       0.000,       0.989,   4.721e-05,     -0.7553
 973,   1.542e-01,   4.134e-01,   8.574e-04,       0.120,       0.000,       0.993,   2.936e-05,     -1.0560
 974,   1.588e-01,   4.134e-01,   3.496e-04,       0.082,       0.000,       0.997,   9.942e-06,     -1.1220
Strip 38
 975,   1.588e-01,   4.163e-01,   2.322e-04,       0.019,      -0.000,      -1.000,   3.311e-06,     -1.9003
 976,   1.542e-01,   4.163e-01,   3.273e-05,       0.052,       0.000,      -0.999,   9.752e-06,     -1.7273
 977,   1.453e-01,   4.163e-01,  -5.423e-04,       0.072,       0.000,      -0.997,   1.564e-05,     -1.1052
 978,   1.326e-01,   4.163e-01,  -1.498e-03,       0.077,       0.000,      -0.997,   2.062e-05,     -0.5830
 979,   1.169e-01,   4.163e-01,  -2.661e-03,       0.071,       0.000,      -0.998,   2.438e-05,     -0.3475
 980,   9.897e-02,   4.163e-01,  -3.769e-03,       0.054,       0.000,      -0.999,   2.670e-05,     -0.2429
 981,   7.997e-02,   4.163e-01,  -4.587e-03,       0.033,       0.000,      -0.999,   2.748e-05,     -0.1825
 982,   6.097e-02,   4.163e-01,  -5.007e-03,       0.011,       0.000,      -1.000,   2.667e-05,     -0.1386
 983,   4.307e-02,   4.163e-01,  -5.009e-03,      -0.012,       0.000,      -1.000,   2.432e-05,     -0.1012
 984,   2.732e-02,   4.163e-01,  -4.585e-03,      -0.044,       0.000,      -0.999,   2.058e-05,     -0.0613
 985,   1.462e-02,   4.163e-01,  -3.703e-03,      -0.102,       0.000,      -0.995,   1.568e-05,      0.0010
 986,   5.725e-03,   4.163e-01,  -2.343e-03,      -0.228,       0.000,      -0.974,   1.000e-05,      0.1635
 987,   1.144e-03,   4.163e-01,  -7.216e-04,      -0.577,       0.000,      -0.817,   4.054e-06,      0.6685
 988,   1.144e-03,   4.163e-01,   1.487e-03,      -0.767,       0.000,       0.642,   5.156e-06,     -0.4556
 989,   5.725e-03,   4.163e-01,   4.460e-03,      -0.421,       0.000,       0.907,   1.073e-05,     -0.6424
 990,   1.462e-02,   4.163e-01,   7.393e-03,      -0.239,       0.000,       0.971,   1.607e-05,     -0.5022
 991,   2.732e-02,   4.163e-01,   9.671e-03,      -0.128,       0.000,       0.992,   2.073e-05,     -0.4115
 992,   4.307e-02,   4.163e-01,   1.103e-02,      -0.050,       0.000,       0.999,   2.435e-05,     -0.3658
 993,   6.097e-02,   4.163e-01,   1.133e-02,       0.014,       0.000,       1.000,   2.667e-05,     -0.3492
 994,   7.997e-02,   4.163e-01,   1.049e-02,       0.073,       0.000,       0.997,   2.754e-05,     -0.3483
 995,   9.897e-02,   4.163e-01,   8.692e-03,       0.117,       0.000,       0.993,   2.685e-05,     -0.3662
 996,   1.169e-01,   4.163e-01,   6.363e-03,       0.143,       0.000,       0.990,   2.457e-05,     -0.4373
 997,   1.326e-01,   4.163e-01,   4.010e-03,       0.154,       0.000,       0.988,   2.080e-05,     -0.6625
 998,   1.453e-01,   4.163e-01,   2.079e-03,       0.146,       0.000,       0.989,   1.577e-05,     -1.2528
 999,   1.542e-01,   4.163e-01,   8.574e-04,       0.120,       0.000,       0.993,   9.810e-06,     -2.0394
1000,   1.588e-01,   4.163e-01,   3.496e-04,       0.082,      -0.000,       0.997,   3.322e-06,     -2.2678










