xflr5 v6.61

Test
T1-21.0 m/s-Panel-Inviscid
QInf  =,   21.000000 ,m/s
Alpha = ,  15.000000
Beta  = ,   0.000°
Phi   = ,   0.000°
Ctrl  = ,   0.000
CL    = ,   1.170292
Cy    = ,   0.000000
Cd=,   0.082741,ICd=,    0.082741,PCd=,    0.000000
Cl   = ,9.60583e-16
Cm   =,   -0.303811
ICn=,   -0.000000,PCn=,   -0.000000
XCP=,    0.039603, YCP=,   -0.000000, ZCP=,    0.004935 
XNP=,    0.000000
Bending =,    3.501001

Main Wing
  y-span,Chord,Ai,Cl,PCd,ICd,CmGeom,CmAirf@chord/4,XTrtop,XTrBot,XCP,BM
   -0.4163,   0.1600, -7.772, 0.172869, 0.000000, 0.023595,-0.114503,-0.028754, 0.0000, 0.0000, 0.3334, 0.0000
   -0.4134,   0.1600, -7.368, 0.296632, 0.000000, 0.038356,-0.119118,-0.018639, 0.0000, 0.0000, 0.2941, 0.0000
   -0.4078,   0.1600, -7.005, 0.424742, 0.000000, 0.052187,-0.104401, 0.011505, 0.0000, 0.0000, 0.2211, 0.0004
   -0.3993,   0.1600, -6.669, 0.547565, 0.000000, 0.064022,-0.121236, 0.019579, 0.0000, 0.0000, 0.2106, 0.0021
   -0.3881,   0.1600, -6.333, 0.662547, 0.000000, 0.073528,-0.148895, 0.019239, 0.0000, 0.0000, 0.2166, 0.0069
   -0.3743,   0.1600, -5.994, 0.768306, 0.000000, 0.080671,-0.179261, 0.015659, 0.0000, 0.0000, 0.2252, 0.0179
   -0.3579,   0.1600, -5.656, 0.864067, 0.000000, 0.085580,-0.208927, 0.010997, 0.0000, 0.0000, 0.2329, 0.0393
   -0.3391,   0.1600, -5.325, 0.949512, 0.000000, 0.088494,-0.236352, 0.006238, 0.0000, 0.0000, 0.2390, 0.0765
   -0.3179,   0.1600, -5.005, 1.024715, 0.000000, 0.089749,-0.260864, 0.001842, 0.0000, 0.0000, 0.2437, 0.1358
   -0.2946,   0.1600, -4.705, 1.090053, 0.000000, 0.089721,-0.282247,-0.001987, 0.0000, 0.0000, 0.2473, 0.2245
   -0.2693,   0.1600, -4.430, 1.146116, 0.000000, 0.088793,-0.300555,-0.005199, 0.0000, 0.0000, 0.2499, 0.3504
   -0.2421,   0.1600, -4.184, 1.193611, 0.000000, 0.087308,-0.315980,-0.007822, 0.0000, 0.0000, 0.2519, 0.5212
   -0.2133,   0.1600, -3.968, 1.233274, 0.000000, 0.085545,-0.328772,-0.009917, 0.0000, 0.0000, 0.2533, 0.7447
   -0.1830,   0.1600, -3.785, 1.265827, 0.000000, 0.083733,-0.339197,-0.011559, 0.0000, 0.0000, 0.2544, 1.0278
   -0.1515,   0.1600, -3.633, 1.291918, 0.000000, 0.082034,-0.347495,-0.012817, 0.0000, 0.0000, 0.2551, 1.3767
   -0.1189,   0.1600, -3.513, 1.312106, 0.000000, 0.080561,-0.353877,-0.013752, 0.0000, 0.0000, 0.2557, 1.7962
   -0.0855,   0.1600, -3.425, 1.326847, 0.000000, 0.079400,-0.358516,-0.014413, 0.0000, 0.0000, 0.2560, 2.2895
   -0.0515,   0.1600, -3.366, 1.336485, 0.000000, 0.078602,-0.361538,-0.014834, 0.0000, 0.0000, 0.2562, 2.8580
   -0.0172,   0.1600, -3.337, 1.341248, 0.000000, 0.078197,-0.363029,-0.015039, 0.0000, 0.0000, 0.2564, 3.5010
    0.0172,   0.1600, -3.337, 1.341248, 0.000000, 0.078197,-0.363029,-0.015039, 0.0000, 0.0000, 0.2564, 3.5010
    0.0515,   0.1600, -3.366, 1.336485, 0.000000, 0.078602,-0.361538,-0.014834, 0.0000, 0.0000, 0.2562, 2.8580
    0.0855,   0.1600, -3.425, 1.326847, 0.000000, 0.079400,-0.358516,-0.014413, 0.0000, 0.0000, 0.2560, 2.2895
    0.1189,   0.1600, -3.513, 1.312106, 0.000000, 0.080561,-0.353877,-0.013752, 0.0000, 0.0000, 0.2557, 1.7962
    0.1515,   0.1600, -3.633, 1.291918, 0.000000, 0.082034,-0.347495,-0.012817, 0.0000, 0.0000, 0.2551, 1.3767
    0.1830,   0.1600, -3.785, 1.265827, 0.000000, 0.083733,-0.339197,-0.011559, 0.0000, 0.0000, 0.2544, 1.0278
    0.2133,   0.1600, -3.968, 1.233274, 0.000000, 0.085545,-0.328772,-0.009917, 0.0000, 0.0000, 0.2533, 0.7447
    0.2421,   0.1600, -4.184, 1.193611, 0.000000, 0.087308,-0.315980,-0.007822, 0.0000, 0.0000, 0.2519, 0.5212
    0.2693,   0.1600, -4.430, 1.146116, 0.000000, 0.088793,-0.300555,-0.005199, 0.0000, 0.0000, 0.2499, 0.3504
    0.2946,   0.1600, -4.705, 1.090053, 0.000000, 0.089721,-0.282247,-0.001987, 0.0000, 0.0000, 0.2473, 0.2245
    0.3179,   0.1600, -5.005, 1.024715, 0.000000, 0.089749,-0.260864, 0.001842, 0.0000, 0.0000, 0.2437, 0.1358
    0.3391,   0.1600, -5.325, 0.949512, 0.000000, 0.088494,-0.236352, 0.006238, 0.0000, 0.0000, 0.2390, 0.0765
    0.3579,   0.1600, -5.656, 0.864067, 0.000000, 0.085580,-0.208927, 0.010997, 0.0000, 0.0000, 0.2329, 0.0393
    0.3743,   0.1600, -5.994, 0.768306, 0.000000, 0.080671,-0.179261, 0.015659, 0.0000, 0.0000, 0.2252, 0.0179
    0.3881,   0.1600, -6.333, 0.662547, 0.000000, 0.073528,-0.148895, 0.019239, 0.0000, 0.0000, 0.2166, 0.0069
    0.3993,   0.1600, -6.669, 0.547565, 0.000000, 0.064022,-0.121236, 0.019579, 0.0000, 0.0000, 0.2106, 0.0021
    0.4078,   0.1600, -7.005, 0.424742, 0.000000, 0.052187,-0.104401, 0.011505, 0.0000, 0.0000, 0.2211, 0.0004
    0.4134,   0.1600, -7.368, 0.296632, 0.000000, 0.038356,-0.119118,-0.018639, 0.0000, 0.0000, 0.2941, 0.0000
    0.4163,   0.1600, -7.772, 0.172869, 0.000000, 0.023595,-0.114503,-0.028754, 0.0000, 0.0000, 0.3334, 0.0000


Main Wing Cp Coefficients
Panel,CtrlPt.x,CtrlPt.y,CtrlPt.z,Nx,Ny,Nz,Area,Cp
Main WingCp Coefficients
Strip 1
  13,   1.588e-01,  -4.163e-01,   2.322e-04,       0.019,       0.000,      -1.000,   3.311e-06,     -4.0203
  14,   1.542e-01,  -4.163e-01,   3.273e-05,       0.052,       0.000,      -0.999,   9.752e-06,     -3.6406
  15,   1.453e-01,  -4.163e-01,  -5.423e-04,       0.072,       0.000,      -0.997,   1.564e-05,     -2.3011
  16,   1.326e-01,  -4.163e-01,  -1.498e-03,       0.077,       0.000,      -0.997,   2.062e-05,     -1.1891
  17,   1.169e-01,  -4.163e-01,  -2.661e-03,       0.071,       0.000,      -0.998,   2.438e-05,     -0.6829
  18,   9.897e-02,  -4.163e-01,  -3.769e-03,       0.054,       0.000,      -0.999,   2.670e-05,     -0.4562
  19,   7.997e-02,  -4.163e-01,  -4.587e-03,       0.033,       0.000,      -0.999,   2.748e-05,     -0.3297
  20,   6.097e-02,  -4.163e-01,  -5.007e-03,       0.011,       0.000,      -1.000,   2.667e-05,     -0.2420
  21,   4.307e-02,  -4.163e-01,  -5.009e-03,      -0.012,       0.000,      -1.000,   2.432e-05,     -0.1678
  22,   2.732e-02,  -4.163e-01,  -4.585e-03,      -0.044,       0.000,      -0.999,   2.058e-05,     -0.0883
  23,   1.462e-02,  -4.163e-01,  -3.703e-03,      -0.102,       0.000,      -0.995,   1.568e-05,      0.0276
  24,   5.725e-03,  -4.163e-01,  -2.343e-03,      -0.228,       0.000,      -0.974,   1.000e-05,      0.2716
  25,   1.144e-03,  -4.163e-01,  -7.216e-04,      -0.577,       0.000,      -0.817,   4.054e-06,      0.7376
  26,   1.144e-03,  -4.163e-01,   1.487e-03,      -0.767,       0.000,       0.642,   5.156e-06,     -1.2298
  27,   5.725e-03,  -4.163e-01,   4.460e-03,      -0.421,       0.000,       0.907,   1.073e-05,     -0.9815
  28,   1.462e-02,  -4.163e-01,   7.393e-03,      -0.239,       0.000,       0.971,   1.607e-05,     -0.6927
  29,   2.732e-02,  -4.163e-01,   9.671e-03,      -0.128,       0.000,       0.992,   2.073e-05,     -0.5594
  30,   4.307e-02,  -4.163e-01,   1.103e-02,      -0.050,       0.000,       0.999,   2.435e-05,     -0.5086
  31,   6.097e-02,  -4.163e-01,   1.133e-02,       0.014,       0.000,       1.000,   2.667e-05,     -0.5050
  32,   7.997e-02,  -4.163e-01,   1.049e-02,       0.073,       0.000,       0.997,   2.754e-05,     -0.5343
  33,   9.897e-02,  -4.163e-01,   8.692e-03,       0.117,       0.000,       0.993,   2.685e-05,     -0.6098
  34,   1.169e-01,  -4.163e-01,   6.363e-03,       0.143,       0.000,       0.990,   2.457e-05,     -0.7974
  35,   1.326e-01,  -4.163e-01,   4.010e-03,       0.154,       0.000,       0.988,   2.080e-05,     -1.2962
  36,   1.453e-01,  -4.163e-01,   2.079e-03,       0.146,       0.000,       0.989,   1.577e-05,     -2.5129
  37,   1.542e-01,  -4.163e-01,   8.574e-04,       0.120,       0.000,       0.993,   9.810e-06,     -4.0994
  38,   1.588e-01,  -4.163e-01,   3.496e-04,       0.082,       0.000,       0.997,   3.322e-06,     -4.5825
Strip 2
  39,   1.588e-01,  -4.134e-01,   2.322e-04,       0.019,       0.000,      -1.000,   9.911e-06,     -1.9384
  40,   1.542e-01,  -4.134e-01,   3.273e-05,       0.052,       0.000,      -0.999,   2.919e-05,     -1.8000
  41,   1.453e-01,  -4.134e-01,  -5.423e-04,       0.072,       0.000,      -0.997,   4.682e-05,     -1.2677
  42,   1.326e-01,  -4.134e-01,  -1.498e-03,       0.077,       0.000,      -0.997,   6.172e-05,     -0.7855
  43,   1.169e-01,  -4.134e-01,  -2.661e-03,       0.071,       0.000,      -0.998,   7.297e-05,     -0.5175
  44,   9.897e-02,  -4.134e-01,  -3.769e-03,       0.054,       0.000,      -0.999,   7.993e-05,     -0.3633
  45,   7.997e-02,  -4.134e-01,  -4.587e-03,       0.033,       0.000,      -0.999,   8.225e-05,     -0.2576
  46,   6.097e-02,  -4.134e-01,  -5.007e-03,       0.011,       0.000,      -1.000,   7.982e-05,     -0.1735
  47,   4.307e-02,  -4.134e-01,  -5.009e-03,      -0.012,       0.000,      -1.000,   7.279e-05,     -0.0960
  48,   2.732e-02,  -4.134e-01,  -4.585e-03,      -0.044,       0.000,      -0.999,   6.159e-05,     -0.0074
  49,   1.462e-02,  -4.134e-01,  -3.703e-03,      -0.102,       0.000,      -0.995,   4.694e-05,      0.1301
  50,   5.725e-03,  -4.134e-01,  -2.343e-03,      -0.228,       0.000,      -0.974,   2.994e-05,      0.4403
  51,   1.144e-03,  -4.134e-01,  -7.216e-04,      -0.577,       0.000,      -0.817,   1.213e-05,      0.8613
  52,   1.144e-03,  -4.134e-01,   1.487e-03,      -0.767,       0.000,       0.642,   1.543e-05,     -1.7249
  53,   5.725e-03,  -4.134e-01,   4.460e-03,      -0.421,       0.000,       0.907,   3.213e-05,     -1.1725
  54,   1.462e-02,  -4.134e-01,   7.393e-03,      -0.239,       0.000,       0.971,   4.809e-05,     -0.8045
  55,   2.732e-02,  -4.134e-01,   9.671e-03,      -0.128,       0.000,       0.992,   6.204e-05,     -0.6126
  56,   4.307e-02,  -4.134e-01,   1.103e-02,      -0.050,       0.000,       0.999,   7.288e-05,     -0.5177
  57,   6.097e-02,  -4.134e-01,   1.133e-02,       0.014,       0.000,       1.000,   7.982e-05,     -0.4768
  58,   7.997e-02,  -4.134e-01,   1.049e-02,       0.073,       0.000,       0.997,   8.242e-05,     -0.4661
  59,   9.897e-02,  -4.134e-01,   8.692e-03,       0.117,       0.000,       0.993,   8.036e-05,     -0.4961
  60,   1.169e-01,  -4.134e-01,   6.363e-03,       0.143,       0.000,       0.990,   7.354e-05,     -0.6145
  61,   1.326e-01,  -4.134e-01,   4.010e-03,       0.154,       0.000,       0.988,   6.227e-05,     -0.9188
  62,   1.453e-01,  -4.134e-01,   2.079e-03,       0.146,       0.000,       0.989,   4.721e-05,     -1.5220
  63,   1.542e-01,  -4.134e-01,   8.574e-04,       0.120,       0.000,       0.993,   2.936e-05,     -2.1650
  64,   1.588e-01,  -4.134e-01,   3.496e-04,       0.082,       0.000,       0.997,   9.942e-06,     -2.3325
Strip 3
  65,   1.588e-01,  -4.078e-01,   2.322e-04,       0.019,       0.000,      -1.000,   1.644e-05,     -0.3577
  66,   1.542e-01,  -4.078e-01,   3.273e-05,       0.052,       0.000,      -0.999,   4.843e-05,     -0.3891
  67,   1.453e-01,  -4.078e-01,  -5.423e-04,       0.072,       0.000,      -0.997,   7.768e-05,     -0.3973
  68,   1.326e-01,  -4.078e-01,  -1.498e-03,       0.077,       0.000,      -0.997,   1.024e-04,     -0.3578
  69,   1.169e-01,  -4.078e-01,  -2.661e-03,       0.071,       0.000,      -0.998,   1.211e-04,     -0.2907
  70,   9.897e-02,  -4.078e-01,  -3.769e-03,       0.054,       0.000,      -0.999,   1.326e-04,     -0.2197
  71,   7.997e-02,  -4.078e-01,  -4.587e-03,       0.033,       0.000,      -0.999,   1.365e-04,     -0.1473
  72,   6.097e-02,  -4.078e-01,  -5.007e-03,       0.011,       0.000,      -1.000,   1.324e-04,     -0.0735
  73,   4.307e-02,  -4.078e-01,  -5.009e-03,      -0.012,       0.000,      -1.000,   1.208e-04,      0.0064
  74,   2.732e-02,  -4.078e-01,  -4.585e-03,      -0.044,      -0.000,      -0.999,   1.022e-04,      0.1090
  75,   1.462e-02,  -4.078e-01,  -3.703e-03,      -0.102,      -0.000,      -0.995,   7.788e-05,      0.2847
  76,   5.725e-03,  -4.078e-01,  -2.343e-03,      -0.228,       0.000,      -0.974,   4.967e-05,      0.6610
  77,   1.144e-03,  -4.078e-01,  -7.216e-04,      -0.577,       0.000,      -0.817,   2.013e-05,      0.8891
  78,   1.144e-03,  -4.078e-01,   1.487e-03,      -0.767,       0.000,       0.642,   2.560e-05,     -2.3699
  79,   5.725e-03,  -4.078e-01,   4.460e-03,      -0.421,       0.000,       0.907,   5.331e-05,     -1.4349
  80,   1.462e-02,  -4.078e-01,   7.393e-03,      -0.239,      -0.000,       0.971,   7.979e-05,     -0.9568
  81,   2.732e-02,  -4.078e-01,   9.671e-03,      -0.128,      -0.000,       0.992,   1.029e-04,     -0.6943
  82,   4.307e-02,  -4.078e-01,   1.103e-02,      -0.050,       0.000,       0.999,   1.209e-04,     -0.5435
  83,   6.097e-02,  -4.078e-01,   1.133e-02,       0.014,       0.000,       1.000,   1.324e-04,     -0.4541
  84,   7.997e-02,  -4.078e-01,   1.049e-02,       0.073,       0.000,       0.997,   1.367e-04,     -0.3907
  85,   9.897e-02,  -4.078e-01,   8.692e-03,       0.117,       0.000,       0.993,   1.333e-04,     -0.3557
  86,   1.169e-01,  -4.078e-01,   6.363e-03,       0.143,       0.000,       0.990,   1.220e-04,     -0.3675
  87,   1.326e-01,  -4.078e-01,   4.010e-03,       0.154,       0.000,       0.988,   1.033e-04,     -0.4241
  88,   1.453e-01,  -4.078e-01,   2.079e-03,       0.146,       0.000,       0.989,   7.832e-05,     -0.4848
  89,   1.542e-01,  -4.078e-01,   8.574e-04,       0.120,       0.000,       0.993,   4.871e-05,     -0.4988
  90,   1.588e-01,  -4.078e-01,   3.496e-04,       0.082,      -0.000,       0.997,   1.649e-05,     -0.4916
Strip 4
  91,   1.588e-01,  -3.993e-01,   2.322e-04,       0.019,       0.000,      -1.000,   2.286e-05,     -0.0035
  92,   1.542e-01,  -3.993e-01,   3.273e-05,       0.052,       0.000,      -0.999,   6.734e-05,     -0.0394
  93,   1.453e-01,  -3.993e-01,  -5.423e-04,       0.072,       0.000,      -0.997,   1.080e-04,     -0.0830
  94,   1.326e-01,  -3.993e-01,  -1.498e-03,       0.077,       0.000,      -0.997,   1.424e-04,     -0.1133
  95,   1.169e-01,  -3.993e-01,  -2.661e-03,       0.071,       0.000,      -0.998,   1.683e-04,     -0.1189
  96,   9.897e-02,  -3.993e-01,  -3.769e-03,       0.054,      -0.000,      -0.999,   1.844e-04,     -0.0969
  97,   7.997e-02,  -3.993e-01,  -4.587e-03,       0.033,      -0.000,      -0.999,   1.897e-04,     -0.0511
  98,   6.097e-02,  -3.993e-01,  -5.007e-03,       0.011,       0.000,      -1.000,   1.841e-04,      0.0119
  99,   4.307e-02,  -3.993e-01,  -5.009e-03,      -0.012,       0.000,      -1.000,   1.679e-04,      0.0925
 100,   2.732e-02,  -3.993e-01,  -4.585e-03,      -0.044,      -0.000,      -0.999,   1.421e-04,      0.2077
 101,   1.462e-02,  -3.993e-01,  -3.703e-03,      -0.102,      -0.000,      -0.995,   1.083e-04,      0.4091
 102,   5.725e-03,  -3.993e-01,  -2.343e-03,      -0.228,       0.000,      -0.974,   6.906e-05,      0.7907
 103,   1.144e-03,  -3.993e-01,  -7.216e-04,      -0.577,       0.000,      -0.817,   2.799e-05,      0.7751
 104,   1.144e-03,  -3.993e-01,   1.487e-03,      -0.767,       0.000,       0.642,   3.560e-05,     -3.0606
 105,   5.725e-03,  -3.993e-01,   4.460e-03,      -0.421,       0.000,       0.907,   7.412e-05,     -1.7197
 106,   1.462e-02,  -3.993e-01,   7.393e-03,      -0.239,      -0.000,       0.971,   1.109e-04,     -1.1298
 107,   2.732e-02,  -3.993e-01,   9.671e-03,      -0.128,      -0.000,       0.992,   1.431e-04,     -0.8022
 108,   4.307e-02,  -3.993e-01,   1.103e-02,      -0.050,       0.000,       0.999,   1.681e-04,     -0.6024
 109,   6.097e-02,  -3.993e-01,   1.133e-02,       0.014,       0.000,       1.000,   1.841e-04,     -0.4727
 110,   7.997e-02,  -3.993e-01,   1.049e-02,       0.073,      -0.000,       0.997,   1.901e-04,     -0.3670
 111,   9.897e-02,  -3.993e-01,   8.692e-03,       0.117,      -0.000,       0.993,   1.854e-04,     -0.2781
 112,   1.169e-01,  -3.993e-01,   6.363e-03,       0.143,       0.000,       0.990,   1.696e-04,     -0.2142
 113,   1.326e-01,  -3.993e-01,   4.010e-03,       0.154,       0.000,       0.988,   1.436e-04,     -0.1677
 114,   1.453e-01,  -3.993e-01,   2.079e-03,       0.146,       0.000,       0.989,   1.089e-04,     -0.1272
 115,   1.542e-01,  -3.993e-01,   8.574e-04,       0.120,       0.000,       0.993,   6.773e-05,     -0.0837
 116,   1.588e-01,  -3.993e-01,   3.496e-04,       0.082,       0.000,       0.997,   2.293e-05,     -0.0635
Strip 5
 117,   1.588e-01,  -3.881e-01,   2.322e-04,       0.019,       0.000,      -1.000,   2.913e-05,      0.1296
 118,   1.542e-01,  -3.881e-01,   3.273e-05,       0.052,       0.000,      -0.999,   8.578e-05,      0.0957
 119,   1.453e-01,  -3.881e-01,  -5.423e-04,       0.072,      -0.000,      -0.997,   1.376e-04,      0.0503
 120,   1.326e-01,  -3.881e-01,  -1.498e-03,       0.077,      -0.000,      -0.997,   1.814e-04,      0.0086
 121,   1.169e-01,  -3.881e-01,  -2.661e-03,       0.071,       0.000,      -0.998,   2.145e-04,     -0.0148
 122,   9.897e-02,  -3.881e-01,  -3.769e-03,       0.054,       0.000,      -0.999,   2.349e-04,     -0.0103
 123,   7.997e-02,  -3.881e-01,  -4.587e-03,       0.033,       0.000,      -0.999,   2.417e-04,      0.0237
 124,   6.097e-02,  -3.881e-01,  -5.007e-03,       0.011,       0.000,      -1.000,   2.346e-04,      0.0822
 125,   4.307e-02,  -3.881e-01,  -5.009e-03,      -0.012,       0.000,      -1.000,   2.139e-04,      0.1655
 126,   2.732e-02,  -3.881e-01,  -4.585e-03,      -0.044,       0.000,      -0.999,   1.810e-04,      0.2905
 127,   1.462e-02,  -3.881e-01,  -3.703e-03,      -0.102,       0.000,      -0.995,   1.380e-04,      0.5038
 128,   5.725e-03,  -3.881e-01,  -2.343e-03,      -0.228,       0.000,      -0.974,   8.798e-05,      0.8705
 129,   1.144e-03,  -3.881e-01,  -7.216e-04,      -0.577,       0.000,      -0.817,   3.566e-05,      0.6002
 130,   1.144e-03,  -3.881e-01,   1.487e-03,      -0.767,       0.000,       0.642,   4.535e-05,     -3.7617
 131,   5.725e-03,  -3.881e-01,   4.460e-03,      -0.421,       0.000,       0.907,   9.442e-05,     -1.9990
 132,   1.462e-02,  -3.881e-01,   7.393e-03,      -0.239,       0.000,       0.971,   1.413e-04,     -1.3018
 133,   2.732e-02,  -3.881e-01,   9.671e-03,      -0.128,       0.000,       0.992,   1.823e-04,     -0.9206
 134,   4.307e-02,  -3.881e-01,   1.103e-02,      -0.050,       0.000,       0.999,   2.142e-04,     -0.6800
 135,   6.097e-02,  -3.881e-01,   1.133e-02,       0.014,       0.000,       1.000,   2.346e-04,     -0.5161
 136,   7.997e-02,  -3.881e-01,   1.049e-02,       0.073,       0.000,       0.997,   2.422e-04,     -0.3771
 137,   9.897e-02,  -3.881e-01,   8.692e-03,       0.117,       0.000,       0.993,   2.362e-04,     -0.2524
 138,   1.169e-01,  -3.881e-01,   6.363e-03,       0.143,       0.000,       0.990,   2.161e-04,     -0.1498
 139,   1.326e-01,  -3.881e-01,   4.010e-03,       0.154,      -0.000,       0.988,   1.830e-04,     -0.0644
 140,   1.453e-01,  -3.881e-01,   2.079e-03,       0.146,      -0.000,       0.989,   1.387e-04,      0.0084
 141,   1.542e-01,  -3.881e-01,   8.574e-04,       0.120,       0.000,       0.993,   8.629e-05,      0.0712
 142,   1.588e-01,  -3.881e-01,   3.496e-04,       0.082,       0.000,       0.997,   2.922e-05,      0.0982
Strip 6
 143,   1.588e-01,  -3.743e-01,   2.322e-04,       0.019,       0.000,      -1.000,   3.519e-05,      0.1930
 144,   1.542e-01,  -3.743e-01,   3.273e-05,       0.052,       0.000,      -0.999,   1.036e-04,      0.1618
 145,   1.453e-01,  -3.743e-01,  -5.423e-04,       0.072,       0.000,      -0.997,   1.662e-04,      0.1194
 146,   1.326e-01,  -3.743e-01,  -1.498e-03,       0.077,       0.000,      -0.997,   2.191e-04,      0.0773
 147,   1.169e-01,  -3.743e-01,  -2.661e-03,       0.071,       0.000,      -0.998,   2.591e-04,      0.0501
 148,   9.897e-02,  -3.743e-01,  -3.769e-03,       0.054,       0.000,      -0.999,   2.838e-04,      0.0493
 149,   7.997e-02,  -3.743e-01,  -4.587e-03,       0.033,       0.000,      -0.999,   2.920e-04,      0.0797
 150,   6.097e-02,  -3.743e-01,  -5.007e-03,       0.011,       0.000,      -1.000,   2.834e-04,      0.1380
 151,   4.307e-02,  -3.743e-01,  -5.009e-03,      -0.012,       0.000,      -1.000,   2.585e-04,      0.2253
 152,   2.732e-02,  -3.743e-01,  -4.585e-03,      -0.044,       0.000,      -0.999,   2.187e-04,      0.3574
 153,   1.462e-02,  -3.743e-01,  -3.703e-03,      -0.102,       0.000,      -0.995,   1.667e-04,      0.5763
 154,   5.725e-03,  -3.743e-01,  -2.343e-03,      -0.228,       0.000,      -0.974,   1.063e-04,      0.9227
 155,   1.144e-03,  -3.743e-01,  -7.216e-04,      -0.577,       0.000,      -0.817,   4.308e-05,      0.3887
 156,   1.144e-03,  -3.743e-01,   1.487e-03,      -0.767,       0.000,       0.642,   5.479e-05,     -4.4586
 157,   5.725e-03,  -3.743e-01,   4.460e-03,      -0.421,       0.000,       0.907,   1.141e-04,     -2.2674
 158,   1.462e-02,  -3.743e-01,   7.393e-03,      -0.239,       0.000,       0.971,   1.708e-04,     -1.4640
 159,   2.732e-02,  -3.743e-01,   9.671e-03,      -0.128,       0.000,       0.992,   2.203e-04,     -1.0373
 160,   4.307e-02,  -3.743e-01,   1.103e-02,      -0.050,       0.000,       0.999,   2.588e-04,     -0.7648
 161,   6.097e-02,  -3.743e-01,   1.133e-02,       0.014,       0.000,       1.000,   2.834e-04,     -0.5740
 162,   7.997e-02,  -3.743e-01,   1.049e-02,       0.073,       0.000,       0.997,   2.927e-04,     -0.4096
 163,   9.897e-02,  -3.743e-01,   8.692e-03,       0.117,       0.000,       0.993,   2.854e-04,     -0.2595
 164,   1.169e-01,  -3.743e-01,   6.363e-03,       0.143,       0.000,       0.990,   2.611e-04,     -0.1319
 165,   1.326e-01,  -3.743e-01,   4.010e-03,       0.154,       0.000,       0.988,   2.211e-04,     -0.0236
 166,   1.453e-01,  -3.743e-01,   2.079e-03,       0.146,       0.000,       0.989,   1.676e-04,      0.0673
 167,   1.542e-01,  -3.743e-01,   8.574e-04,       0.120,       0.000,       0.993,   1.043e-04,      0.1416
 168,   1.588e-01,  -3.743e-01,   3.496e-04,       0.082,       0.000,       0.997,   3.530e-05,      0.1738
Strip 7
 169,   1.588e-01,  -3.579e-01,   2.322e-04,       0.019,       0.000,      -1.000,   4.101e-05,      0.2272
 170,   1.542e-01,  -3.579e-01,   3.273e-05,       0.052,       0.000,      -0.999,   1.208e-04,      0.1986
 171,   1.453e-01,  -3.579e-01,  -5.423e-04,       0.072,       0.000,      -0.997,   1.938e-04,      0.1600
 172,   1.326e-01,  -3.579e-01,  -1.498e-03,       0.077,       0.000,      -0.997,   2.554e-04,      0.1204
 173,   1.169e-01,  -3.579e-01,  -2.661e-03,       0.071,       0.000,      -0.998,   3.020e-04,      0.0942
 174,   9.897e-02,  -3.579e-01,  -3.769e-03,       0.054,       0.000,      -0.999,   3.308e-04,      0.0933
 175,   7.997e-02,  -3.579e-01,  -4.587e-03,       0.033,      -0.000,      -0.999,   3.404e-04,      0.1238
 176,   6.097e-02,  -3.579e-01,  -5.007e-03,       0.011,       0.000,      -1.000,   3.303e-04,      0.1839
 177,   4.307e-02,  -3.579e-01,  -5.009e-03,      -0.012,       0.000,      -1.000,   3.013e-04,      0.2751
 178,   2.732e-02,  -3.579e-01,  -4.585e-03,      -0.044,       0.000,      -0.999,   2.549e-04,      0.4121
 179,   1.462e-02,  -3.579e-01,  -3.703e-03,      -0.102,       0.000,      -0.995,   1.943e-04,      0.6336
 180,   5.725e-03,  -3.579e-01,  -2.343e-03,      -0.228,       0.000,      -0.974,   1.239e-04,      0.9571
 181,   1.144e-03,  -3.579e-01,  -7.216e-04,      -0.577,       0.000,      -0.817,   5.021e-05,      0.1545
 182,   1.144e-03,  -3.579e-01,   1.487e-03,      -0.767,       0.000,       0.642,   6.386e-05,     -5.1393
 183,   5.725e-03,  -3.579e-01,   4.460e-03,      -0.421,       0.000,       0.907,   1.330e-04,     -2.5222
 184,   1.462e-02,  -3.579e-01,   7.393e-03,      -0.239,       0.000,       0.971,   1.990e-04,     -1.6141
 185,   2.732e-02,  -3.579e-01,   9.671e-03,      -0.128,       0.000,       0.992,   2.567e-04,     -1.1461
 186,   4.307e-02,  -3.579e-01,   1.103e-02,      -0.050,       0.000,       0.999,   3.016e-04,     -0.8478
 187,   6.097e-02,  -3.579e-01,   1.133e-02,       0.014,       0.000,       1.000,   3.303e-04,     -0.6359
 188,   7.997e-02,  -3.579e-01,   1.049e-02,       0.073,       0.000,       0.997,   3.411e-04,     -0.4513
 189,   9.897e-02,  -3.579e-01,   8.692e-03,       0.117,      -0.000,       0.993,   3.326e-04,     -0.2812
 190,   1.169e-01,  -3.579e-01,   6.363e-03,       0.143,      -0.000,       0.990,   3.043e-04,     -0.1348
 191,   1.326e-01,  -3.579e-01,   4.010e-03,       0.154,       0.000,       0.988,   2.577e-04,     -0.0100
 192,   1.453e-01,  -3.579e-01,   2.079e-03,       0.146,       0.000,       0.989,   1.954e-04,      0.0936
 193,   1.542e-01,  -3.579e-01,   8.574e-04,       0.120,       0.000,       0.993,   1.215e-04,      0.1764
 194,   1.588e-01,  -3.579e-01,   3.496e-04,       0.082,       0.000,       0.997,   4.114e-05,      0.2126
Strip 8
 195,   1.588e-01,  -3.391e-01,   2.322e-04,       0.019,       0.000,      -1.000,   4.656e-05,      0.2472
 196,   1.542e-01,  -3.391e-01,   3.273e-05,       0.052,       0.000,      -0.999,   1.371e-04,      0.2209
 197,   1.453e-01,  -3.391e-01,  -5.423e-04,       0.072,       0.000,      -0.997,   2.200e-04,      0.1859
 198,   1.326e-01,  -3.391e-01,  -1.498e-03,       0.077,       0.000,      -0.997,   2.899e-04,      0.1497
 199,   1.169e-01,  -3.391e-01,  -2.661e-03,       0.071,       0.000,      -0.998,   3.428e-04,      0.1262
 200,   9.897e-02,  -3.391e-01,  -3.769e-03,       0.054,       0.000,      -0.999,   3.755e-04,      0.1273
 201,   7.997e-02,  -3.391e-01,  -4.587e-03,       0.033,       0.000,      -0.999,   3.864e-04,      0.1598
 202,   6.097e-02,  -3.391e-01,  -5.007e-03,       0.011,      -0.000,      -1.000,   3.750e-04,      0.2224
 203,   4.307e-02,  -3.391e-01,  -5.009e-03,      -0.012,      -0.000,      -1.000,   3.420e-04,      0.3169
 204,   2.732e-02,  -3.391e-01,  -4.585e-03,      -0.044,       0.000,      -0.999,   2.893e-04,      0.4574
 205,   1.462e-02,  -3.391e-01,  -3.703e-03,      -0.102,       0.000,      -0.995,   2.205e-04,      0.6798
 206,   5.725e-03,  -3.391e-01,  -2.343e-03,      -0.228,       0.000,      -0.974,   1.406e-04,      0.9790
 207,   1.144e-03,  -3.391e-01,  -7.216e-04,      -0.577,       0.000,      -0.817,   5.700e-05,     -0.0912
 208,   1.144e-03,  -3.391e-01,   1.487e-03,      -0.767,       0.000,       0.642,   7.249e-05,     -5.7922
 209,   5.725e-03,  -3.391e-01,   4.460e-03,      -0.421,       0.000,       0.907,   1.509e-04,     -2.7607
 210,   1.462e-02,  -3.391e-01,   7.393e-03,      -0.239,       0.000,       0.971,   2.259e-04,     -1.7514
 211,   2.732e-02,  -3.391e-01,   9.671e-03,      -0.128,      -0.000,       0.992,   2.914e-04,     -1.2448
 212,   4.307e-02,  -3.391e-01,   1.103e-02,      -0.050,      -0.000,       0.999,   3.424e-04,     -0.9244
 213,   6.097e-02,  -3.391e-01,   1.133e-02,       0.014,      -0.000,       1.000,   3.750e-04,     -0.6952
 214,   7.997e-02,  -3.391e-01,   1.049e-02,       0.073,      -0.000,       0.997,   3.872e-04,     -0.4943
 215,   9.897e-02,  -3.391e-01,   8.692e-03,       0.117,       0.000,       0.993,   3.775e-04,     -0.3080
 216,   1.169e-01,  -3.391e-01,   6.363e-03,       0.143,       0.000,       0.990,   3.455e-04,     -0.1467
 217,   1.326e-01,  -3.391e-01,   4.010e-03,       0.154,       0.000,       0.988,   2.925e-04,     -0.0090
 218,   1.453e-01,  -3.391e-01,   2.079e-03,       0.146,       0.000,       0.989,   2.218e-04,      0.1042
 219,   1.542e-01,  -3.391e-01,   8.574e-04,       0.120,       0.000,       0.993,   1.379e-04,      0.1939
 220,   1.588e-01,  -3.391e-01,   3.496e-04,       0.082,       0.000,       0.997,   4.670e-05,      0.2336
Strip 9
 221,   1.588e-01,  -3.179e-01,   2.322e-04,       0.019,      -0.000,      -1.000,   5.178e-05,      0.2593
 222,   1.542e-01,  -3.179e-01,   3.273e-05,       0.052,       0.000,      -0.999,   1.525e-04,      0.2351
 223,   1.453e-01,  -3.179e-01,  -5.423e-04,       0.072,       0.000,      -0.997,   2.446e-04,      0.2036
 224,   1.326e-01,  -3.179e-01,  -1.498e-03,       0.077,       0.000,      -0.997,   3.225e-04,      0.1707
 225,   1.169e-01,  -3.179e-01,  -2.661e-03,       0.071,       0.000,      -0.998,   3.813e-04,      0.1504
 226,   9.897e-02,  -3.179e-01,  -3.769e-03,       0.054,       0.000,      -0.999,   4.177e-04,      0.1545
 227,   7.997e-02,  -3.179e-01,  -4.587e-03,       0.033,       0.000,      -0.999,   4.298e-04,      0.1896
 228,   6.097e-02,  -3.179e-01,  -5.007e-03,       0.011,       0.000,      -1.000,   4.171e-04,      0.2549
 229,   4.307e-02,  -3.179e-01,  -5.009e-03,      -0.012,       0.000,      -1.000,   3.804e-04,      0.3521
 230,   2.732e-02,  -3.179e-01,  -4.585e-03,      -0.044,       0.000,      -0.999,   3.218e-04,      0.4951
 231,   1.462e-02,  -3.179e-01,  -3.703e-03,      -0.102,       0.000,      -0.995,   2.453e-04,      0.7176
 232,   5.725e-03,  -3.179e-01,  -2.343e-03,      -0.228,       0.000,      -0.974,   1.564e-04,      0.9918
 233,   1.144e-03,  -3.179e-01,  -7.216e-04,      -0.577,       0.000,      -0.817,   6.340e-05,     -0.3387
 234,   1.144e-03,  -3.179e-01,   1.487e-03,      -0.767,       0.000,       0.642,   8.063e-05,     -6.4075
 235,   5.725e-03,  -3.179e-01,   4.460e-03,      -0.421,       0.000,       0.907,   1.679e-04,     -2.9807
 236,   1.462e-02,  -3.179e-01,   7.393e-03,      -0.239,       0.000,       0.971,   2.513e-04,     -1.8754
 237,   2.732e-02,  -3.179e-01,   9.671e-03,      -0.128,       0.000,       0.992,   3.242e-04,     -1.3328
 238,   4.307e-02,  -3.179e-01,   1.103e-02,      -0.050,       0.000,       0.999,   3.808e-04,     -0.9927
 239,   6.097e-02,  -3.179e-01,   1.133e-02,       0.014,       0.000,       1.000,   4.171e-04,     -0.7491
 240,   7.997e-02,  -3.179e-01,   1.049e-02,       0.073,       0.000,       0.997,   4.307e-04,     -0.5346
 241,   9.897e-02,  -3.179e-01,   8.692e-03,       0.117,       0.000,       0.993,   4.199e-04,     -0.3351
 242,   1.169e-01,  -3.179e-01,   6.363e-03,       0.143,       0.000,       0.990,   3.843e-04,     -0.1617
 243,   1.326e-01,  -3.179e-01,   4.010e-03,       0.154,      -0.000,       0.988,   3.254e-04,     -0.0139
 244,   1.453e-01,  -3.179e-01,   2.079e-03,       0.146,       0.000,       0.989,   2.466e-04,      0.1071
 245,   1.542e-01,  -3.179e-01,   8.574e-04,       0.120,       0.000,       0.993,   1.534e-04,      0.2023
 246,   1.588e-01,  -3.179e-01,   3.496e-04,       0.082,      -0.000,       0.997,   5.195e-05,      0.2449
Strip 10
 247,   1.588e-01,  -2.946e-01,   2.322e-04,       0.019,       0.000,      -1.000,   5.666e-05,      0.2669
 248,   1.542e-01,  -2.946e-01,   3.273e-05,       0.052,       0.000,      -0.999,   1.669e-04,      0.2446
 249,   1.453e-01,  -2.946e-01,  -5.423e-04,       0.072,       0.000,      -0.997,   2.677e-04,      0.2161
 250,   1.326e-01,  -2.946e-01,  -1.498e-03,       0.077,       0.000,      -0.997,   3.528e-04,      0.1864
 251,   1.169e-01,  -2.946e-01,  -2.661e-03,       0.071,       0.000,      -0.998,   4.172e-04,      0.1693
 252,   9.897e-02,  -2.946e-01,  -3.769e-03,       0.054,       0.000,      -0.999,   4.569e-04,      0.1765
 253,   7.997e-02,  -2.946e-01,  -4.587e-03,       0.033,       0.000,      -0.999,   4.702e-04,      0.2143
 254,   6.097e-02,  -2.946e-01,  -5.007e-03,       0.011,       0.000,      -1.000,   4.563e-04,      0.2820
 255,   4.307e-02,  -2.946e-01,  -5.009e-03,      -0.012,       0.000,      -1.000,   4.161e-04,      0.3815
 256,   2.732e-02,  -2.946e-01,  -4.585e-03,      -0.044,       0.000,      -0.999,   3.521e-04,      0.5265
 257,   1.462e-02,  -2.946e-01,  -3.703e-03,      -0.102,       0.000,      -0.995,   2.684e-04,      0.7484
 258,   5.725e-03,  -2.946e-01,  -2.343e-03,      -0.228,       0.000,      -0.974,   1.711e-04,      0.9980
 259,   1.144e-03,  -2.946e-01,  -7.216e-04,      -0.577,       0.000,      -0.817,   6.937e-05,     -0.5799
 260,   1.144e-03,  -2.946e-01,   1.487e-03,      -0.767,       0.000,       0.642,   8.822e-05,     -6.9770
 261,   5.725e-03,  -2.946e-01,   4.460e-03,      -0.421,       0.000,       0.907,   1.837e-04,     -3.1806
 262,   1.462e-02,  -2.946e-01,   7.393e-03,      -0.239,       0.000,       0.971,   2.749e-04,     -1.9861
 263,   2.732e-02,  -2.946e-01,   9.671e-03,      -0.128,       0.000,       0.992,   3.547e-04,     -1.4102
 264,   4.307e-02,  -2.946e-01,   1.103e-02,      -0.050,       0.000,       0.999,   4.166e-04,     -1.0524
 265,   6.097e-02,  -2.946e-01,   1.133e-02,       0.014,      -0.000,       1.000,   4.563e-04,     -0.7964
 266,   7.997e-02,  -2.946e-01,   1.049e-02,       0.073,      -0.000,       0.997,   4.712e-04,     -0.5707
 267,   9.897e-02,  -2.946e-01,   8.692e-03,       0.117,      -0.000,       0.993,   4.594e-04,     -0.3603
 268,   1.169e-01,  -2.946e-01,   6.363e-03,       0.143,      -0.000,       0.990,   4.204e-04,     -0.1771
 269,   1.326e-01,  -2.946e-01,   4.010e-03,       0.154,       0.000,       0.988,   3.560e-04,     -0.0212
 270,   1.453e-01,  -2.946e-01,   2.079e-03,       0.146,       0.000,       0.989,   2.699e-04,      0.1062
 271,   1.542e-01,  -2.946e-01,   8.574e-04,       0.120,       0.000,       0.993,   1.679e-04,      0.2060
 272,   1.588e-01,  -2.946e-01,   3.496e-04,       0.082,       0.000,       0.997,   5.683e-05,      0.2511
Strip 11
 273,   1.588e-01,  -2.693e-01,   2.322e-04,       0.019,       0.000,      -1.000,   6.114e-05,      0.2720
 274,   1.542e-01,  -2.693e-01,   3.273e-05,       0.052,       0.000,      -0.999,   1.801e-04,      0.2513
 275,   1.453e-01,  -2.693e-01,  -5.423e-04,       0.072,       0.000,      -0.997,   2.888e-04,      0.2253
 276,   1.326e-01,  -2.693e-01,  -1.498e-03,       0.077,       0.000,      -0.997,   3.807e-04,      0.1984
 277,   1.169e-01,  -2.693e-01,  -2.661e-03,       0.071,       0.000,      -0.998,   4.502e-04,      0.1843
 278,   9.897e-02,  -2.693e-01,  -3.769e-03,       0.054,       0.000,      -0.999,   4.931e-04,      0.1944
 279,   7.997e-02,  -2.693e-01,  -4.587e-03,       0.033,       0.000,      -0.999,   5.074e-04,      0.2347
 280,   6.097e-02,  -2.693e-01,  -5.007e-03,       0.011,       0.000,      -1.000,   4.924e-04,      0.3046
 281,   4.307e-02,  -2.693e-01,  -5.009e-03,      -0.012,       0.000,      -1.000,   4.491e-04,      0.4060
 282,   2.732e-02,  -2.693e-01,  -4.585e-03,      -0.044,       0.000,      -0.999,   3.800e-04,      0.5526
 283,   1.462e-02,  -2.693e-01,  -3.703e-03,      -0.102,       0.000,      -0.995,   2.896e-04,      0.7736
 284,   5.725e-03,  -2.693e-01,  -2.343e-03,      -0.228,       0.000,      -0.974,   1.847e-04,      0.9996
 285,   1.144e-03,  -2.693e-01,  -7.216e-04,      -0.577,       0.000,      -0.817,   7.486e-05,     -0.8082
 286,   1.144e-03,  -2.693e-01,   1.487e-03,      -0.767,       0.000,       0.642,   9.520e-05,     -7.4942
 287,   5.725e-03,  -2.693e-01,   4.460e-03,      -0.421,       0.000,       0.907,   1.982e-04,     -3.3594
 288,   1.462e-02,  -2.693e-01,   7.393e-03,      -0.239,       0.000,       0.971,   2.967e-04,     -2.0836
 289,   2.732e-02,  -2.693e-01,   9.671e-03,      -0.128,       0.000,       0.992,   3.827e-04,     -1.4775
 290,   4.307e-02,  -2.693e-01,   1.103e-02,      -0.050,       0.000,       0.999,   4.496e-04,     -1.1039
 291,   6.097e-02,  -2.693e-01,   1.133e-02,       0.014,       0.000,       1.000,   4.925e-04,     -0.8370
 292,   7.997e-02,  -2.693e-01,   1.049e-02,       0.073,       0.000,       0.997,   5.085e-04,     -0.6019
 293,   9.897e-02,  -2.693e-01,   8.692e-03,       0.117,       0.000,       0.993,   4.958e-04,     -0.3827
 294,   1.169e-01,  -2.693e-01,   6.363e-03,       0.143,       0.000,       0.990,   4.537e-04,     -0.1915
 295,   1.326e-01,  -2.693e-01,   4.010e-03,       0.154,       0.000,       0.988,   3.842e-04,     -0.0289
 296,   1.453e-01,  -2.693e-01,   2.079e-03,       0.146,       0.000,       0.989,   2.912e-04,      0.1035
 297,   1.542e-01,  -2.693e-01,   8.574e-04,       0.120,       0.000,       0.993,   1.811e-04,      0.2072
 298,   1.588e-01,  -2.693e-01,   3.496e-04,       0.082,      -0.000,       0.997,   6.133e-05,      0.2543
Strip 12
 299,   1.588e-01,  -2.421e-01,   2.322e-04,       0.019,       0.000,      -1.000,   6.521e-05,      0.2753
 300,   1.542e-01,  -2.421e-01,   3.273e-05,       0.052,       0.000,      -0.999,   1.921e-04,      0.2560
 301,   1.453e-01,  -2.421e-01,  -5.423e-04,       0.072,       0.000,      -0.997,   3.081e-04,      0.2323
 302,   1.326e-01,  -2.421e-01,  -1.498e-03,       0.077,       0.000,      -0.997,   4.061e-04,      0.2077
 303,   1.169e-01,  -2.421e-01,  -2.661e-03,       0.071,      -0.000,      -0.998,   4.801e-04,      0.1962
 304,   9.897e-02,  -2.421e-01,  -3.769e-03,       0.054,      -0.000,      -0.999,   5.259e-04,      0.2088
 305,   7.997e-02,  -2.421e-01,  -4.587e-03,       0.033,       0.000,      -0.999,   5.412e-04,      0.2514
 306,   6.097e-02,  -2.421e-01,  -5.007e-03,       0.011,       0.000,      -1.000,   5.252e-04,      0.3232
 307,   4.307e-02,  -2.421e-01,  -5.009e-03,      -0.012,       0.000,      -1.000,   4.790e-04,      0.4262
 308,   2.732e-02,  -2.421e-01,  -4.585e-03,      -0.044,       0.000,      -0.999,   4.053e-04,      0.5741
 309,   1.462e-02,  -2.421e-01,  -3.703e-03,      -0.102,       0.000,      -0.995,   3.089e-04,      0.7941
 310,   5.725e-03,  -2.421e-01,  -2.343e-03,      -0.228,       0.000,      -0.974,   1.970e-04,      0.9981
 311,   1.144e-03,  -2.421e-01,  -7.216e-04,      -0.577,       0.000,      -0.817,   7.984e-05,     -1.0181
 312,   1.144e-03,  -2.421e-01,   1.487e-03,      -0.767,       0.000,       0.642,   1.015e-04,     -7.9550
 313,   5.725e-03,  -2.421e-01,   4.460e-03,      -0.421,       0.000,       0.907,   2.114e-04,     -3.5165
 314,   1.462e-02,  -2.421e-01,   7.393e-03,      -0.239,       0.000,       0.971,   3.164e-04,     -2.1681
 315,   2.732e-02,  -2.421e-01,   9.671e-03,      -0.128,       0.000,       0.992,   4.082e-04,     -1.5352
 316,   4.307e-02,  -2.421e-01,   1.103e-02,      -0.050,       0.000,       0.999,   4.795e-04,     -1.1476
 317,   6.097e-02,  -2.421e-01,   1.133e-02,       0.014,       0.000,       1.000,   5.252e-04,     -0.8714
 318,   7.997e-02,  -2.421e-01,   1.049e-02,       0.073,       0.000,       0.997,   5.423e-04,     -0.6284
 319,   9.897e-02,  -2.421e-01,   8.692e-03,       0.117,       0.000,       0.993,   5.288e-04,     -0.4018
 320,   1.169e-01,  -2.421e-01,   6.363e-03,       0.143,       0.000,       0.990,   4.839e-04,     -0.2042
 321,   1.326e-01,  -2.421e-01,   4.010e-03,       0.154,       0.000,       0.988,   4.097e-04,     -0.0362
 322,   1.453e-01,  -2.421e-01,   2.079e-03,       0.146,       0.000,       0.989,   3.106e-04,      0.1003
 323,   1.542e-01,  -2.421e-01,   8.574e-04,       0.120,       0.000,       0.993,   1.932e-04,      0.2072
 324,   1.588e-01,  -2.421e-01,   3.496e-04,       0.082,       0.000,       0.997,   6.541e-05,      0.2559
Strip 13
 325,   1.588e-01,  -2.133e-01,   2.322e-04,       0.019,       0.000,      -1.000,   6.883e-05,      0.2776
 326,   1.542e-01,  -2.133e-01,   3.273e-05,       0.052,       0.000,      -0.999,   2.027e-04,      0.2594
 327,   1.453e-01,  -2.133e-01,  -5.423e-04,       0.072,       0.000,      -0.997,   3.252e-04,      0.2376
 328,   1.326e-01,  -2.133e-01,  -1.498e-03,       0.077,       0.000,      -0.997,   4.286e-04,      0.2150
 329,   1.169e-01,  -2.133e-01,  -2.661e-03,       0.071,       0.000,      -0.998,   5.068e-04,      0.2057
 330,   9.897e-02,  -2.133e-01,  -3.769e-03,       0.054,       0.000,      -0.999,   5.551e-04,      0.2205
 331,   7.997e-02,  -2.133e-01,  -4.587e-03,       0.033,       0.000,      -0.999,   5.712e-04,      0.2649
 332,   6.097e-02,  -2.133e-01,  -5.007e-03,       0.011,       0.000,      -1.000,   5.544e-04,      0.3383
 333,   4.307e-02,  -2.133e-01,  -5.009e-03,      -0.012,       0.000,      -1.000,   5.056e-04,      0.4428
 334,   2.732e-02,  -2.133e-01,  -4.585e-03,      -0.044,       0.000,      -0.999,   4.278e-04,      0.5917
 335,   1.462e-02,  -2.133e-01,  -3.703e-03,      -0.102,       0.000,      -0.995,   3.260e-04,      0.8106
 336,   5.725e-03,  -2.133e-01,  -2.343e-03,      -0.228,       0.000,      -0.974,   2.079e-04,      0.9947
 337,   1.144e-03,  -2.133e-01,  -7.216e-04,      -0.577,       0.000,      -0.817,   8.427e-05,     -1.2060
 338,   1.144e-03,  -2.133e-01,   1.487e-03,      -0.767,       0.000,       0.642,   1.072e-04,     -8.3569
 339,   5.725e-03,  -2.133e-01,   4.460e-03,      -0.421,       0.000,       0.907,   2.231e-04,     -3.6520
 340,   1.462e-02,  -2.133e-01,   7.393e-03,      -0.239,       0.000,       0.971,   3.340e-04,     -2.2402
 341,   2.732e-02,  -2.133e-01,   9.671e-03,      -0.128,       0.000,       0.992,   4.309e-04,     -1.5839
 342,   4.307e-02,  -2.133e-01,   1.103e-02,      -0.050,       0.000,       0.999,   5.062e-04,     -1.1842
 343,   6.097e-02,  -2.133e-01,   1.133e-02,       0.014,       0.000,       1.000,   5.544e-04,     -0.9001
 344,   7.997e-02,  -2.133e-01,   1.049e-02,       0.073,       0.000,       0.997,   5.724e-04,     -0.6504
 345,   9.897e-02,  -2.133e-01,   8.692e-03,       0.117,      -0.000,       0.993,   5.581e-04,     -0.4178
 346,   1.169e-01,  -2.133e-01,   6.363e-03,       0.143,      -0.000,       0.990,   5.108e-04,     -0.2150
 347,   1.326e-01,  -2.133e-01,   4.010e-03,       0.154,       0.000,       0.988,   4.325e-04,     -0.0427
 348,   1.453e-01,  -2.133e-01,   2.079e-03,       0.146,       0.000,       0.989,   3.278e-04,      0.0971
 349,   1.542e-01,  -2.133e-01,   8.574e-04,       0.120,       0.000,       0.993,   2.039e-04,      0.2065
 350,   1.588e-01,  -2.133e-01,   3.496e-04,       0.082,       0.000,       0.997,   6.905e-05,      0.2566
Strip 14
 351,   1.588e-01,  -1.830e-01,   2.322e-04,       0.019,       0.000,      -1.000,   7.198e-05,      0.2792
 352,   1.542e-01,  -1.830e-01,   3.273e-05,       0.052,       0.000,      -0.999,   2.120e-04,      0.2619
 353,   1.453e-01,  -1.830e-01,  -5.423e-04,       0.072,       0.000,      -0.997,   3.401e-04,      0.2417
 354,   1.326e-01,  -1.830e-01,  -1.498e-03,       0.077,       0.000,      -0.997,   4.482e-04,      0.2207
 355,   1.169e-01,  -1.830e-01,  -2.661e-03,       0.071,       0.000,      -0.998,   5.300e-04,      0.2132
 356,   9.897e-02,  -1.830e-01,  -3.769e-03,       0.054,       0.000,      -0.999,   5.806e-04,      0.2297
 357,   7.997e-02,  -1.830e-01,  -4.587e-03,       0.033,       0.000,      -0.999,   5.974e-04,      0.2757
 358,   6.097e-02,  -1.830e-01,  -5.007e-03,       0.011,       0.000,      -1.000,   5.798e-04,      0.3505
 359,   4.307e-02,  -1.830e-01,  -5.009e-03,      -0.012,       0.000,      -1.000,   5.287e-04,      0.4561
 360,   2.732e-02,  -1.830e-01,  -4.585e-03,      -0.044,       0.000,      -0.999,   4.474e-04,      0.6059
 361,   1.462e-02,  -1.830e-01,  -3.703e-03,      -0.102,       0.000,      -0.995,   3.409e-04,      0.8238
 362,   5.725e-03,  -1.830e-01,  -2.343e-03,      -0.228,       0.000,      -0.974,   2.174e-04,      0.9905
 363,   1.144e-03,  -1.830e-01,  -7.216e-04,      -0.577,       0.000,      -0.817,   8.813e-05,     -1.3691
 364,   1.144e-03,  -1.830e-01,   1.487e-03,      -0.767,       0.000,       0.642,   1.121e-04,     -8.6990
 365,   5.725e-03,  -1.830e-01,   4.460e-03,      -0.421,       0.000,       0.907,   2.334e-04,     -3.7664
 366,   1.462e-02,  -1.830e-01,   7.393e-03,      -0.239,       0.000,       0.971,   3.493e-04,     -2.3006
 367,   2.732e-02,  -1.830e-01,   9.671e-03,      -0.128,       0.000,       0.992,   4.506e-04,     -1.6242
 368,   4.307e-02,  -1.830e-01,   1.103e-02,      -0.050,       0.000,       0.999,   5.293e-04,     -1.2143
 369,   6.097e-02,  -1.830e-01,   1.133e-02,       0.014,       0.000,       1.000,   5.798e-04,     -0.9235
 370,   7.997e-02,  -1.830e-01,   1.049e-02,       0.073,       0.000,       0.997,   5.987e-04,     -0.6684
 371,   9.897e-02,  -1.830e-01,   8.692e-03,       0.117,       0.000,       0.993,   5.837e-04,     -0.4310
 372,   1.169e-01,  -1.830e-01,   6.363e-03,       0.143,       0.000,       0.990,   5.341e-04,     -0.2240
 373,   1.326e-01,  -1.830e-01,   4.010e-03,       0.154,       0.000,       0.988,   4.523e-04,     -0.0483
 374,   1.453e-01,  -1.830e-01,   2.079e-03,       0.146,       0.000,       0.989,   3.429e-04,      0.0942
 375,   1.542e-01,  -1.830e-01,   8.574e-04,       0.120,       0.000,       0.993,   2.133e-04,      0.2057
 376,   1.588e-01,  -1.830e-01,   3.496e-04,       0.082,       0.000,       0.997,   7.221e-05,      0.2569
Strip 15
 377,   1.588e-01,  -1.515e-01,   2.322e-04,       0.019,       0.000,      -1.000,   7.464e-05,      0.2803
 378,   1.542e-01,  -1.515e-01,   3.273e-05,       0.052,       0.000,      -0.999,   2.198e-04,      0.2638
 379,   1.453e-01,  -1.515e-01,  -5.423e-04,       0.072,       0.000,      -0.997,   3.526e-04,      0.2447
 380,   1.326e-01,  -1.515e-01,  -1.498e-03,       0.077,       0.000,      -0.997,   4.648e-04,      0.2251
 381,   1.169e-01,  -1.515e-01,  -2.661e-03,       0.071,       0.000,      -0.998,   5.496e-04,      0.2190
 382,   9.897e-02,  -1.515e-01,  -3.769e-03,       0.054,       0.000,      -0.999,   6.020e-04,      0.2370
 383,   7.997e-02,  -1.515e-01,  -4.587e-03,       0.033,       0.000,      -0.999,   6.195e-04,      0.2843
 384,   6.097e-02,  -1.515e-01,  -5.007e-03,       0.011,       0.000,      -1.000,   6.012e-04,      0.3601
 385,   4.307e-02,  -1.515e-01,  -5.009e-03,      -0.012,       0.000,      -1.000,   5.483e-04,      0.4667
 386,   2.732e-02,  -1.515e-01,  -4.585e-03,      -0.044,       0.000,      -0.999,   4.639e-04,      0.6171
 387,   1.462e-02,  -1.515e-01,  -3.703e-03,      -0.102,       0.000,      -0.995,   3.535e-04,      0.8341
 388,   5.725e-03,  -1.515e-01,  -2.343e-03,      -0.228,       0.000,      -0.974,   2.255e-04,      0.9860
 389,   1.144e-03,  -1.515e-01,  -7.216e-04,      -0.577,       0.000,      -0.817,   9.139e-05,     -1.5061
 390,   1.144e-03,  -1.515e-01,   1.487e-03,      -0.767,       0.000,       0.642,   1.162e-04,     -8.9818
 391,   5.725e-03,  -1.515e-01,   4.460e-03,      -0.421,       0.000,       0.907,   2.420e-04,     -3.8602
 392,   1.462e-02,  -1.515e-01,   7.393e-03,      -0.239,       0.000,       0.971,   3.622e-04,     -2.3497
 393,   2.732e-02,  -1.515e-01,   9.671e-03,      -0.128,       0.000,       0.992,   4.672e-04,     -1.6568
 394,   4.307e-02,  -1.515e-01,   1.103e-02,      -0.050,       0.000,       0.999,   5.489e-04,     -1.2384
 395,   6.097e-02,  -1.515e-01,   1.133e-02,       0.014,       0.000,       1.000,   6.012e-04,     -0.9422
 396,   7.997e-02,  -1.515e-01,   1.049e-02,       0.073,       0.000,       0.997,   6.208e-04,     -0.6827
 397,   9.897e-02,  -1.515e-01,   8.692e-03,       0.117,       0.000,       0.993,   6.053e-04,     -0.4414
 398,   1.169e-01,  -1.515e-01,   6.363e-03,       0.143,       0.000,       0.990,   5.539e-04,     -0.2312
 399,   1.326e-01,  -1.515e-01,   4.010e-03,       0.154,       0.000,       0.988,   4.690e-04,     -0.0528
 400,   1.453e-01,  -1.515e-01,   2.079e-03,       0.146,       0.000,       0.989,   3.555e-04,      0.0917
 401,   1.542e-01,  -1.515e-01,   8.574e-04,       0.120,       0.000,       0.993,   2.211e-04,      0.2048
 402,   1.588e-01,  -1.515e-01,   3.496e-04,       0.082,       0.000,       0.997,   7.488e-05,      0.2570
Strip 16
 403,   1.588e-01,  -1.189e-01,   2.322e-04,       0.019,       0.000,      -1.000,   7.679e-05,      0.2811
 404,   1.542e-01,  -1.189e-01,   3.273e-05,       0.052,       0.000,      -0.999,   2.262e-04,      0.2652
 405,   1.453e-01,  -1.189e-01,  -5.423e-04,       0.072,      -0.000,      -0.997,   3.628e-04,      0.2470
 406,   1.326e-01,  -1.189e-01,  -1.498e-03,       0.077,       0.000,      -0.997,   4.782e-04,      0.2284
 407,   1.169e-01,  -1.189e-01,  -2.661e-03,       0.071,      -0.000,      -0.998,   5.654e-04,      0.2234
 408,   9.897e-02,  -1.189e-01,  -3.769e-03,       0.054,      -0.000,      -0.999,   6.194e-04,      0.2425
 409,   7.997e-02,  -1.189e-01,  -4.587e-03,       0.033,       0.000,      -0.999,   6.373e-04,      0.2908
 410,   6.097e-02,  -1.189e-01,  -5.007e-03,       0.011,       0.000,      -1.000,   6.185e-04,      0.3674
 411,   4.307e-02,  -1.189e-01,  -5.009e-03,      -0.012,       0.000,      -1.000,   5.640e-04,      0.4747
 412,   2.732e-02,  -1.189e-01,  -4.585e-03,      -0.044,       0.000,      -0.999,   4.772e-04,      0.6257
 413,   1.462e-02,  -1.189e-01,  -3.703e-03,      -0.102,       0.000,      -0.995,   3.637e-04,      0.8418
 414,   5.725e-03,  -1.189e-01,  -2.343e-03,      -0.228,       0.000,      -0.974,   2.320e-04,      0.9820
 415,   1.144e-03,  -1.189e-01,  -7.216e-04,      -0.577,       0.000,      -0.817,   9.402e-05,     -1.6159
 416,   1.144e-03,  -1.189e-01,   1.487e-03,      -0.767,       0.000,       0.642,   1.196e-04,     -9.2058
 417,   5.725e-03,  -1.189e-01,   4.460e-03,      -0.421,       0.000,       0.907,   2.490e-04,     -3.9341
 418,   1.462e-02,  -1.189e-01,   7.393e-03,      -0.239,       0.000,       0.971,   3.727e-04,     -2.3882
 419,   2.732e-02,  -1.189e-01,   9.671e-03,      -0.128,       0.000,       0.992,   4.807e-04,     -1.6822
 420,   4.307e-02,  -1.189e-01,   1.103e-02,      -0.050,       0.000,       0.999,   5.647e-04,     -1.2571
 421,   6.097e-02,  -1.189e-01,   1.133e-02,       0.014,       0.000,       1.000,   6.185e-04,     -0.9566
 422,   7.997e-02,  -1.189e-01,   1.049e-02,       0.073,       0.000,       0.997,   6.387e-04,     -0.6938
 423,   9.897e-02,  -1.189e-01,   8.692e-03,       0.117,      -0.000,       0.993,   6.227e-04,     -0.4495
 424,   1.169e-01,  -1.189e-01,   6.363e-03,       0.143,      -0.000,       0.990,   5.698e-04,     -0.2367
 425,   1.326e-01,  -1.189e-01,   4.010e-03,       0.154,       0.000,       0.988,   4.825e-04,     -0.0563
 426,   1.453e-01,  -1.189e-01,   2.079e-03,       0.146,       0.000,       0.989,   3.658e-04,      0.0898
 427,   1.542e-01,  -1.189e-01,   8.574e-04,       0.120,      -0.000,       0.993,   2.275e-04,      0.2041
 428,   1.588e-01,  -1.189e-01,   3.496e-04,       0.082,      -0.000,       0.997,   7.703e-05,      0.2568
Strip 17
 429,   1.588e-01,  -8.550e-02,   2.322e-04,       0.019,       0.000,      -1.000,   7.842e-05,      0.2816
 430,   1.542e-01,  -8.550e-02,   3.273e-05,       0.052,       0.000,      -0.999,   2.310e-04,      0.2661
 431,   1.453e-01,  -8.550e-02,  -5.423e-04,       0.072,       0.000,      -0.997,   3.705e-04,      0.2487
 432,   1.326e-01,  -8.550e-02,  -1.498e-03,       0.077,       0.000,      -0.997,   4.883e-04,      0.2308
 433,   1.169e-01,  -8.550e-02,  -2.661e-03,       0.071,       0.000,      -0.998,   5.774e-04,      0.2266
 434,   9.897e-02,  -8.550e-02,  -3.769e-03,       0.054,       0.000,      -0.999,   6.325e-04,      0.2464
 435,   7.997e-02,  -8.550e-02,  -4.587e-03,       0.033,       0.000,      -0.999,   6.508e-04,      0.2954
 436,   6.097e-02,  -8.550e-02,  -5.007e-03,       0.011,       0.000,      -1.000,   6.316e-04,      0.3727
 437,   4.307e-02,  -8.550e-02,  -5.009e-03,      -0.012,       0.000,      -1.000,   5.760e-04,      0.4806
 438,   2.732e-02,  -8.550e-02,  -4.585e-03,      -0.044,       0.000,      -0.999,   4.874e-04,      0.6319
 439,   1.462e-02,  -8.550e-02,  -3.703e-03,      -0.102,       0.000,      -0.995,   3.714e-04,      0.8474
 440,   5.725e-03,  -8.550e-02,  -2.343e-03,      -0.228,       0.000,      -0.974,   2.369e-04,      0.9787
 441,   1.144e-03,  -8.550e-02,  -7.216e-04,      -0.577,       0.000,      -0.817,   9.601e-05,     -1.6984
 442,   1.144e-03,  -8.550e-02,   1.487e-03,      -0.767,       0.000,       0.642,   1.221e-04,     -9.3724
 443,   5.725e-03,  -8.550e-02,   4.460e-03,      -0.421,       0.000,       0.907,   2.542e-04,     -3.9888
 444,   1.462e-02,  -8.550e-02,   7.393e-03,      -0.239,       0.000,       0.971,   3.805e-04,     -2.4165
 445,   2.732e-02,  -8.550e-02,   9.671e-03,      -0.128,       0.000,       0.992,   4.909e-04,     -1.7009
 446,   4.307e-02,  -8.550e-02,   1.103e-02,      -0.050,       0.000,       0.999,   5.767e-04,     -1.2708
 447,   6.097e-02,  -8.550e-02,   1.133e-02,       0.014,       0.000,       1.000,   6.316e-04,     -0.9672
 448,   7.997e-02,  -8.550e-02,   1.049e-02,       0.073,       0.000,       0.997,   6.522e-04,     -0.7018
 449,   9.897e-02,  -8.550e-02,   8.692e-03,       0.117,       0.000,       0.993,   6.359e-04,     -0.4553
 450,   1.169e-01,  -8.550e-02,   6.363e-03,       0.143,       0.000,       0.990,   5.819e-04,     -0.2408
 451,   1.326e-01,  -8.550e-02,   4.010e-03,       0.154,       0.000,       0.988,   4.927e-04,     -0.0589
 452,   1.453e-01,  -8.550e-02,   2.079e-03,       0.146,       0.000,       0.989,   3.735e-04,      0.0883
 453,   1.542e-01,  -8.550e-02,   8.574e-04,       0.120,       0.000,       0.993,   2.323e-04,      0.2035
 454,   1.588e-01,  -8.550e-02,   3.496e-04,       0.082,       0.000,       0.997,   7.867e-05,      0.2567
Strip 18
 455,   1.588e-01,  -5.154e-02,   2.322e-04,       0.019,       0.000,      -1.000,   7.951e-05,      0.2819
 456,   1.542e-01,  -5.154e-02,   3.273e-05,       0.052,       0.000,      -0.999,   2.342e-04,      0.2667
 457,   1.453e-01,  -5.154e-02,  -5.423e-04,       0.072,       0.000,      -0.997,   3.756e-04,      0.2497
 458,   1.326e-01,  -5.154e-02,  -1.498e-03,       0.077,       0.000,      -0.997,   4.951e-04,      0.2323
 459,   1.169e-01,  -5.154e-02,  -2.661e-03,       0.071,       0.000,      -0.998,   5.854e-04,      0.2286
 460,   9.897e-02,  -5.154e-02,  -3.769e-03,       0.054,       0.000,      -0.999,   6.413e-04,      0.2490
 461,   7.997e-02,  -5.154e-02,  -4.587e-03,       0.033,       0.000,      -0.999,   6.598e-04,      0.2985
 462,   6.097e-02,  -5.154e-02,  -5.007e-03,       0.011,       0.000,      -1.000,   6.404e-04,      0.3762
 463,   4.307e-02,  -5.154e-02,  -5.009e-03,      -0.012,       0.000,      -1.000,   5.840e-04,      0.4844
 464,   2.732e-02,  -5.154e-02,  -4.585e-03,      -0.044,       0.000,      -0.999,   4.941e-04,      0.6359
 465,   1.462e-02,  -5.154e-02,  -3.703e-03,      -0.102,       0.000,      -0.995,   3.766e-04,      0.8511
 466,   5.725e-03,  -5.154e-02,  -2.343e-03,      -0.228,       0.000,      -0.974,   2.402e-04,      0.9763
 467,   1.144e-03,  -5.154e-02,  -7.216e-04,      -0.577,       0.000,      -0.817,   9.734e-05,     -1.7533
 468,   1.144e-03,  -5.154e-02,   1.487e-03,      -0.767,       0.000,       0.642,   1.238e-04,     -9.4827
 469,   5.725e-03,  -5.154e-02,   4.460e-03,      -0.421,       0.000,       0.907,   2.578e-04,     -4.0250
 470,   1.462e-02,  -5.154e-02,   7.393e-03,      -0.239,       0.000,       0.971,   3.858e-04,     -2.4353
 471,   2.732e-02,  -5.154e-02,   9.671e-03,      -0.128,       0.000,       0.992,   4.977e-04,     -1.7132
 472,   4.307e-02,  -5.154e-02,   1.103e-02,      -0.050,       0.000,       0.999,   5.847e-04,     -1.2798
 473,   6.097e-02,  -5.154e-02,   1.133e-02,       0.014,       0.000,       1.000,   6.404e-04,     -0.9740
 474,   7.997e-02,  -5.154e-02,   1.049e-02,       0.073,       0.000,       0.997,   6.613e-04,     -0.7070
 475,   9.897e-02,  -5.154e-02,   8.692e-03,       0.117,       0.000,       0.993,   6.447e-04,     -0.4592
 476,   1.169e-01,  -5.154e-02,   6.363e-03,       0.143,       0.000,       0.990,   5.900e-04,     -0.2434
 477,   1.326e-01,  -5.154e-02,   4.010e-03,       0.154,       0.000,       0.988,   4.996e-04,     -0.0606
 478,   1.453e-01,  -5.154e-02,   2.079e-03,       0.146,       0.000,       0.989,   3.787e-04,      0.0874
 479,   1.542e-01,  -5.154e-02,   8.574e-04,       0.120,       0.000,       0.993,   2.356e-04,      0.2031
 480,   1.588e-01,  -5.154e-02,   3.496e-04,       0.082,       0.000,       0.997,   7.976e-05,      0.2567
Strip 19
 481,   1.588e-01,  -1.722e-02,   2.322e-04,       0.019,       0.000,      -1.000,   8.005e-05,      0.2821
 482,   1.542e-01,  -1.722e-02,   3.273e-05,       0.052,       0.000,      -0.999,   2.358e-04,      0.2670
 483,   1.453e-01,  -1.722e-02,  -5.423e-04,       0.072,       0.000,      -0.997,   3.782e-04,      0.2502
 484,   1.326e-01,  -1.722e-02,  -1.498e-03,       0.077,       0.000,      -0.997,   4.985e-04,      0.2330
 485,   1.169e-01,  -1.722e-02,  -2.661e-03,       0.071,       0.000,      -0.998,   5.894e-04,      0.2296
 486,   9.897e-02,  -1.722e-02,  -3.769e-03,       0.054,       0.000,      -0.999,   6.457e-04,      0.2502
 487,   7.997e-02,  -1.722e-02,  -4.587e-03,       0.033,       0.000,      -0.999,   6.644e-04,      0.2999
 488,   6.097e-02,  -1.722e-02,  -5.007e-03,       0.011,       0.000,      -1.000,   6.448e-04,      0.3779
 489,   4.307e-02,  -1.722e-02,  -5.009e-03,      -0.012,       0.000,      -1.000,   5.880e-04,      0.4862
 490,   2.732e-02,  -1.722e-02,  -4.585e-03,      -0.044,       0.000,      -0.999,   4.975e-04,      0.6379
 491,   1.462e-02,  -1.722e-02,  -3.703e-03,      -0.102,       0.000,      -0.995,   3.792e-04,      0.8528
 492,   5.725e-03,  -1.722e-02,  -2.343e-03,      -0.228,       0.000,      -0.974,   2.418e-04,      0.9751
 493,   1.144e-03,  -1.722e-02,  -7.216e-04,      -0.577,       0.000,      -0.817,   9.801e-05,     -1.7807
 494,   1.144e-03,  -1.722e-02,   1.487e-03,      -0.767,       0.000,       0.642,   1.247e-04,     -9.5377
 495,   5.725e-03,  -1.722e-02,   4.460e-03,      -0.421,       0.000,       0.907,   2.595e-04,     -4.0429
 496,   1.462e-02,  -1.722e-02,   7.393e-03,      -0.239,       0.000,       0.971,   3.885e-04,     -2.4445
 497,   2.732e-02,  -1.722e-02,   9.671e-03,      -0.128,       0.000,       0.992,   5.011e-04,     -1.7192
 498,   4.307e-02,  -1.722e-02,   1.103e-02,      -0.050,       0.000,       0.999,   5.887e-04,     -1.2842
 499,   6.097e-02,  -1.722e-02,   1.133e-02,       0.014,       0.000,       1.000,   6.448e-04,     -0.9774
 500,   7.997e-02,  -1.722e-02,   1.049e-02,       0.073,       0.000,       0.997,   6.658e-04,     -0.7096
 501,   9.897e-02,  -1.722e-02,   8.692e-03,       0.117,      -0.000,       0.993,   6.492e-04,     -0.4610
 502,   1.169e-01,  -1.722e-02,   6.363e-03,       0.143,      -0.000,       0.990,   5.940e-04,     -0.2447
 503,   1.326e-01,  -1.722e-02,   4.010e-03,       0.154,       0.000,       0.988,   5.030e-04,     -0.0614
 504,   1.453e-01,  -1.722e-02,   2.079e-03,       0.146,       0.000,       0.989,   3.813e-04,      0.0869
 505,   1.542e-01,  -1.722e-02,   8.574e-04,       0.120,       0.000,       0.993,   2.372e-04,      0.2029
 506,   1.588e-01,  -1.722e-02,   3.496e-04,       0.082,       0.000,       0.997,   8.031e-05,      0.2566
Strip 20
 507,   1.588e-01,   1.722e-02,   2.322e-04,       0.019,       0.000,      -1.000,   8.005e-05,      0.2821
 508,   1.542e-01,   1.722e-02,   3.273e-05,       0.052,       0.000,      -0.999,   2.358e-04,      0.2670
 509,   1.453e-01,   1.722e-02,  -5.423e-04,       0.072,       0.000,      -0.997,   3.782e-04,      0.2502
 510,   1.326e-01,   1.722e-02,  -1.498e-03,       0.077,       0.000,      -0.997,   4.985e-04,      0.2330
 511,   1.169e-01,   1.722e-02,  -2.661e-03,       0.071,       0.000,      -0.998,   5.894e-04,      0.2296
 512,   9.897e-02,   1.722e-02,  -3.769e-03,       0.054,       0.000,      -0.999,   6.457e-04,      0.2502
 513,   7.997e-02,   1.722e-02,  -4.587e-03,       0.033,       0.000,      -0.999,   6.644e-04,      0.2999
 514,   6.097e-02,   1.722e-02,  -5.007e-03,       0.011,       0.000,      -1.000,   6.448e-04,      0.3779
 515,   4.307e-02,   1.722e-02,  -5.009e-03,      -0.012,       0.000,      -1.000,   5.880e-04,      0.4862
 516,   2.732e-02,   1.722e-02,  -4.585e-03,      -0.044,       0.000,      -0.999,   4.975e-04,      0.6379
 517,   1.462e-02,   1.722e-02,  -3.703e-03,      -0.102,       0.000,      -0.995,   3.792e-04,      0.8528
 518,   5.725e-03,   1.722e-02,  -2.343e-03,      -0.228,       0.000,      -0.974,   2.418e-04,      0.9751
 519,   1.144e-03,   1.722e-02,  -7.216e-04,      -0.577,       0.000,      -0.817,   9.801e-05,     -1.7807
 520,   1.144e-03,   1.722e-02,   1.487e-03,      -0.767,       0.000,       0.642,   1.247e-04,     -9.5377
 521,   5.725e-03,   1.722e-02,   4.460e-03,      -0.421,       0.000,       0.907,   2.595e-04,     -4.0429
 522,   1.462e-02,   1.722e-02,   7.393e-03,      -0.239,       0.000,       0.971,   3.885e-04,     -2.4445
 523,   2.732e-02,   1.722e-02,   9.671e-03,      -0.128,       0.000,       0.992,   5.011e-04,     -1.7192
 524,   4.307e-02,   1.722e-02,   1.103e-02,      -0.050,       0.000,       0.999,   5.887e-04,     -1.2842
 525,   6.097e-02,   1.722e-02,   1.133e-02,       0.014,       0.000,       1.000,   6.448e-04,     -0.9774
 526,   7.997e-02,   1.722e-02,   1.049e-02,       0.073,       0.000,       0.997,   6.658e-04,     -0.7096
 527,   9.897e-02,   1.722e-02,   8.692e-03,       0.117,       0.000,       0.993,   6.492e-04,     -0.4610
 528,   1.169e-01,   1.722e-02,   6.363e-03,       0.143,       0.000,       0.990,   5.940e-04,     -0.2447
 529,   1.326e-01,   1.722e-02,   4.010e-03,       0.154,       0.000,       0.988,   5.030e-04,     -0.0614
 530,   1.453e-01,   1.722e-02,   2.079e-03,       0.146,       0.000,       0.989,   3.813e-04,      0.0869
 531,   1.542e-01,   1.722e-02,   8.574e-04,       0.120,       0.000,       0.993,   2.372e-04,      0.2029
 532,   1.588e-01,   1.722e-02,   3.496e-04,       0.082,       0.000,       0.997,   8.031e-05,      0.2566
Strip 21
 533,   1.588e-01,   5.154e-02,   2.322e-04,       0.019,       0.000,      -1.000,   7.951e-05,      0.2819
 534,   1.542e-01,   5.154e-02,   3.273e-05,       0.052,       0.000,      -0.999,   2.342e-04,      0.2667
 535,   1.453e-01,   5.154e-02,  -5.423e-04,       0.072,       0.000,      -0.997,   3.756e-04,      0.2497
 536,   1.326e-01,   5.154e-02,  -1.498e-03,       0.077,       0.000,      -0.997,   4.951e-04,      0.2323
 537,   1.169e-01,   5.154e-02,  -2.661e-03,       0.071,       0.000,      -0.998,   5.854e-04,      0.2286
 538,   9.897e-02,   5.154e-02,  -3.769e-03,       0.054,       0.000,      -0.999,   6.413e-04,      0.2490
 539,   7.997e-02,   5.154e-02,  -4.587e-03,       0.033,       0.000,      -0.999,   6.598e-04,      0.2985
 540,   6.097e-02,   5.154e-02,  -5.007e-03,       0.011,       0.000,      -1.000,   6.404e-04,      0.3762
 541,   4.307e-02,   5.154e-02,  -5.009e-03,      -0.012,       0.000,      -1.000,   5.840e-04,      0.4844
 542,   2.732e-02,   5.154e-02,  -4.585e-03,      -0.044,       0.000,      -0.999,   4.941e-04,      0.6359
 543,   1.462e-02,   5.154e-02,  -3.703e-03,      -0.102,      -0.000,      -0.995,   3.766e-04,      0.8511
 544,   5.725e-03,   5.154e-02,  -2.343e-03,      -0.228,      -0.000,      -0.974,   2.402e-04,      0.9763
 545,   1.144e-03,   5.154e-02,  -7.216e-04,      -0.577,      -0.000,      -0.817,   9.734e-05,     -1.7533
 546,   1.144e-03,   5.154e-02,   1.487e-03,      -0.767,       0.000,       0.642,   1.238e-04,     -9.4827
 547,   5.725e-03,   5.154e-02,   4.460e-03,      -0.421,       0.000,       0.907,   2.578e-04,     -4.0250
 548,   1.462e-02,   5.154e-02,   7.393e-03,      -0.239,      -0.000,       0.971,   3.858e-04,     -2.4353
 549,   2.732e-02,   5.154e-02,   9.671e-03,      -0.128,      -0.000,       0.992,   4.977e-04,     -1.7132
 550,   4.307e-02,   5.154e-02,   1.103e-02,      -0.050,       0.000,       0.999,   5.847e-04,     -1.2798
 551,   6.097e-02,   5.154e-02,   1.133e-02,       0.014,       0.000,       1.000,   6.404e-04,     -0.9740
 552,   7.997e-02,   5.154e-02,   1.049e-02,       0.073,       0.000,       0.997,   6.613e-04,     -0.7070
 553,   9.897e-02,   5.154e-02,   8.692e-03,       0.117,       0.000,       0.993,   6.447e-04,     -0.4592
 554,   1.169e-01,   5.154e-02,   6.363e-03,       0.143,       0.000,       0.990,   5.900e-04,     -0.2434
 555,   1.326e-01,   5.154e-02,   4.010e-03,       0.154,       0.000,       0.988,   4.996e-04,     -0.0606
 556,   1.453e-01,   5.154e-02,   2.079e-03,       0.146,       0.000,       0.989,   3.787e-04,      0.0874
 557,   1.542e-01,   5.154e-02,   8.574e-04,       0.120,       0.000,       0.993,   2.356e-04,      0.2031
 558,   1.588e-01,   5.154e-02,   3.496e-04,       0.082,       0.000,       0.997,   7.976e-05,      0.2567
Strip 22
 559,   1.588e-01,   8.550e-02,   2.322e-04,       0.019,      -0.000,      -1.000,   7.842e-05,      0.2816
 560,   1.542e-01,   8.550e-02,   3.273e-05,       0.052,       0.000,      -0.999,   2.310e-04,      0.2661
 561,   1.453e-01,   8.550e-02,  -5.423e-04,       0.072,       0.000,      -0.997,   3.705e-04,      0.2487
 562,   1.326e-01,   8.550e-02,  -1.498e-03,       0.077,       0.000,      -0.997,   4.883e-04,      0.2308
 563,   1.169e-01,   8.550e-02,  -2.661e-03,       0.071,      -0.000,      -0.998,   5.774e-04,      0.2266
 564,   9.897e-02,   8.550e-02,  -3.769e-03,       0.054,      -0.000,      -0.999,   6.325e-04,      0.2464
 565,   7.997e-02,   8.550e-02,  -4.587e-03,       0.033,      -0.000,      -0.999,   6.508e-04,      0.2954
 566,   6.097e-02,   8.550e-02,  -5.007e-03,       0.011,      -0.000,      -1.000,   6.316e-04,      0.3727
 567,   4.307e-02,   8.550e-02,  -5.009e-03,      -0.012,      -0.000,      -1.000,   5.760e-04,      0.4806
 568,   2.732e-02,   8.550e-02,  -4.585e-03,      -0.044,      -0.000,      -0.999,   4.874e-04,      0.6319
 569,   1.462e-02,   8.550e-02,  -3.703e-03,      -0.102,       0.000,      -0.995,   3.714e-04,      0.8474
 570,   5.725e-03,   8.550e-02,  -2.343e-03,      -0.228,       0.000,      -0.974,   2.369e-04,      0.9787
 571,   1.144e-03,   8.550e-02,  -7.216e-04,      -0.577,       0.000,      -0.817,   9.601e-05,     -1.6984
 572,   1.144e-03,   8.550e-02,   1.487e-03,      -0.767,       0.000,       0.642,   1.221e-04,     -9.3724
 573,   5.725e-03,   8.550e-02,   4.460e-03,      -0.421,       0.000,       0.907,   2.542e-04,     -3.9888
 574,   1.462e-02,   8.550e-02,   7.393e-03,      -0.239,       0.000,       0.971,   3.805e-04,     -2.4165
 575,   2.732e-02,   8.550e-02,   9.671e-03,      -0.128,       0.000,       0.992,   4.909e-04,     -1.7009
 576,   4.307e-02,   8.550e-02,   1.103e-02,      -0.050,      -0.000,       0.999,   5.767e-04,     -1.2708
 577,   6.097e-02,   8.550e-02,   1.133e-02,       0.014,      -0.000,       1.000,   6.316e-04,     -0.9672
 578,   7.997e-02,   8.550e-02,   1.049e-02,       0.073,      -0.000,       0.997,   6.522e-04,     -0.7018
 579,   9.897e-02,   8.550e-02,   8.692e-03,       0.117,      -0.000,       0.993,   6.359e-04,     -0.4553
 580,   1.169e-01,   8.550e-02,   6.363e-03,       0.143,      -0.000,       0.990,   5.819e-04,     -0.2408
 581,   1.326e-01,   8.550e-02,   4.010e-03,       0.154,       0.000,       0.988,   4.927e-04,     -0.0589
 582,   1.453e-01,   8.550e-02,   2.079e-03,       0.146,      -0.000,       0.989,   3.735e-04,      0.0883
 583,   1.542e-01,   8.550e-02,   8.574e-04,       0.120,      -0.000,       0.993,   2.323e-04,      0.2035
 584,   1.588e-01,   8.550e-02,   3.496e-04,       0.082,      -0.000,       0.997,   7.867e-05,      0.2567
Strip 23
 585,   1.588e-01,   1.189e-01,   2.322e-04,       0.019,       0.000,      -1.000,   7.679e-05,      0.2811
 586,   1.542e-01,   1.189e-01,   3.273e-05,       0.052,       0.000,      -0.999,   2.262e-04,      0.2652
 587,   1.453e-01,   1.189e-01,  -5.423e-04,       0.072,       0.000,      -0.997,   3.628e-04,      0.2470
 588,   1.326e-01,   1.189e-01,  -1.498e-03,       0.077,       0.000,      -0.997,   4.782e-04,      0.2284
 589,   1.169e-01,   1.189e-01,  -2.661e-03,       0.071,      -0.000,      -0.998,   5.654e-04,      0.2234
 590,   9.897e-02,   1.189e-01,  -3.769e-03,       0.054,       0.000,      -0.999,   6.194e-04,      0.2425
 591,   7.997e-02,   1.189e-01,  -4.587e-03,       0.033,       0.000,      -0.999,   6.373e-04,      0.2908
 592,   6.097e-02,   1.189e-01,  -5.007e-03,       0.011,       0.000,      -1.000,   6.185e-04,      0.3674
 593,   4.307e-02,   1.189e-01,  -5.009e-03,      -0.012,       0.000,      -1.000,   5.640e-04,      0.4747
 594,   2.732e-02,   1.189e-01,  -4.585e-03,      -0.044,       0.000,      -0.999,   4.772e-04,      0.6257
 595,   1.462e-02,   1.189e-01,  -3.703e-03,      -0.102,       0.000,      -0.995,   3.637e-04,      0.8418
 596,   5.725e-03,   1.189e-01,  -2.343e-03,      -0.228,       0.000,      -0.974,   2.320e-04,      0.9820
 597,   1.144e-03,   1.189e-01,  -7.216e-04,      -0.577,       0.000,      -0.817,   9.402e-05,     -1.6159
 598,   1.144e-03,   1.189e-01,   1.487e-03,      -0.767,       0.000,       0.642,   1.196e-04,     -9.2058
 599,   5.725e-03,   1.189e-01,   4.460e-03,      -0.421,       0.000,       0.907,   2.490e-04,     -3.9341
 600,   1.462e-02,   1.189e-01,   7.393e-03,      -0.239,       0.000,       0.971,   3.727e-04,     -2.3882
 601,   2.732e-02,   1.189e-01,   9.671e-03,      -0.128,       0.000,       0.992,   4.807e-04,     -1.6822
 602,   4.307e-02,   1.189e-01,   1.103e-02,      -0.050,       0.000,       0.999,   5.647e-04,     -1.2571
 603,   6.097e-02,   1.189e-01,   1.133e-02,       0.014,       0.000,       1.000,   6.185e-04,     -0.9566
 604,   7.997e-02,   1.189e-01,   1.049e-02,       0.073,       0.000,       0.997,   6.387e-04,     -0.6938
 605,   9.897e-02,   1.189e-01,   8.692e-03,       0.117,       0.000,       0.993,   6.227e-04,     -0.4495
 606,   1.169e-01,   1.189e-01,   6.363e-03,       0.143,      -0.000,       0.990,   5.698e-04,     -0.2367
 607,   1.326e-01,   1.189e-01,   4.010e-03,       0.154,       0.000,       0.988,   4.825e-04,     -0.0563
 608,   1.453e-01,   1.189e-01,   2.079e-03,       0.146,       0.000,       0.989,   3.658e-04,      0.0898
 609,   1.542e-01,   1.189e-01,   8.574e-04,       0.120,       0.000,       0.993,   2.275e-04,      0.2041
 610,   1.588e-01,   1.189e-01,   3.496e-04,       0.082,       0.000,       0.997,   7.703e-05,      0.2568
Strip 24
 611,   1.588e-01,   1.515e-01,   2.322e-04,       0.019,       0.000,      -1.000,   7.464e-05,      0.2803
 612,   1.542e-01,   1.515e-01,   3.273e-05,       0.052,       0.000,      -0.999,   2.198e-04,      0.2638
 613,   1.453e-01,   1.515e-01,  -5.423e-04,       0.072,       0.000,      -0.997,   3.526e-04,      0.2447
 614,   1.326e-01,   1.515e-01,  -1.498e-03,       0.077,       0.000,      -0.997,   4.648e-04,      0.2251
 615,   1.169e-01,   1.515e-01,  -2.661e-03,       0.071,       0.000,      -0.998,   5.496e-04,      0.2190
 616,   9.897e-02,   1.515e-01,  -3.769e-03,       0.054,       0.000,      -0.999,   6.020e-04,      0.2370
 617,   7.997e-02,   1.515e-01,  -4.587e-03,       0.033,       0.000,      -0.999,   6.195e-04,      0.2843
 618,   6.097e-02,   1.515e-01,  -5.007e-03,       0.011,       0.000,      -1.000,   6.012e-04,      0.3601
 619,   4.307e-02,   1.515e-01,  -5.009e-03,      -0.012,       0.000,      -1.000,   5.483e-04,      0.4667
 620,   2.732e-02,   1.515e-01,  -4.585e-03,      -0.044,       0.000,      -0.999,   4.639e-04,      0.6171
 621,   1.462e-02,   1.515e-01,  -3.703e-03,      -0.102,       0.000,      -0.995,   3.535e-04,      0.8341
 622,   5.725e-03,   1.515e-01,  -2.343e-03,      -0.228,       0.000,      -0.974,   2.255e-04,      0.9860
 623,   1.144e-03,   1.515e-01,  -7.216e-04,      -0.577,       0.000,      -0.817,   9.139e-05,     -1.5061
 624,   1.144e-03,   1.515e-01,   1.487e-03,      -0.767,       0.000,       0.642,   1.162e-04,     -8.9818
 625,   5.725e-03,   1.515e-01,   4.460e-03,      -0.421,       0.000,       0.907,   2.420e-04,     -3.8602
 626,   1.462e-02,   1.515e-01,   7.393e-03,      -0.239,       0.000,       0.971,   3.622e-04,     -2.3497
 627,   2.732e-02,   1.515e-01,   9.671e-03,      -0.128,       0.000,       0.992,   4.672e-04,     -1.6568
 628,   4.307e-02,   1.515e-01,   1.103e-02,      -0.050,       0.000,       0.999,   5.489e-04,     -1.2384
 629,   6.097e-02,   1.515e-01,   1.133e-02,       0.014,       0.000,       1.000,   6.012e-04,     -0.9422
 630,   7.997e-02,   1.515e-01,   1.049e-02,       0.073,       0.000,       0.997,   6.208e-04,     -0.6827
 631,   9.897e-02,   1.515e-01,   8.692e-03,       0.117,       0.000,       0.993,   6.053e-04,     -0.4414
 632,   1.169e-01,   1.515e-01,   6.363e-03,       0.143,       0.000,       0.990,   5.539e-04,     -0.2312
 633,   1.326e-01,   1.515e-01,   4.010e-03,       0.154,       0.000,       0.988,   4.690e-04,     -0.0528
 634,   1.453e-01,   1.515e-01,   2.079e-03,       0.146,       0.000,       0.989,   3.555e-04,      0.0917
 635,   1.542e-01,   1.515e-01,   8.574e-04,       0.120,       0.000,       0.993,   2.211e-04,      0.2048
 636,   1.588e-01,   1.515e-01,   3.496e-04,       0.082,      -0.000,       0.997,   7.488e-05,      0.2570
Strip 25
 637,   1.588e-01,   1.830e-01,   2.322e-04,       0.019,       0.000,      -1.000,   7.198e-05,      0.2792
 638,   1.542e-01,   1.830e-01,   3.273e-05,       0.052,       0.000,      -0.999,   2.120e-04,      0.2619
 639,   1.453e-01,   1.830e-01,  -5.423e-04,       0.072,       0.000,      -0.997,   3.401e-04,      0.2417
 640,   1.326e-01,   1.830e-01,  -1.498e-03,       0.077,       0.000,      -0.997,   4.482e-04,      0.2207
 641,   1.169e-01,   1.830e-01,  -2.661e-03,       0.071,       0.000,      -0.998,   5.300e-04,      0.2132
 642,   9.897e-02,   1.830e-01,  -3.769e-03,       0.054,       0.000,      -0.999,   5.806e-04,      0.2297
 643,   7.997e-02,   1.830e-01,  -4.587e-03,       0.033,       0.000,      -0.999,   5.974e-04,      0.2757
 644,   6.097e-02,   1.830e-01,  -5.007e-03,       0.011,       0.000,      -1.000,   5.798e-04,      0.3505
 645,   4.307e-02,   1.830e-01,  -5.009e-03,      -0.012,       0.000,      -1.000,   5.287e-04,      0.4561
 646,   2.732e-02,   1.830e-01,  -4.585e-03,      -0.044,       0.000,      -0.999,   4.474e-04,      0.6059
 647,   1.462e-02,   1.830e-01,  -3.703e-03,      -0.102,       0.000,      -0.995,   3.409e-04,      0.8238
 648,   5.725e-03,   1.830e-01,  -2.343e-03,      -0.228,       0.000,      -0.974,   2.174e-04,      0.9905
 649,   1.144e-03,   1.830e-01,  -7.216e-04,      -0.577,       0.000,      -0.817,   8.813e-05,     -1.3691
 650,   1.144e-03,   1.830e-01,   1.487e-03,      -0.767,       0.000,       0.642,   1.121e-04,     -8.6990
 651,   5.725e-03,   1.830e-01,   4.460e-03,      -0.421,       0.000,       0.907,   2.334e-04,     -3.7664
 652,   1.462e-02,   1.830e-01,   7.393e-03,      -0.239,       0.000,       0.971,   3.493e-04,     -2.3006
 653,   2.732e-02,   1.830e-01,   9.671e-03,      -0.128,       0.000,       0.992,   4.506e-04,     -1.6242
 654,   4.307e-02,   1.830e-01,   1.103e-02,      -0.050,       0.000,       0.999,   5.293e-04,     -1.2143
 655,   6.097e-02,   1.830e-01,   1.133e-02,       0.014,       0.000,       1.000,   5.798e-04,     -0.9235
 656,   7.997e-02,   1.830e-01,   1.049e-02,       0.073,       0.000,       0.997,   5.987e-04,     -0.6684
 657,   9.897e-02,   1.830e-01,   8.692e-03,       0.117,       0.000,       0.993,   5.837e-04,     -0.4310
 658,   1.169e-01,   1.830e-01,   6.363e-03,       0.143,       0.000,       0.990,   5.341e-04,     -0.2240
 659,   1.326e-01,   1.830e-01,   4.010e-03,       0.154,       0.000,       0.988,   4.523e-04,     -0.0483
 660,   1.453e-01,   1.830e-01,   2.079e-03,       0.146,       0.000,       0.989,   3.429e-04,      0.0942
 661,   1.542e-01,   1.830e-01,   8.574e-04,       0.120,       0.000,       0.993,   2.133e-04,      0.2057
 662,   1.588e-01,   1.830e-01,   3.496e-04,       0.082,       0.000,       0.997,   7.221e-05,      0.2569
Strip 26
 663,   1.588e-01,   2.133e-01,   2.322e-04,       0.019,       0.000,      -1.000,   6.883e-05,      0.2776
 664,   1.542e-01,   2.133e-01,   3.273e-05,       0.052,       0.000,      -0.999,   2.027e-04,      0.2594
 665,   1.453e-01,   2.133e-01,  -5.423e-04,       0.072,      -0.000,      -0.997,   3.252e-04,      0.2376
 666,   1.326e-01,   2.133e-01,  -1.498e-03,       0.077,       0.000,      -0.997,   4.286e-04,      0.2150
 667,   1.169e-01,   2.133e-01,  -2.661e-03,       0.071,       0.000,      -0.998,   5.068e-04,      0.2057
 668,   9.897e-02,   2.133e-01,  -3.769e-03,       0.054,       0.000,      -0.999,   5.551e-04,      0.2205
 669,   7.997e-02,   2.133e-01,  -4.587e-03,       0.033,       0.000,      -0.999,   5.712e-04,      0.2649
 670,   6.097e-02,   2.133e-01,  -5.007e-03,       0.011,       0.000,      -1.000,   5.544e-04,      0.3383
 671,   4.307e-02,   2.133e-01,  -5.009e-03,      -0.012,       0.000,      -1.000,   5.056e-04,      0.4428
 672,   2.732e-02,   2.133e-01,  -4.585e-03,      -0.044,       0.000,      -0.999,   4.278e-04,      0.5917
 673,   1.462e-02,   2.133e-01,  -3.703e-03,      -0.102,       0.000,      -0.995,   3.260e-04,      0.8106
 674,   5.725e-03,   2.133e-01,  -2.343e-03,      -0.228,       0.000,      -0.974,   2.079e-04,      0.9947
 675,   1.144e-03,   2.133e-01,  -7.216e-04,      -0.577,       0.000,      -0.817,   8.427e-05,     -1.2060
 676,   1.144e-03,   2.133e-01,   1.487e-03,      -0.767,       0.000,       0.642,   1.072e-04,     -8.3569
 677,   5.725e-03,   2.133e-01,   4.460e-03,      -0.421,       0.000,       0.907,   2.231e-04,     -3.6520
 678,   1.462e-02,   2.133e-01,   7.393e-03,      -0.239,       0.000,       0.971,   3.340e-04,     -2.2402
 679,   2.732e-02,   2.133e-01,   9.671e-03,      -0.128,       0.000,       0.992,   4.309e-04,     -1.5839
 680,   4.307e-02,   2.133e-01,   1.103e-02,      -0.050,       0.000,       0.999,   5.062e-04,     -1.1842
 681,   6.097e-02,   2.133e-01,   1.133e-02,       0.014,       0.000,       1.000,   5.544e-04,     -0.9001
 682,   7.997e-02,   2.133e-01,   1.049e-02,       0.073,       0.000,       0.997,   5.724e-04,     -0.6504
 683,   9.897e-02,   2.133e-01,   8.692e-03,       0.117,      -0.000,       0.993,   5.581e-04,     -0.4178
 684,   1.169e-01,   2.133e-01,   6.363e-03,       0.143,      -0.000,       0.990,   5.108e-04,     -0.2150
 685,   1.326e-01,   2.133e-01,   4.010e-03,       0.154,       0.000,       0.988,   4.325e-04,     -0.0427
 686,   1.453e-01,   2.133e-01,   2.079e-03,       0.146,       0.000,       0.989,   3.278e-04,      0.0971
 687,   1.542e-01,   2.133e-01,   8.574e-04,       0.120,       0.000,       0.993,   2.039e-04,      0.2065
 688,   1.588e-01,   2.133e-01,   3.496e-04,       0.082,       0.000,       0.997,   6.905e-05,      0.2566
Strip 27
 689,   1.588e-01,   2.421e-01,   2.322e-04,       0.019,       0.000,      -1.000,   6.521e-05,      0.2753
 690,   1.542e-01,   2.421e-01,   3.273e-05,       0.052,       0.000,      -0.999,   1.921e-04,      0.2560
 691,   1.453e-01,   2.421e-01,  -5.423e-04,       0.072,       0.000,      -0.997,   3.081e-04,      0.2323
 692,   1.326e-01,   2.421e-01,  -1.498e-03,       0.077,       0.000,      -0.997,   4.061e-04,      0.2077
 693,   1.169e-01,   2.421e-01,  -2.661e-03,       0.071,       0.000,      -0.998,   4.801e-04,      0.1962
 694,   9.897e-02,   2.421e-01,  -3.769e-03,       0.054,       0.000,      -0.999,   5.259e-04,      0.2088
 695,   7.997e-02,   2.421e-01,  -4.587e-03,       0.033,       0.000,      -0.999,   5.412e-04,      0.2514
 696,   6.097e-02,   2.421e-01,  -5.007e-03,       0.011,       0.000,      -1.000,   5.252e-04,      0.3232
 697,   4.307e-02,   2.421e-01,  -5.009e-03,      -0.012,       0.000,      -1.000,   4.790e-04,      0.4262
 698,   2.732e-02,   2.421e-01,  -4.585e-03,      -0.044,       0.000,      -0.999,   4.053e-04,      0.5741
 699,   1.462e-02,   2.421e-01,  -3.703e-03,      -0.102,       0.000,      -0.995,   3.089e-04,      0.7941
 700,   5.725e-03,   2.421e-01,  -2.343e-03,      -0.228,       0.000,      -0.974,   1.970e-04,      0.9981
 701,   1.144e-03,   2.421e-01,  -7.216e-04,      -0.577,       0.000,      -0.817,   7.984e-05,     -1.0181
 702,   1.144e-03,   2.421e-01,   1.487e-03,      -0.767,       0.000,       0.642,   1.015e-04,     -7.9550
 703,   5.725e-03,   2.421e-01,   4.460e-03,      -0.421,       0.000,       0.907,   2.114e-04,     -3.5165
 704,   1.462e-02,   2.421e-01,   7.393e-03,      -0.239,       0.000,       0.971,   3.164e-04,     -2.1681
 705,   2.732e-02,   2.421e-01,   9.671e-03,      -0.128,       0.000,       0.992,   4.082e-04,     -1.5352
 706,   4.307e-02,   2.421e-01,   1.103e-02,      -0.050,       0.000,       0.999,   4.795e-04,     -1.1476
 707,   6.097e-02,   2.421e-01,   1.133e-02,       0.014,       0.000,       1.000,   5.252e-04,     -0.8714
 708,   7.997e-02,   2.421e-01,   1.049e-02,       0.073,       0.000,       0.997,   5.423e-04,     -0.6284
 709,   9.897e-02,   2.421e-01,   8.692e-03,       0.117,       0.000,       0.993,   5.288e-04,     -0.4018
 710,   1.169e-01,   2.421e-01,   6.363e-03,       0.143,       0.000,       0.990,   4.839e-04,     -0.2042
 711,   1.326e-01,   2.421e-01,   4.010e-03,       0.154,       0.000,       0.988,   4.097e-04,     -0.0362
 712,   1.453e-01,   2.421e-01,   2.079e-03,       0.146,       0.000,       0.989,   3.106e-04,      0.1003
 713,   1.542e-01,   2.421e-01,   8.574e-04,       0.120,       0.000,       0.993,   1.932e-04,      0.2072
 714,   1.588e-01,   2.421e-01,   3.496e-04,       0.082,       0.000,       0.997,   6.541e-05,      0.2559
Strip 28
 715,   1.588e-01,   2.693e-01,   2.322e-04,       0.019,       0.000,      -1.000,   6.114e-05,      0.2720
 716,   1.542e-01,   2.693e-01,   3.273e-05,       0.052,       0.000,      -0.999,   1.801e-04,      0.2513
 717,   1.453e-01,   2.693e-01,  -5.423e-04,       0.072,       0.000,      -0.997,   2.888e-04,      0.2253
 718,   1.326e-01,   2.693e-01,  -1.498e-03,       0.077,       0.000,      -0.997,   3.807e-04,      0.1984
 719,   1.169e-01,   2.693e-01,  -2.661e-03,       0.071,      -0.000,      -0.998,   4.502e-04,      0.1843
 720,   9.897e-02,   2.693e-01,  -3.769e-03,       0.054,      -0.000,      -0.999,   4.931e-04,      0.1944
 721,   7.997e-02,   2.693e-01,  -4.587e-03,       0.033,       0.000,      -0.999,   5.074e-04,      0.2347
 722,   6.097e-02,   2.693e-01,  -5.007e-03,       0.011,       0.000,      -1.000,   4.924e-04,      0.3046
 723,   4.307e-02,   2.693e-01,  -5.009e-03,      -0.012,       0.000,      -1.000,   4.491e-04,      0.4060
 724,   2.732e-02,   2.693e-01,  -4.585e-03,      -0.044,       0.000,      -0.999,   3.800e-04,      0.5526
 725,   1.462e-02,   2.693e-01,  -3.703e-03,      -0.102,       0.000,      -0.995,   2.896e-04,      0.7736
 726,   5.725e-03,   2.693e-01,  -2.343e-03,      -0.228,       0.000,      -0.974,   1.847e-04,      0.9996
 727,   1.144e-03,   2.693e-01,  -7.216e-04,      -0.577,       0.000,      -0.817,   7.486e-05,     -0.8082
 728,   1.144e-03,   2.693e-01,   1.487e-03,      -0.767,       0.000,       0.642,   9.520e-05,     -7.4942
 729,   5.725e-03,   2.693e-01,   4.460e-03,      -0.421,       0.000,       0.907,   1.982e-04,     -3.3594
 730,   1.462e-02,   2.693e-01,   7.393e-03,      -0.239,       0.000,       0.971,   2.967e-04,     -2.0836
 731,   2.732e-02,   2.693e-01,   9.671e-03,      -0.128,       0.000,       0.992,   3.827e-04,     -1.4775
 732,   4.307e-02,   2.693e-01,   1.103e-02,      -0.050,       0.000,       0.999,   4.496e-04,     -1.1039
 733,   6.097e-02,   2.693e-01,   1.133e-02,       0.014,       0.000,       1.000,   4.925e-04,     -0.8370
 734,   7.997e-02,   2.693e-01,   1.049e-02,       0.073,       0.000,       0.997,   5.085e-04,     -0.6019
 735,   9.897e-02,   2.693e-01,   8.692e-03,       0.117,      -0.000,       0.993,   4.958e-04,     -0.3827
 736,   1.169e-01,   2.693e-01,   6.363e-03,       0.143,      -0.000,       0.990,   4.537e-04,     -0.1915
 737,   1.326e-01,   2.693e-01,   4.010e-03,       0.154,       0.000,       0.988,   3.842e-04,     -0.0289
 738,   1.453e-01,   2.693e-01,   2.079e-03,       0.146,       0.000,       0.989,   2.912e-04,      0.1035
 739,   1.542e-01,   2.693e-01,   8.574e-04,       0.120,      -0.000,       0.993,   1.811e-04,      0.2072
 740,   1.588e-01,   2.693e-01,   3.496e-04,       0.082,      -0.000,       0.997,   6.133e-05,      0.2543
Strip 29
 741,   1.588e-01,   2.946e-01,   2.322e-04,       0.019,       0.000,      -1.000,   5.666e-05,      0.2669
 742,   1.542e-01,   2.946e-01,   3.273e-05,       0.052,       0.000,      -0.999,   1.669e-04,      0.2446
 743,   1.453e-01,   2.946e-01,  -5.423e-04,       0.072,       0.000,      -0.997,   2.677e-04,      0.2161
 744,   1.326e-01,   2.946e-01,  -1.498e-03,       0.077,       0.000,      -0.997,   3.528e-04,      0.1864
 745,   1.169e-01,   2.946e-01,  -2.661e-03,       0.071,       0.000,      -0.998,   4.172e-04,      0.1693
 746,   9.897e-02,   2.946e-01,  -3.769e-03,       0.054,       0.000,      -0.999,   4.569e-04,      0.1765
 747,   7.997e-02,   2.946e-01,  -4.587e-03,       0.033,       0.000,      -0.999,   4.702e-04,      0.2143
 748,   6.097e-02,   2.946e-01,  -5.007e-03,       0.011,       0.000,      -1.000,   4.563e-04,      0.2820
 749,   4.307e-02,   2.946e-01,  -5.009e-03,      -0.012,       0.000,      -1.000,   4.161e-04,      0.3815
 750,   2.732e-02,   2.946e-01,  -4.585e-03,      -0.044,       0.000,      -0.999,   3.521e-04,      0.5265
 751,   1.462e-02,   2.946e-01,  -3.703e-03,      -0.102,       0.000,      -0.995,   2.684e-04,      0.7484
 752,   5.725e-03,   2.946e-01,  -2.343e-03,      -0.228,       0.000,      -0.974,   1.711e-04,      0.9980
 753,   1.144e-03,   2.946e-01,  -7.216e-04,      -0.577,       0.000,      -0.817,   6.937e-05,     -0.5799
 754,   1.144e-03,   2.946e-01,   1.487e-03,      -0.767,       0.000,       0.642,   8.822e-05,     -6.9770
 755,   5.725e-03,   2.946e-01,   4.460e-03,      -0.421,       0.000,       0.907,   1.837e-04,     -3.1806
 756,   1.462e-02,   2.946e-01,   7.393e-03,      -0.239,       0.000,       0.971,   2.749e-04,     -1.9861
 757,   2.732e-02,   2.946e-01,   9.671e-03,      -0.128,       0.000,       0.992,   3.547e-04,     -1.4102
 758,   4.307e-02,   2.946e-01,   1.103e-02,      -0.050,       0.000,       0.999,   4.166e-04,     -1.0524
 759,   6.097e-02,   2.946e-01,   1.133e-02,       0.014,       0.000,       1.000,   4.563e-04,     -0.7964
 760,   7.997e-02,   2.946e-01,   1.049e-02,       0.073,       0.000,       0.997,   4.712e-04,     -0.5707
 761,   9.897e-02,   2.946e-01,   8.692e-03,       0.117,       0.000,       0.993,   4.594e-04,     -0.3603
 762,   1.169e-01,   2.946e-01,   6.363e-03,       0.143,       0.000,       0.990,   4.204e-04,     -0.1771
 763,   1.326e-01,   2.946e-01,   4.010e-03,       0.154,       0.000,       0.988,   3.560e-04,     -0.0212
 764,   1.453e-01,   2.946e-01,   2.079e-03,       0.146,       0.000,       0.989,   2.699e-04,      0.1062
 765,   1.542e-01,   2.946e-01,   8.574e-04,       0.120,       0.000,       0.993,   1.679e-04,      0.2060
 766,   1.588e-01,   2.946e-01,   3.496e-04,       0.082,       0.000,       0.997,   5.683e-05,      0.2511
Strip 30
 767,   1.588e-01,   3.179e-01,   2.322e-04,       0.019,       0.000,      -1.000,   5.178e-05,      0.2593
 768,   1.542e-01,   3.179e-01,   3.273e-05,       0.052,       0.000,      -0.999,   1.525e-04,      0.2351
 769,   1.453e-01,   3.179e-01,  -5.423e-04,       0.072,       0.000,      -0.997,   2.446e-04,      0.2036
 770,   1.326e-01,   3.179e-01,  -1.498e-03,       0.077,       0.000,      -0.997,   3.225e-04,      0.1707
 771,   1.169e-01,   3.179e-01,  -2.661e-03,       0.071,      -0.000,      -0.998,   3.813e-04,      0.1504
 772,   9.897e-02,   3.179e-01,  -3.769e-03,       0.054,      -0.000,      -0.999,   4.177e-04,      0.1545
 773,   7.997e-02,   3.179e-01,  -4.587e-03,       0.033,       0.000,      -0.999,   4.298e-04,      0.1896
 774,   6.097e-02,   3.179e-01,  -5.007e-03,       0.011,       0.000,      -1.000,   4.171e-04,      0.2549
 775,   4.307e-02,   3.179e-01,  -5.009e-03,      -0.012,       0.000,      -1.000,   3.804e-04,      0.3521
 776,   2.732e-02,   3.179e-01,  -4.585e-03,      -0.044,       0.000,      -0.999,   3.218e-04,      0.4951
 777,   1.462e-02,   3.179e-01,  -3.703e-03,      -0.102,       0.000,      -0.995,   2.453e-04,      0.7176
 778,   5.725e-03,   3.179e-01,  -2.343e-03,      -0.228,       0.000,      -0.974,   1.564e-04,      0.9918
 779,   1.144e-03,   3.179e-01,  -7.216e-04,      -0.577,       0.000,      -0.817,   6.340e-05,     -0.3387
 780,   1.144e-03,   3.179e-01,   1.487e-03,      -0.767,       0.000,       0.642,   8.063e-05,     -6.4075
 781,   5.725e-03,   3.179e-01,   4.460e-03,      -0.421,       0.000,       0.907,   1.679e-04,     -2.9807
 782,   1.462e-02,   3.179e-01,   7.393e-03,      -0.239,       0.000,       0.971,   2.513e-04,     -1.8754
 783,   2.732e-02,   3.179e-01,   9.671e-03,      -0.128,       0.000,       0.992,   3.242e-04,     -1.3328
 784,   4.307e-02,   3.179e-01,   1.103e-02,      -0.050,       0.000,       0.999,   3.808e-04,     -0.9927
 785,   6.097e-02,   3.179e-01,   1.133e-02,       0.014,       0.000,       1.000,   4.171e-04,     -0.7491
 786,   7.997e-02,   3.179e-01,   1.049e-02,       0.073,       0.000,       0.997,   4.307e-04,     -0.5346
 787,   9.897e-02,   3.179e-01,   8.692e-03,       0.117,      -0.000,       0.993,   4.199e-04,     -0.3351
 788,   1.169e-01,   3.179e-01,   6.363e-03,       0.143,      -0.000,       0.990,   3.843e-04,     -0.1617
 789,   1.326e-01,   3.179e-01,   4.010e-03,       0.154,      -0.000,       0.988,   3.254e-04,     -0.0139
 790,   1.453e-01,   3.179e-01,   2.079e-03,       0.146,       0.000,       0.989,   2.466e-04,      0.1071
 791,   1.542e-01,   3.179e-01,   8.574e-04,       0.120,       0.000,       0.993,   1.534e-04,      0.2023
 792,   1.588e-01,   3.179e-01,   3.496e-04,       0.082,       0.000,       0.997,   5.195e-05,      0.2449
Strip 31
 793,   1.588e-01,   3.391e-01,   2.322e-04,       0.019,       0.000,      -1.000,   4.656e-05,      0.2472
 794,   1.542e-01,   3.391e-01,   3.273e-05,       0.052,       0.000,      -0.999,   1.371e-04,      0.2209
 795,   1.453e-01,   3.391e-01,  -5.423e-04,       0.072,      -0.000,      -0.997,   2.200e-04,      0.1859
 796,   1.326e-01,   3.391e-01,  -1.498e-03,       0.077,       0.000,      -0.997,   2.899e-04,      0.1497
 797,   1.169e-01,   3.391e-01,  -2.661e-03,       0.071,       0.000,      -0.998,   3.428e-04,      0.1262
 798,   9.897e-02,   3.391e-01,  -3.769e-03,       0.054,       0.000,      -0.999,   3.755e-04,      0.1273
 799,   7.997e-02,   3.391e-01,  -4.587e-03,       0.033,       0.000,      -0.999,   3.864e-04,      0.1598
 800,   6.097e-02,   3.391e-01,  -5.007e-03,       0.011,       0.000,      -1.000,   3.750e-04,      0.2224
 801,   4.307e-02,   3.391e-01,  -5.009e-03,      -0.012,       0.000,      -1.000,   3.420e-04,      0.3169
 802,   2.732e-02,   3.391e-01,  -4.585e-03,      -0.044,      -0.000,      -0.999,   2.893e-04,      0.4574
 803,   1.462e-02,   3.391e-01,  -3.703e-03,      -0.102,      -0.000,      -0.995,   2.205e-04,      0.6798
 804,   5.725e-03,   3.391e-01,  -2.343e-03,      -0.228,       0.000,      -0.974,   1.406e-04,      0.9790
 805,   1.144e-03,   3.391e-01,  -7.216e-04,      -0.577,       0.000,      -0.817,   5.700e-05,     -0.0912
 806,   1.144e-03,   3.391e-01,   1.487e-03,      -0.767,       0.000,       0.642,   7.249e-05,     -5.7922
 807,   5.725e-03,   3.391e-01,   4.460e-03,      -0.421,       0.000,       0.907,   1.509e-04,     -2.7607
 808,   1.462e-02,   3.391e-01,   7.393e-03,      -0.239,      -0.000,       0.971,   2.259e-04,     -1.7514
 809,   2.732e-02,   3.391e-01,   9.671e-03,      -0.128,      -0.000,       0.992,   2.914e-04,     -1.2448
 810,   4.307e-02,   3.391e-01,   1.103e-02,      -0.050,      -0.000,       0.999,   3.424e-04,     -0.9244
 811,   6.097e-02,   3.391e-01,   1.133e-02,       0.014,       0.000,       1.000,   3.750e-04,     -0.6952
 812,   7.997e-02,   3.391e-01,   1.049e-02,       0.073,       0.000,       0.997,   3.872e-04,     -0.4943
 813,   9.897e-02,   3.391e-01,   8.692e-03,       0.117,       0.000,       0.993,   3.775e-04,     -0.3080
 814,   1.169e-01,   3.391e-01,   6.363e-03,       0.143,       0.000,       0.990,   3.455e-04,     -0.1467
 815,   1.326e-01,   3.391e-01,   4.010e-03,       0.154,       0.000,       0.988,   2.925e-04,     -0.0090
 816,   1.453e-01,   3.391e-01,   2.079e-03,       0.146,       0.000,       0.989,   2.218e-04,      0.1042
 817,   1.542e-01,   3.391e-01,   8.574e-04,       0.120,       0.000,       0.993,   1.379e-04,      0.1939
 818,   1.588e-01,   3.391e-01,   3.496e-04,       0.082,      -0.000,       0.997,   4.670e-05,      0.2336
Strip 32
 819,   1.588e-01,   3.579e-01,   2.322e-04,       0.019,       0.000,      -1.000,   4.101e-05,      0.2272
 820,   1.542e-01,   3.579e-01,   3.273e-05,       0.052,       0.000,      -0.999,   1.208e-04,      0.1986
 821,   1.453e-01,   3.579e-01,  -5.423e-04,       0.072,       0.000,      -0.997,   1.938e-04,      0.1600
 822,   1.326e-01,   3.579e-01,  -1.498e-03,       0.077,       0.000,      -0.997,   2.554e-04,      0.1204
 823,   1.169e-01,   3.579e-01,  -2.661e-03,       0.071,       0.000,      -0.998,   3.020e-04,      0.0942
 824,   9.897e-02,   3.579e-01,  -3.769e-03,       0.054,       0.000,      -0.999,   3.308e-04,      0.0933
 825,   7.997e-02,   3.579e-01,  -4.587e-03,       0.033,       0.000,      -0.999,   3.404e-04,      0.1238
 826,   6.097e-02,   3.579e-01,  -5.007e-03,       0.011,       0.000,      -1.000,   3.303e-04,      0.1839
 827,   4.307e-02,   3.579e-01,  -5.009e-03,      -0.012,       0.000,      -1.000,   3.013e-04,      0.2751
 828,   2.732e-02,   3.579e-01,  -4.585e-03,      -0.044,       0.000,      -0.999,   2.549e-04,      0.4121
 829,   1.462e-02,   3.579e-01,  -3.703e-03,      -0.102,       0.000,      -0.995,   1.943e-04,      0.6336
 830,   5.725e-03,   3.579e-01,  -2.343e-03,      -0.228,       0.000,      -0.974,   1.239e-04,      0.9571
 831,   1.144e-03,   3.579e-01,  -7.216e-04,      -0.577,       0.000,      -0.817,   5.021e-05,      0.1545
 832,   1.144e-03,   3.579e-01,   1.487e-03,      -0.767,       0.000,       0.642,   6.386e-05,     -5.1393
 833,   5.725e-03,   3.579e-01,   4.460e-03,      -0.421,       0.000,       0.907,   1.330e-04,     -2.5222
 834,   1.462e-02,   3.579e-01,   7.393e-03,      -0.239,       0.000,       0.971,   1.990e-04,     -1.6141
 835,   2.732e-02,   3.579e-01,   9.671e-03,      -0.128,       0.000,       0.992,   2.567e-04,     -1.1461
 836,   4.307e-02,   3.579e-01,   1.103e-02,      -0.050,       0.000,       0.999,   3.016e-04,     -0.8478
 837,   6.097e-02,   3.579e-01,   1.133e-02,       0.014,       0.000,       1.000,   3.303e-04,     -0.6359
 838,   7.997e-02,   3.579e-01,   1.049e-02,       0.073,       0.000,       0.997,   3.411e-04,     -0.4513
 839,   9.897e-02,   3.579e-01,   8.692e-03,       0.117,       0.000,       0.993,   3.326e-04,     -0.2812
 840,   1.169e-01,   3.579e-01,   6.363e-03,       0.143,       0.000,       0.990,   3.043e-04,     -0.1348
 841,   1.326e-01,   3.579e-01,   4.010e-03,       0.154,       0.000,       0.988,   2.577e-04,     -0.0100
 842,   1.453e-01,   3.579e-01,   2.079e-03,       0.146,      -0.000,       0.989,   1.954e-04,      0.0936
 843,   1.542e-01,   3.579e-01,   8.574e-04,       0.120,      -0.000,       0.993,   1.215e-04,      0.1764
 844,   1.588e-01,   3.579e-01,   3.496e-04,       0.082,       0.000,       0.997,   4.114e-05,      0.2126
Strip 33
 845,   1.588e-01,   3.743e-01,   2.322e-04,       0.019,       0.000,      -1.000,   3.519e-05,      0.1930
 846,   1.542e-01,   3.743e-01,   3.273e-05,       0.052,      -0.000,      -0.999,   1.036e-04,      0.1618
 847,   1.453e-01,   3.743e-01,  -5.423e-04,       0.072,       0.000,      -0.997,   1.662e-04,      0.1194
 848,   1.326e-01,   3.743e-01,  -1.498e-03,       0.077,       0.000,      -0.997,   2.191e-04,      0.0773
 849,   1.169e-01,   3.743e-01,  -2.661e-03,       0.071,       0.000,      -0.998,   2.591e-04,      0.0501
 850,   9.897e-02,   3.743e-01,  -3.769e-03,       0.054,       0.000,      -0.999,   2.838e-04,      0.0493
 851,   7.997e-02,   3.743e-01,  -4.587e-03,       0.033,       0.000,      -0.999,   2.920e-04,      0.0797
 852,   6.097e-02,   3.743e-01,  -5.007e-03,       0.011,       0.000,      -1.000,   2.834e-04,      0.1380
 853,   4.307e-02,   3.743e-01,  -5.009e-03,      -0.012,       0.000,      -1.000,   2.585e-04,      0.2253
 854,   2.732e-02,   3.743e-01,  -4.585e-03,      -0.044,       0.000,      -0.999,   2.187e-04,      0.3574
 855,   1.462e-02,   3.743e-01,  -3.703e-03,      -0.102,       0.000,      -0.995,   1.667e-04,      0.5763
 856,   5.725e-03,   3.743e-01,  -2.343e-03,      -0.228,       0.000,      -0.974,   1.063e-04,      0.9227
 857,   1.144e-03,   3.743e-01,  -7.216e-04,      -0.577,       0.000,      -0.817,   4.308e-05,      0.3887
 858,   1.144e-03,   3.743e-01,   1.487e-03,      -0.767,       0.000,       0.642,   5.479e-05,     -4.4586
 859,   5.725e-03,   3.743e-01,   4.460e-03,      -0.421,       0.000,       0.907,   1.141e-04,     -2.2674
 860,   1.462e-02,   3.743e-01,   7.393e-03,      -0.239,       0.000,       0.971,   1.708e-04,     -1.4640
 861,   2.732e-02,   3.743e-01,   9.671e-03,      -0.128,       0.000,       0.992,   2.203e-04,     -1.0373
 862,   4.307e-02,   3.743e-01,   1.103e-02,      -0.050,       0.000,       0.999,   2.588e-04,     -0.7648
 863,   6.097e-02,   3.743e-01,   1.133e-02,       0.014,       0.000,       1.000,   2.834e-04,     -0.5740
 864,   7.997e-02,   3.743e-01,   1.049e-02,       0.073,      -0.000,       0.997,   2.927e-04,     -0.4096
 865,   9.897e-02,   3.743e-01,   8.692e-03,       0.117,      -0.000,       0.993,   2.854e-04,     -0.2595
 866,   1.169e-01,   3.743e-01,   6.363e-03,       0.143,       0.000,       0.990,   2.611e-04,     -0.1319
 867,   1.326e-01,   3.743e-01,   4.010e-03,       0.154,       0.000,       0.988,   2.211e-04,     -0.0236
 868,   1.453e-01,   3.743e-01,   2.079e-03,       0.146,       0.000,       0.989,   1.676e-04,      0.0673
 869,   1.542e-01,   3.743e-01,   8.574e-04,       0.120,       0.000,       0.993,   1.043e-04,      0.1416
 870,   1.588e-01,   3.743e-01,   3.496e-04,       0.082,       0.000,       0.997,   3.530e-05,      0.1738
Strip 34
 871,   1.588e-01,   3.881e-01,   2.322e-04,       0.019,       0.000,      -1.000,   2.913e-05,      0.1296
 872,   1.542e-01,   3.881e-01,   3.273e-05,       0.052,       0.000,      -0.999,   8.578e-05,      0.0957
 873,   1.453e-01,   3.881e-01,  -5.423e-04,       0.072,       0.000,      -0.997,   1.376e-04,      0.0503
 874,   1.326e-01,   3.881e-01,  -1.498e-03,       0.077,       0.000,      -0.997,   1.814e-04,      0.0086
 875,   1.169e-01,   3.881e-01,  -2.661e-03,       0.071,       0.000,      -0.998,   2.145e-04,     -0.0148
 876,   9.897e-02,   3.881e-01,  -3.769e-03,       0.054,       0.000,      -0.999,   2.349e-04,     -0.0103
 877,   7.997e-02,   3.881e-01,  -4.587e-03,       0.033,       0.000,      -0.999,   2.417e-04,      0.0237
 878,   6.097e-02,   3.881e-01,  -5.007e-03,       0.011,       0.000,      -1.000,   2.346e-04,      0.0822
 879,   4.307e-02,   3.881e-01,  -5.009e-03,      -0.012,       0.000,      -1.000,   2.139e-04,      0.1655
 880,   2.732e-02,   3.881e-01,  -4.585e-03,      -0.044,       0.000,      -0.999,   1.810e-04,      0.2905
 881,   1.462e-02,   3.881e-01,  -3.703e-03,      -0.102,       0.000,      -0.995,   1.380e-04,      0.5038
 882,   5.725e-03,   3.881e-01,  -2.343e-03,      -0.228,       0.000,      -0.974,   8.798e-05,      0.8705
 883,   1.144e-03,   3.881e-01,  -7.216e-04,      -0.577,       0.000,      -0.817,   3.566e-05,      0.6002
 884,   1.144e-03,   3.881e-01,   1.487e-03,      -0.767,       0.000,       0.642,   4.535e-05,     -3.7617
 885,   5.725e-03,   3.881e-01,   4.460e-03,      -0.421,       0.000,       0.907,   9.442e-05,     -1.9990
 886,   1.462e-02,   3.881e-01,   7.393e-03,      -0.239,       0.000,       0.971,   1.413e-04,     -1.3018
 887,   2.732e-02,   3.881e-01,   9.671e-03,      -0.128,       0.000,       0.992,   1.823e-04,     -0.9206
 888,   4.307e-02,   3.881e-01,   1.103e-02,      -0.050,       0.000,       0.999,   2.142e-04,     -0.6800
 889,   6.097e-02,   3.881e-01,   1.133e-02,       0.014,       0.000,       1.000,   2.346e-04,     -0.5161
 890,   7.997e-02,   3.881e-01,   1.049e-02,       0.073,       0.000,       0.997,   2.422e-04,     -0.3771
 891,   9.897e-02,   3.881e-01,   8.692e-03,       0.117,       0.000,       0.993,   2.362e-04,     -0.2524
 892,   1.169e-01,   3.881e-01,   6.363e-03,       0.143,       0.000,       0.990,   2.161e-04,     -0.1498
 893,   1.326e-01,   3.881e-01,   4.010e-03,       0.154,       0.000,       0.988,   1.830e-04,     -0.0644
 894,   1.453e-01,   3.881e-01,   2.079e-03,       0.146,       0.000,       0.989,   1.387e-04,      0.0084
 895,   1.542e-01,   3.881e-01,   8.574e-04,       0.120,       0.000,       0.993,   8.629e-05,      0.0712
 896,   1.588e-01,   3.881e-01,   3.496e-04,       0.082,       0.000,       0.997,   2.922e-05,      0.0982
Strip 35
 897,   1.588e-01,   3.993e-01,   2.322e-04,       0.019,       0.000,      -1.000,   2.286e-05,     -0.0035
 898,   1.542e-01,   3.993e-01,   3.273e-05,       0.052,       0.000,      -0.999,   6.734e-05,     -0.0394
 899,   1.453e-01,   3.993e-01,  -5.423e-04,       0.072,       0.000,      -0.997,   1.080e-04,     -0.0830
 900,   1.326e-01,   3.993e-01,  -1.498e-03,       0.077,       0.000,      -0.997,   1.424e-04,     -0.1133
 901,   1.169e-01,   3.993e-01,  -2.661e-03,       0.071,       0.000,      -0.998,   1.683e-04,     -0.1189
 902,   9.897e-02,   3.993e-01,  -3.769e-03,       0.054,      -0.000,      -0.999,   1.844e-04,     -0.0969
 903,   7.997e-02,   3.993e-01,  -4.587e-03,       0.033,      -0.000,      -0.999,   1.897e-04,     -0.0511
 904,   6.097e-02,   3.993e-01,  -5.007e-03,       0.011,       0.000,      -1.000,   1.841e-04,      0.0119
 905,   4.307e-02,   3.993e-01,  -5.009e-03,      -0.012,       0.000,      -1.000,   1.679e-04,      0.0925
 906,   2.732e-02,   3.993e-01,  -4.585e-03,      -0.044,       0.000,      -0.999,   1.421e-04,      0.2077
 907,   1.462e-02,   3.993e-01,  -3.703e-03,      -0.102,       0.000,      -0.995,   1.083e-04,      0.4091
 908,   5.725e-03,   3.993e-01,  -2.343e-03,      -0.228,       0.000,      -0.974,   6.906e-05,      0.7907
 909,   1.144e-03,   3.993e-01,  -7.216e-04,      -0.577,       0.000,      -0.817,   2.799e-05,      0.7751
 910,   1.144e-03,   3.993e-01,   1.487e-03,      -0.767,       0.000,       0.642,   3.560e-05,     -3.0606
 911,   5.725e-03,   3.993e-01,   4.460e-03,      -0.421,       0.000,       0.907,   7.412e-05,     -1.7197
 912,   1.462e-02,   3.993e-01,   7.393e-03,      -0.239,       0.000,       0.971,   1.109e-04,     -1.1298
 913,   2.732e-02,   3.993e-01,   9.671e-03,      -0.128,       0.000,       0.992,   1.431e-04,     -0.8022
 914,   4.307e-02,   3.993e-01,   1.103e-02,      -0.050,       0.000,       0.999,   1.681e-04,     -0.6024
 915,   6.097e-02,   3.993e-01,   1.133e-02,       0.014,       0.000,       1.000,   1.841e-04,     -0.4727
 916,   7.997e-02,   3.993e-01,   1.049e-02,       0.073,       0.000,       0.997,   1.901e-04,     -0.3670
 917,   9.897e-02,   3.993e-01,   8.692e-03,       0.117,       0.000,       0.993,   1.854e-04,     -0.2781
 918,   1.169e-01,   3.993e-01,   6.363e-03,       0.143,       0.000,       0.990,   1.696e-04,     -0.2142
 919,   1.326e-01,   3.993e-01,   4.010e-03,       0.154,       0.000,       0.988,   1.436e-04,     -0.1677
 920,   1.453e-01,   3.993e-01,   2.079e-03,       0.146,       0.000,       0.989,   1.089e-04,     -0.1272
 921,   1.542e-01,   3.993e-01,   8.574e-04,       0.120,       0.000,       0.993,   6.773e-05,     -0.0837
 922,   1.588e-01,   3.993e-01,   3.496e-04,       0.082,       0.000,       0.997,   2.293e-05,     -0.0635
Strip 36
 923,   1.588e-01,   4.078e-01,   2.322e-04,       0.019,       0.000,      -1.000,   1.644e-05,     -0.3577
 924,   1.542e-01,   4.078e-01,   3.273e-05,       0.052,      -0.000,      -0.999,   4.843e-05,     -0.3891
 925,   1.453e-01,   4.078e-01,  -5.423e-04,       0.072,      -0.000,      -0.997,   7.768e-05,     -0.3973
 926,   1.326e-01,   4.078e-01,  -1.498e-03,       0.077,       0.000,      -0.997,   1.024e-04,     -0.3578
 927,   1.169e-01,   4.078e-01,  -2.661e-03,       0.071,       0.000,      -0.998,   1.211e-04,     -0.2907
 928,   9.897e-02,   4.078e-01,  -3.769e-03,       0.054,       0.000,      -0.999,   1.326e-04,     -0.2197
 929,   7.997e-02,   4.078e-01,  -4.587e-03,       0.033,       0.000,      -0.999,   1.365e-04,     -0.1473
 930,   6.097e-02,   4.078e-01,  -5.007e-03,       0.011,       0.000,      -1.000,   1.324e-04,     -0.0735
 931,   4.307e-02,   4.078e-01,  -5.009e-03,      -0.012,       0.000,      -1.000,   1.208e-04,      0.0064
 932,   2.732e-02,   4.078e-01,  -4.585e-03,      -0.044,       0.000,      -0.999,   1.022e-04,      0.1090
 933,   1.462e-02,   4.078e-01,  -3.703e-03,      -0.102,       0.000,      -0.995,   7.788e-05,      0.2847
 934,   5.725e-03,   4.078e-01,  -2.343e-03,      -0.228,       0.000,      -0.974,   4.967e-05,      0.6610
 935,   1.144e-03,   4.078e-01,  -7.216e-04,      -0.577,       0.000,      -0.817,   2.013e-05,      0.8891
 936,   1.144e-03,   4.078e-01,   1.487e-03,      -0.767,       0.000,       0.642,   2.560e-05,     -2.3699
 937,   5.725e-03,   4.078e-01,   4.460e-03,      -0.421,       0.000,       0.907,   5.331e-05,     -1.4349
 938,   1.462e-02,   4.078e-01,   7.393e-03,      -0.239,       0.000,       0.971,   7.979e-05,     -0.9568
 939,   2.732e-02,   4.078e-01,   9.671e-03,      -0.128,       0.000,       0.992,   1.029e-04,     -0.6943
 940,   4.307e-02,   4.078e-01,   1.103e-02,      -0.050,       0.000,       0.999,   1.209e-04,     -0.5435
 941,   6.097e-02,   4.078e-01,   1.133e-02,       0.014,       0.000,       1.000,   1.324e-04,     -0.4541
 942,   7.997e-02,   4.078e-01,   1.049e-02,       0.073,       0.000,       0.997,   1.367e-04,     -0.3907
 943,   9.897e-02,   4.078e-01,   8.692e-03,       0.117,      -0.000,       0.993,   1.333e-04,     -0.3557
 944,   1.169e-01,   4.078e-01,   6.363e-03,       0.143,      -0.000,       0.990,   1.220e-04,     -0.3675
 945,   1.326e-01,   4.078e-01,   4.010e-03,       0.154,       0.000,       0.988,   1.033e-04,     -0.4241
 946,   1.453e-01,   4.078e-01,   2.079e-03,       0.146,      -0.000,       0.989,   7.832e-05,     -0.4848
 947,   1.542e-01,   4.078e-01,   8.574e-04,       0.120,      -0.000,       0.993,   4.871e-05,     -0.4988
 948,   1.588e-01,   4.078e-01,   3.496e-04,       0.082,       0.000,       0.997,   1.649e-05,     -0.4916
Strip 37
 949,   1.588e-01,   4.134e-01,   2.322e-04,       0.019,       0.000,      -1.000,   9.911e-06,     -1.9384
 950,   1.542e-01,   4.134e-01,   3.273e-05,       0.052,       0.000,      -0.999,   2.919e-05,     -1.8000
 951,   1.453e-01,   4.134e-01,  -5.423e-04,       0.072,       0.000,      -0.997,   4.682e-05,     -1.2677
 952,   1.326e-01,   4.134e-01,  -1.498e-03,       0.077,       0.000,      -0.997,   6.172e-05,     -0.7855
 953,   1.169e-01,   4.134e-01,  -2.661e-03,       0.071,       0.000,      -0.998,   7.297e-05,     -0.5175
 954,   9.897e-02,   4.134e-01,  -3.769e-03,       0.054,       0.000,      -0.999,   7.993e-05,     -0.3633
 955,   7.997e-02,   4.134e-01,  -4.587e-03,       0.033,       0.000,      -0.999,   8.225e-05,     -0.2576
 956,   6.097e-02,   4.134e-01,  -5.007e-03,       0.011,       0.000,      -1.000,   7.982e-05,     -0.1735
 957,   4.307e-02,   4.134e-01,  -5.009e-03,      -0.012,       0.000,      -1.000,   7.279e-05,     -0.0960
 958,   2.732e-02,   4.134e-01,  -4.585e-03,      -0.044,       0.000,      -0.999,   6.159e-05,     -0.0074
 959,   1.462e-02,   4.134e-01,  -3.703e-03,      -0.102,       0.000,      -0.995,   4.694e-05,      0.1301
 960,   5.725e-03,   4.134e-01,  -2.343e-03,      -0.228,       0.000,      -0.974,   2.994e-05,      0.4403
 961,   1.144e-03,   4.134e-01,  -7.216e-04,      -0.577,       0.000,      -0.817,   1.213e-05,      0.8613
 962,   1.144e-03,   4.134e-01,   1.487e-03,      -0.767,       0.000,       0.642,   1.543e-05,     -1.7249
 963,   5.725e-03,   4.134e-01,   4.460e-03,      -0.421,       0.000,       0.907,   3.213e-05,     -1.1725
 964,   1.462e-02,   4.134e-01,   7.393e-03,      -0.239,       0.000,       0.971,   4.809e-05,     -0.8045
 965,   2.732e-02,   4.134e-01,   9.671e-03,      -0.128,       0.000,       0.992,   6.204e-05,     -0.6126
 966,   4.307e-02,   4.134e-01,   1.103e-02,      -0.050,       0.000,       0.999,   7.288e-05,     -0.5177
 967,   6.097e-02,   4.134e-01,   1.133e-02,       0.014,       0.000,       1.000,   7.982e-05,     -0.4768
 968,   7.997e-02,   4.134e-01,   1.049e-02,       0.073,       0.000,       0.997,   8.242e-05,     -0.4661
 969,   9.897e-02,   4.134e-01,   8.692e-03,       0.117,       0.000,       0.993,   8.036e-05,     -0.4961
 970,   1.169e-01,   4.134e-01,   6.363e-03,       0.143,       0.000,       0.990,   7.354e-05,     -0.6145
 971,   1.326e-01,   4.134e-01,   4.010e-03,       0.154,       0.000,       0.988,   6.227e-05,     -0.9188
 972,   1.453e-01,   4.134e-01,   2.079e-03,       0.146,       0.000,       0.989,   4.721e-05,     -1.5220
 973,   1.542e-01,   4.134e-01,   8.574e-04,       0.120,       0.000,       0.993,   2.936e-05,     -2.1650
 974,   1.588e-01,   4.134e-01,   3.496e-04,       0.082,       0.000,       0.997,   9.942e-06,     -2.3325
Strip 38
 975,   1.588e-01,   4.163e-01,   2.322e-04,       0.019,      -0.000,      -1.000,   3.311e-06,     -4.0203
 976,   1.542e-01,   4.163e-01,   3.273e-05,       0.052,       0.000,      -0.999,   9.752e-06,     -3.6406
 977,   1.453e-01,   4.163e-01,  -5.423e-04,       0.072,       0.000,      -0.997,   1.564e-05,     -2.3011
 978,   1.326e-01,   4.163e-01,  -1.498e-03,       0.077,       0.000,      -0.997,   2.062e-05,     -1.1891
 979,   1.169e-01,   4.163e-01,  -2.661e-03,       0.071,       0.000,      -0.998,   2.438e-05,     -0.6829
 980,   9.897e-02,   4.163e-01,  -3.769e-03,       0.054,       0.000,      -0.999,   2.670e-05,     -0.4562
 981,   7.997e-02,   4.163e-01,  -4.587e-03,       0.033,       0.000,      -0.999,   2.748e-05,     -0.3297
 982,   6.097e-02,   4.163e-01,  -5.007e-03,       0.011,       0.000,      -1.000,   2.667e-05,     -0.2420
 983,   4.307e-02,   4.163e-01,  -5.009e-03,      -0.012,       0.000,      -1.000,   2.432e-05,     -0.1678
 984,   2.732e-02,   4.163e-01,  -4.585e-03,      -0.044,       0.000,      -0.999,   2.058e-05,     -0.0883
 985,   1.462e-02,   4.163e-01,  -3.703e-03,      -0.102,       0.000,      -0.995,   1.568e-05,      0.0276
 986,   5.725e-03,   4.163e-01,  -2.343e-03,      -0.228,       0.000,      -0.974,   1.000e-05,      0.2716
 987,   1.144e-03,   4.163e-01,  -7.216e-04,      -0.577,       0.000,      -0.817,   4.054e-06,      0.7376
 988,   1.144e-03,   4.163e-01,   1.487e-03,      -0.767,       0.000,       0.642,   5.156e-06,     -1.2298
 989,   5.725e-03,   4.163e-01,   4.460e-03,      -0.421,       0.000,       0.907,   1.073e-05,     -0.9815
 990,   1.462e-02,   4.163e-01,   7.393e-03,      -0.239,       0.000,       0.971,   1.607e-05,     -0.6927
 991,   2.732e-02,   4.163e-01,   9.671e-03,      -0.128,       0.000,       0.992,   2.073e-05,     -0.5594
 992,   4.307e-02,   4.163e-01,   1.103e-02,      -0.050,       0.000,       0.999,   2.435e-05,     -0.5086
 993,   6.097e-02,   4.163e-01,   1.133e-02,       0.014,       0.000,       1.000,   2.667e-05,     -0.5050
 994,   7.997e-02,   4.163e-01,   1.049e-02,       0.073,       0.000,       0.997,   2.754e-05,     -0.5343
 995,   9.897e-02,   4.163e-01,   8.692e-03,       0.117,       0.000,       0.993,   2.685e-05,     -0.6098
 996,   1.169e-01,   4.163e-01,   6.363e-03,       0.143,       0.000,       0.990,   2.457e-05,     -0.7974
 997,   1.326e-01,   4.163e-01,   4.010e-03,       0.154,       0.000,       0.988,   2.080e-05,     -1.2962
 998,   1.453e-01,   4.163e-01,   2.079e-03,       0.146,       0.000,       0.989,   1.577e-05,     -2.5129
 999,   1.542e-01,   4.163e-01,   8.574e-04,       0.120,       0.000,       0.993,   9.810e-06,     -4.0994
1000,   1.588e-01,   4.163e-01,   3.496e-04,       0.082,      -0.000,       0.997,   3.322e-06,     -4.5825










