xflr5 v6.61

Test
T1-21.0 m/s-Panel-Inviscid
QInf  =,   21.000000 ,m/s
Alpha = ,  11.000000
Beta  = ,   0.000°
Phi   = ,   0.000°
Ctrl  = ,   0.000
CL    = ,   0.900375
Cy    = ,   0.000000
Cd=,   0.048972,ICd=,    0.048972,PCd=,    0.000000
Cl   = ,7.20042e-16
Cm   =,   -0.241482
ICn=,   -0.000000,PCn=,   -0.000000
XCP=,    0.041571, YCP=,   -0.000000, ZCP=,    0.005374 
XNP=,    0.000000
Bending =,    2.715821

Main Wing
  y-span,Chord,Ai,Cl,PCd,ICd,CmGeom,CmAirf@chord/4,XTrtop,XTrBot,XCP,BM
   -0.4163,   0.1600, -5.971, 0.134337, 0.000000, 0.014051,-0.091231,-0.024680, 0.0000, 0.0000, 0.3417, 0.0000
   -0.4134,   0.1600, -5.665, 0.230516, 0.000000, 0.022865,-0.095459,-0.017951, 0.0000, 0.0000, 0.3054, 0.0000
   -0.4078,   0.1600, -5.387, 0.330055, 0.000000, 0.031122,-0.084799, 0.004234, 0.0000, 0.0000, 0.2342, 0.0003
   -0.3993,   0.1600, -5.127, 0.425436, 0.000000, 0.038169,-0.098596, 0.009581, 0.0000, 0.0000, 0.2235, 0.0016
   -0.3881,   0.1600, -4.864, 0.514658, 0.000000, 0.043800,-0.120658, 0.008602, 0.0000, 0.0000, 0.2290, 0.0054
   -0.3743,   0.1600, -4.599, 0.596646, 0.000000, 0.047999,-0.144654, 0.005287, 0.0000, 0.0000, 0.2369, 0.0139
   -0.3579,   0.1600, -4.335, 0.670810, 0.000000, 0.050854,-0.167948, 0.001282, 0.0000, 0.0000, 0.2439, 0.0306
   -0.3391,   0.1600, -4.076, 0.736927, 0.000000, 0.052519,-0.189372,-0.002678, 0.0000, 0.0000, 0.2494, 0.0594
   -0.3179,   0.1600, -3.828, 0.795075, 0.000000, 0.053202,-0.208441,-0.006265, 0.0000, 0.0000, 0.2537, 0.1055
   -0.2946,   0.1600, -3.596, 0.845567, 0.000000, 0.053134,-0.225022,-0.009351, 0.0000, 0.0000, 0.2568, 0.1744
   -0.2693,   0.1600, -3.383, 0.888875, 0.000000, 0.052544,-0.239183,-0.011917, 0.0000, 0.0000, 0.2591, 0.2720
   -0.2421,   0.1600, -3.193, 0.925555, 0.000000, 0.051635,-0.251092,-0.013998, 0.0000, 0.0000, 0.2608, 0.4046
   -0.2133,   0.1600, -3.027, 0.956183, 0.000000, 0.050570,-0.260955,-0.015654, 0.0000, 0.0000, 0.2620, 0.5780
   -0.1830,   0.1600, -2.887, 0.981318, 0.000000, 0.049483,-0.268985,-0.016949, 0.0000, 0.0000, 0.2628, 0.7977
   -0.1515,   0.1600, -2.771, 1.001464, 0.000000, 0.048468,-0.275373,-0.017938, 0.0000, 0.0000, 0.2634, 1.0683
   -0.1189,   0.1600, -2.679, 1.017051, 0.000000, 0.047590,-0.280283,-0.018673, 0.0000, 0.0000, 0.2639, 1.3937
   -0.0855,   0.1600, -2.611, 1.028434, 0.000000, 0.046900,-0.283851,-0.019192, 0.0000, 0.0000, 0.2641, 1.7763
   -0.0515,   0.1600, -2.566, 1.035876, 0.000000, 0.046425,-0.286175,-0.019523, 0.0000, 0.0000, 0.2643, 2.2172
   -0.0172,   0.1600, -2.544, 1.039553, 0.000000, 0.046184,-0.287320,-0.019684, 0.0000, 0.0000, 0.2644, 2.7158
    0.0172,   0.1600, -2.544, 1.039553, 0.000000, 0.046184,-0.287320,-0.019684, 0.0000, 0.0000, 0.2644, 2.7158
    0.0515,   0.1600, -2.566, 1.035876, 0.000000, 0.046425,-0.286175,-0.019523, 0.0000, 0.0000, 0.2643, 2.2172
    0.0855,   0.1600, -2.611, 1.028434, 0.000000, 0.046900,-0.283851,-0.019192, 0.0000, 0.0000, 0.2641, 1.7763
    0.1189,   0.1600, -2.679, 1.017051, 0.000000, 0.047590,-0.280283,-0.018673, 0.0000, 0.0000, 0.2639, 1.3937
    0.1515,   0.1600, -2.771, 1.001464, 0.000000, 0.048468,-0.275373,-0.017938, 0.0000, 0.0000, 0.2634, 1.0683
    0.1830,   0.1600, -2.887, 0.981318, 0.000000, 0.049483,-0.268985,-0.016949, 0.0000, 0.0000, 0.2628, 0.7977
    0.2133,   0.1600, -3.027, 0.956183, 0.000000, 0.050570,-0.260955,-0.015654, 0.0000, 0.0000, 0.2620, 0.5780
    0.2421,   0.1600, -3.193, 0.925555, 0.000000, 0.051635,-0.251092,-0.013998, 0.0000, 0.0000, 0.2608, 0.4046
    0.2693,   0.1600, -3.383, 0.888875, 0.000000, 0.052544,-0.239183,-0.011917, 0.0000, 0.0000, 0.2591, 0.2720
    0.2946,   0.1600, -3.596, 0.845567, 0.000000, 0.053134,-0.225022,-0.009351, 0.0000, 0.0000, 0.2568, 0.1744
    0.3179,   0.1600, -3.828, 0.795075, 0.000000, 0.053202,-0.208441,-0.006265, 0.0000, 0.0000, 0.2537, 0.1055
    0.3391,   0.1600, -4.076, 0.736927, 0.000000, 0.052519,-0.189372,-0.002678, 0.0000, 0.0000, 0.2494, 0.0594
    0.3579,   0.1600, -4.335, 0.670810, 0.000000, 0.050854,-0.167948, 0.001282, 0.0000, 0.0000, 0.2439, 0.0306
    0.3743,   0.1600, -4.599, 0.596646, 0.000000, 0.047999,-0.144654, 0.005287, 0.0000, 0.0000, 0.2369, 0.0139
    0.3881,   0.1600, -4.864, 0.514658, 0.000000, 0.043800,-0.120658, 0.008602, 0.0000, 0.0000, 0.2290, 0.0054
    0.3993,   0.1600, -5.127, 0.425436, 0.000000, 0.038169,-0.098596, 0.009581, 0.0000, 0.0000, 0.2235, 0.0016
    0.4078,   0.1600, -5.387, 0.330055, 0.000000, 0.031122,-0.084799, 0.004234, 0.0000, 0.0000, 0.2342, 0.0003
    0.4134,   0.1600, -5.665, 0.230516, 0.000000, 0.022865,-0.095459,-0.017951, 0.0000, 0.0000, 0.3054, 0.0000
    0.4163,   0.1600, -5.971, 0.134337, 0.000000, 0.014051,-0.091231,-0.024680, 0.0000, 0.0000, 0.3417, 0.0000


Main Wing Cp Coefficients
Panel,CtrlPt.x,CtrlPt.y,CtrlPt.z,Nx,Ny,Nz,Area,Cp
Main WingCp Coefficients
Strip 1
  13,   1.588e-01,  -4.163e-01,   2.322e-04,       0.019,       0.000,      -1.000,   3.311e-06,     -2.2670
  14,   1.542e-01,  -4.163e-01,   3.273e-05,       0.052,       0.000,      -0.999,   9.752e-06,     -2.0581
  15,   1.453e-01,  -4.163e-01,  -5.423e-04,       0.072,       0.000,      -0.997,   1.564e-05,     -1.3123
  16,   1.326e-01,  -4.163e-01,  -1.498e-03,       0.077,       0.000,      -0.997,   2.062e-05,     -0.6879
  17,   1.169e-01,  -4.163e-01,  -2.661e-03,       0.071,       0.000,      -0.998,   2.438e-05,     -0.4052
  18,   9.897e-02,  -4.163e-01,  -3.769e-03,       0.054,       0.000,      -0.999,   2.670e-05,     -0.2792
  19,   7.997e-02,  -4.163e-01,  -4.587e-03,       0.033,       0.000,      -0.999,   2.748e-05,     -0.2071
  20,   6.097e-02,  -4.163e-01,  -5.007e-03,       0.011,       0.000,      -1.000,   2.667e-05,     -0.1553
  21,   4.307e-02,  -4.163e-01,  -5.009e-03,      -0.012,       0.000,      -1.000,   2.432e-05,     -0.1111
  22,   2.732e-02,  -4.163e-01,  -4.585e-03,      -0.044,       0.000,      -0.999,   2.058e-05,     -0.0636
  23,   1.462e-02,  -4.163e-01,  -3.703e-03,      -0.102,       0.000,      -0.995,   1.568e-05,      0.0094
  24,   5.725e-03,  -4.163e-01,  -2.343e-03,      -0.228,       0.000,      -0.974,   1.000e-05,      0.1900
  25,   1.144e-03,  -4.163e-01,  -7.216e-04,      -0.577,       0.000,      -0.817,   4.054e-06,      0.6983
  26,   1.144e-03,  -4.163e-01,   1.487e-03,      -0.767,       0.000,       0.642,   5.156e-06,     -0.5969
  27,   5.725e-03,  -4.163e-01,   4.460e-03,      -0.421,       0.000,       0.907,   1.073e-05,     -0.7075
  28,   1.462e-02,  -4.163e-01,   7.393e-03,      -0.239,       0.000,       0.971,   1.607e-05,     -0.5386
  29,   2.732e-02,  -4.163e-01,   9.671e-03,      -0.128,       0.000,       0.992,   2.073e-05,     -0.4390
  30,   4.307e-02,  -4.163e-01,   1.103e-02,      -0.050,       0.000,       0.999,   2.435e-05,     -0.3917
  31,   6.097e-02,  -4.163e-01,   1.133e-02,       0.014,       0.000,       1.000,   2.667e-05,     -0.3771
  32,   7.997e-02,  -4.163e-01,   1.049e-02,       0.073,       0.000,       0.997,   2.754e-05,     -0.3813
  33,   9.897e-02,  -4.163e-01,   8.692e-03,       0.117,       0.000,       0.993,   2.685e-05,     -0.4090
  34,   1.169e-01,  -4.163e-01,   6.363e-03,       0.143,       0.000,       0.990,   2.457e-05,     -0.5003
  35,   1.326e-01,  -4.163e-01,   4.010e-03,       0.154,       0.000,       0.988,   2.080e-05,     -0.7731
  36,   1.453e-01,  -4.163e-01,   2.079e-03,       0.146,       0.000,       0.989,   1.577e-05,     -1.4727
  37,   1.542e-01,  -4.163e-01,   8.574e-04,       0.120,       0.000,       0.993,   9.810e-06,     -2.3993
  38,   1.588e-01,  -4.163e-01,   3.496e-04,       0.082,       0.000,       0.997,   3.322e-06,     -2.6721
Strip 2
  39,   1.588e-01,  -4.134e-01,   2.322e-04,       0.019,       0.000,      -1.000,   9.911e-06,     -1.0451
  40,   1.542e-01,  -4.134e-01,   3.273e-05,       0.052,       0.000,      -0.999,   2.919e-05,     -0.9767
  41,   1.453e-01,  -4.134e-01,  -5.423e-04,       0.072,       0.000,      -0.997,   4.682e-05,     -0.6956
  42,   1.326e-01,  -4.134e-01,  -1.498e-03,       0.077,       0.000,      -0.997,   6.172e-05,     -0.4446
  43,   1.169e-01,  -4.134e-01,  -2.661e-03,       0.071,       0.000,      -0.998,   7.297e-05,     -0.3087
  44,   9.897e-02,  -4.134e-01,  -3.769e-03,       0.054,       0.000,      -0.999,   7.993e-05,     -0.2289
  45,   7.997e-02,  -4.134e-01,  -4.587e-03,       0.033,       0.000,      -0.999,   8.225e-05,     -0.1698
  46,   6.097e-02,  -4.134e-01,  -5.007e-03,       0.011,       0.000,      -1.000,   7.982e-05,     -0.1197
  47,   4.307e-02,  -4.134e-01,  -5.009e-03,      -0.012,       0.000,      -1.000,   7.279e-05,     -0.0728
  48,   2.732e-02,  -4.134e-01,  -4.585e-03,      -0.044,       0.000,      -0.999,   6.159e-05,     -0.0191
  49,   1.462e-02,  -4.134e-01,  -3.703e-03,      -0.102,       0.000,      -0.995,   4.694e-05,      0.0692
  50,   5.725e-03,  -4.134e-01,  -2.343e-03,      -0.228,       0.000,      -0.974,   2.994e-05,      0.3081
  51,   1.144e-03,  -4.134e-01,  -7.216e-04,      -0.577,       0.000,      -0.817,   1.213e-05,      0.8500
  52,   1.144e-03,  -4.134e-01,   1.487e-03,      -0.767,       0.000,       0.642,   1.543e-05,     -0.8405
  53,   5.725e-03,  -4.134e-01,   4.460e-03,      -0.421,       0.000,       0.907,   3.213e-05,     -0.8384
  54,   1.462e-02,  -4.134e-01,   7.393e-03,      -0.239,       0.000,       0.971,   4.809e-05,     -0.6352
  55,   2.732e-02,  -4.134e-01,   9.671e-03,      -0.128,       0.000,       0.992,   6.204e-05,     -0.4970
  56,   4.307e-02,  -4.134e-01,   1.103e-02,      -0.050,       0.000,       0.999,   7.288e-05,     -0.4179
  57,   6.097e-02,  -4.134e-01,   1.133e-02,       0.014,       0.000,       1.000,   7.982e-05,     -0.3757
  58,   7.997e-02,  -4.134e-01,   1.049e-02,       0.073,       0.000,       0.997,   8.242e-05,     -0.3496
  59,   9.897e-02,  -4.134e-01,   8.692e-03,       0.117,       0.000,       0.993,   8.036e-05,     -0.3439
  60,   1.169e-01,  -4.134e-01,   6.363e-03,       0.143,       0.000,       0.990,   7.354e-05,     -0.3906
  61,   1.326e-01,  -4.134e-01,   4.010e-03,       0.154,       0.000,       0.988,   6.227e-05,     -0.5499
  62,   1.453e-01,  -4.134e-01,   2.079e-03,       0.146,       0.000,       0.989,   4.721e-05,     -0.8897
  63,   1.542e-01,  -4.134e-01,   8.574e-04,       0.120,       0.000,       0.993,   2.936e-05,     -1.2503
  64,   1.588e-01,  -4.134e-01,   3.496e-04,       0.082,       0.000,       0.997,   9.942e-06,     -1.3339
Strip 3
  65,   1.588e-01,  -4.078e-01,   2.322e-04,       0.019,       0.000,      -1.000,   1.644e-05,     -0.1287
  66,   1.542e-01,  -4.078e-01,   3.273e-05,       0.052,       0.000,      -0.999,   4.843e-05,     -0.1628
  67,   1.453e-01,  -4.078e-01,  -5.423e-04,       0.072,       0.000,      -0.997,   7.768e-05,     -0.1932
  68,   1.326e-01,  -4.078e-01,  -1.498e-03,       0.077,       0.000,      -0.997,   1.024e-04,     -0.1958
  69,   1.169e-01,  -4.078e-01,  -2.661e-03,       0.071,       0.000,      -0.998,   1.211e-04,     -0.1770
  70,   9.897e-02,  -4.078e-01,  -3.769e-03,       0.054,       0.000,      -0.999,   1.326e-04,     -0.1479
  71,   7.997e-02,  -4.078e-01,  -4.587e-03,       0.033,       0.000,      -0.999,   1.365e-04,     -0.1095
  72,   6.097e-02,  -4.078e-01,  -5.007e-03,       0.011,       0.000,      -1.000,   1.324e-04,     -0.0653
  73,   4.307e-02,  -4.078e-01,  -5.009e-03,      -0.012,       0.000,      -1.000,   1.208e-04,     -0.0158
  74,   2.732e-02,  -4.078e-01,  -4.585e-03,      -0.044,      -0.000,      -0.999,   1.022e-04,      0.0492
  75,   1.462e-02,  -4.078e-01,  -3.703e-03,      -0.102,      -0.000,      -0.995,   7.788e-05,      0.1702
  76,   5.725e-03,  -4.078e-01,  -2.343e-03,      -0.228,       0.000,      -0.974,   4.967e-05,      0.4820
  77,   1.144e-03,  -4.078e-01,  -7.216e-04,      -0.577,       0.000,      -0.817,   2.013e-05,      0.9680
  78,   1.144e-03,  -4.078e-01,   1.487e-03,      -0.767,       0.000,       0.642,   2.560e-05,     -1.1803
  79,   5.725e-03,  -4.078e-01,   4.460e-03,      -0.421,       0.000,       0.907,   5.331e-05,     -1.0055
  80,   1.462e-02,  -4.078e-01,   7.393e-03,      -0.239,      -0.000,       0.971,   7.979e-05,     -0.7587
  81,   2.732e-02,  -4.078e-01,   9.671e-03,      -0.128,      -0.000,       0.992,   1.029e-04,     -0.5795
  82,   4.307e-02,  -4.078e-01,   1.103e-02,      -0.050,       0.000,       0.999,   1.209e-04,     -0.4620
  83,   6.097e-02,  -4.078e-01,   1.133e-02,       0.014,       0.000,       1.000,   1.324e-04,     -0.3847
  84,   7.997e-02,  -4.078e-01,   1.049e-02,       0.073,       0.000,       0.997,   1.367e-04,     -0.3197
  85,   9.897e-02,  -4.078e-01,   8.692e-03,       0.117,       0.000,       0.993,   1.333e-04,     -0.2674
  86,   1.169e-01,  -4.078e-01,   6.363e-03,       0.143,       0.000,       0.990,   1.220e-04,     -0.2441
  87,   1.326e-01,  -4.078e-01,   4.010e-03,       0.154,       0.000,       0.988,   1.033e-04,     -0.2494
  88,   1.453e-01,  -4.078e-01,   2.079e-03,       0.146,       0.000,       0.989,   7.832e-05,     -0.2591
  89,   1.542e-01,  -4.078e-01,   8.574e-04,       0.120,       0.000,       0.993,   4.871e-05,     -0.2434
  90,   1.588e-01,  -4.078e-01,   3.496e-04,       0.082,      -0.000,       0.997,   1.649e-05,     -0.2270
Strip 4
  91,   1.588e-01,  -3.993e-01,   2.322e-04,       0.019,       0.000,      -1.000,   2.286e-05,      0.0800
  92,   1.542e-01,  -3.993e-01,   3.273e-05,       0.052,       0.000,      -0.999,   6.734e-05,      0.0433
  93,   1.453e-01,  -3.993e-01,  -5.423e-04,       0.072,       0.000,      -0.997,   1.080e-04,     -0.0074
  94,   1.326e-01,  -3.993e-01,  -1.498e-03,       0.077,       0.000,      -0.997,   1.424e-04,     -0.0511
  95,   1.169e-01,  -3.993e-01,  -2.661e-03,       0.071,       0.000,      -0.998,   1.683e-04,     -0.0756
  96,   9.897e-02,  -3.993e-01,  -3.769e-03,       0.054,      -0.000,      -0.999,   1.844e-04,     -0.0763
  97,   7.997e-02,  -3.993e-01,  -4.587e-03,       0.033,      -0.000,      -0.999,   1.897e-04,     -0.0542
  98,   6.097e-02,  -3.993e-01,  -5.007e-03,       0.011,       0.000,      -1.000,   1.841e-04,     -0.0162
  99,   4.307e-02,  -3.993e-01,  -5.009e-03,      -0.012,       0.000,      -1.000,   1.679e-04,      0.0353
 100,   2.732e-02,  -3.993e-01,  -4.585e-03,      -0.044,      -0.000,      -0.999,   1.421e-04,      0.1118
 101,   1.462e-02,  -3.993e-01,  -3.703e-03,      -0.102,      -0.000,      -0.995,   1.083e-04,      0.2590
 102,   5.725e-03,  -3.993e-01,  -2.343e-03,      -0.228,       0.000,      -0.974,   6.906e-05,      0.5979
 103,   1.144e-03,  -3.993e-01,  -7.216e-04,      -0.577,       0.000,      -0.817,   2.799e-05,      0.9894
 104,   1.144e-03,  -3.993e-01,   1.487e-03,      -0.767,       0.000,       0.642,   3.560e-05,     -1.5674
 105,   5.725e-03,  -3.993e-01,   4.460e-03,      -0.421,       0.000,       0.907,   7.412e-05,     -1.1904
 106,   1.462e-02,  -3.993e-01,   7.393e-03,      -0.239,      -0.000,       0.971,   1.109e-04,     -0.8902
 107,   2.732e-02,  -3.993e-01,   9.671e-03,      -0.128,      -0.000,       0.992,   1.431e-04,     -0.6747
 108,   4.307e-02,  -3.993e-01,   1.103e-02,      -0.050,       0.000,       0.999,   1.681e-04,     -0.5251
 109,   6.097e-02,  -3.993e-01,   1.133e-02,       0.014,       0.000,       1.000,   1.841e-04,     -0.4194
 110,   7.997e-02,  -3.993e-01,   1.049e-02,       0.073,      -0.000,       0.997,   1.901e-04,     -0.3237
 111,   9.897e-02,  -3.993e-01,   8.692e-03,       0.117,      -0.000,       0.993,   1.854e-04,     -0.2332
 112,   1.169e-01,  -3.993e-01,   6.363e-03,       0.143,       0.000,       0.990,   1.696e-04,     -0.1586
 113,   1.326e-01,  -3.993e-01,   4.010e-03,       0.154,       0.000,       0.988,   1.436e-04,     -0.0966
 114,   1.453e-01,  -3.993e-01,   2.079e-03,       0.146,       0.000,       0.989,   1.089e-04,     -0.0412
 115,   1.542e-01,  -3.993e-01,   8.574e-04,       0.120,       0.000,       0.993,   6.773e-05,      0.0112
 116,   1.588e-01,  -3.993e-01,   3.496e-04,       0.082,       0.000,       0.997,   2.293e-05,      0.0361
Strip 5
 117,   1.588e-01,  -3.881e-01,   2.322e-04,       0.019,       0.000,      -1.000,   2.913e-05,      0.1599
 118,   1.542e-01,  -3.881e-01,   3.273e-05,       0.052,       0.000,      -0.999,   8.578e-05,      0.1250
 119,   1.453e-01,  -3.881e-01,  -5.423e-04,       0.072,      -0.000,      -0.997,   1.376e-04,      0.0740
 120,   1.326e-01,  -3.881e-01,  -1.498e-03,       0.077,      -0.000,      -0.997,   1.814e-04,      0.0237
 121,   1.169e-01,  -3.881e-01,  -2.661e-03,       0.071,       0.000,      -0.998,   2.145e-04,     -0.0122
 122,   9.897e-02,  -3.881e-01,  -3.769e-03,       0.054,       0.000,      -0.999,   2.349e-04,     -0.0242
 123,   7.997e-02,  -3.881e-01,  -4.587e-03,       0.033,       0.000,      -0.999,   2.417e-04,     -0.0094
 124,   6.097e-02,  -3.881e-01,  -5.007e-03,       0.011,       0.000,      -1.000,   2.346e-04,      0.0264
 125,   4.307e-02,  -3.881e-01,  -5.009e-03,      -0.012,       0.000,      -1.000,   2.139e-04,      0.0816
 126,   2.732e-02,  -3.881e-01,  -4.585e-03,      -0.044,       0.000,      -0.999,   1.810e-04,      0.1687
 127,   1.462e-02,  -3.881e-01,  -3.703e-03,      -0.102,       0.000,      -0.995,   1.380e-04,      0.3324
 128,   5.725e-03,  -3.881e-01,  -2.343e-03,      -0.228,       0.000,      -0.974,   8.798e-05,      0.6805
 129,   1.144e-03,  -3.881e-01,  -7.216e-04,      -0.577,       0.000,      -0.817,   3.566e-05,      0.9690
 130,   1.144e-03,  -3.881e-01,   1.487e-03,      -0.767,       0.000,       0.642,   4.535e-05,     -1.9680
 131,   5.725e-03,  -3.881e-01,   4.460e-03,      -0.421,       0.000,       0.907,   9.442e-05,     -1.3725
 132,   1.462e-02,  -3.881e-01,   7.393e-03,      -0.239,       0.000,       0.971,   1.413e-04,     -1.0157
 133,   2.732e-02,  -3.881e-01,   9.671e-03,      -0.128,       0.000,       0.992,   1.823e-04,     -0.7712
 134,   4.307e-02,  -3.881e-01,   1.103e-02,      -0.050,       0.000,       0.999,   2.142e-04,     -0.5964
 135,   6.097e-02,  -3.881e-01,   1.133e-02,       0.014,       0.000,       1.000,   2.346e-04,     -0.4672
 136,   7.997e-02,  -3.881e-01,   1.049e-02,       0.073,       0.000,       0.997,   2.422e-04,     -0.3474
 137,   9.897e-02,  -3.881e-01,   8.692e-03,       0.117,       0.000,       0.993,   2.362e-04,     -0.2305
 138,   1.169e-01,  -3.881e-01,   6.363e-03,       0.143,       0.000,       0.990,   2.161e-04,     -0.1276
 139,   1.326e-01,  -3.881e-01,   4.010e-03,       0.154,      -0.000,       0.988,   1.830e-04,     -0.0376
 140,   1.453e-01,  -3.881e-01,   2.079e-03,       0.146,      -0.000,       0.989,   1.387e-04,      0.0408
 141,   1.542e-01,  -3.881e-01,   8.574e-04,       0.120,       0.000,       0.993,   8.629e-05,      0.1070
 142,   1.588e-01,  -3.881e-01,   3.496e-04,       0.082,       0.000,       0.997,   2.922e-05,      0.1371
Strip 6
 143,   1.588e-01,  -3.743e-01,   2.322e-04,       0.019,       0.000,      -1.000,   3.519e-05,      0.1985
 144,   1.542e-01,  -3.743e-01,   3.273e-05,       0.052,       0.000,      -0.999,   1.036e-04,      0.1658
 145,   1.453e-01,  -3.743e-01,  -5.423e-04,       0.072,       0.000,      -0.997,   1.662e-04,      0.1175
 146,   1.326e-01,  -3.743e-01,  -1.498e-03,       0.077,       0.000,      -0.997,   2.191e-04,      0.0673
 147,   1.169e-01,  -3.743e-01,  -2.661e-03,       0.071,       0.000,      -0.998,   2.591e-04,      0.0289
 148,   9.897e-02,  -3.743e-01,  -3.769e-03,       0.054,       0.000,      -0.999,   2.838e-04,      0.0134
 149,   7.997e-02,  -3.743e-01,  -4.587e-03,       0.033,       0.000,      -0.999,   2.920e-04,      0.0259
 150,   6.097e-02,  -3.743e-01,  -5.007e-03,       0.011,       0.000,      -1.000,   2.834e-04,      0.0625
 151,   4.307e-02,  -3.743e-01,  -5.009e-03,      -0.012,       0.000,      -1.000,   2.585e-04,      0.1223
 152,   2.732e-02,  -3.743e-01,  -4.585e-03,      -0.044,       0.000,      -0.999,   2.187e-04,      0.2179
 153,   1.462e-02,  -3.743e-01,  -3.703e-03,      -0.102,       0.000,      -0.995,   1.667e-04,      0.3923
 154,   5.725e-03,  -3.743e-01,  -2.343e-03,      -0.228,       0.000,      -0.974,   1.063e-04,      0.7435
 155,   1.144e-03,  -3.743e-01,  -7.216e-04,      -0.577,       0.000,      -0.817,   4.308e-05,      0.9215
 156,   1.144e-03,  -3.743e-01,   1.487e-03,      -0.767,       0.000,       0.642,   5.479e-05,     -2.3705
 157,   5.725e-03,  -3.743e-01,   4.460e-03,      -0.421,       0.000,       0.907,   1.141e-04,     -1.5486
 158,   1.462e-02,  -3.743e-01,   7.393e-03,      -0.239,       0.000,       0.971,   1.708e-04,     -1.1319
 159,   2.732e-02,  -3.743e-01,   9.671e-03,      -0.128,       0.000,       0.992,   2.203e-04,     -0.8619
 160,   4.307e-02,  -3.743e-01,   1.103e-02,      -0.050,       0.000,       0.999,   2.588e-04,     -0.6680
 161,   6.097e-02,  -3.743e-01,   1.133e-02,       0.014,       0.000,       1.000,   2.834e-04,     -0.5210
 162,   7.997e-02,  -3.743e-01,   1.049e-02,       0.073,       0.000,       0.997,   2.927e-04,     -0.3828
 163,   9.897e-02,  -3.743e-01,   8.692e-03,       0.117,       0.000,       0.993,   2.854e-04,     -0.2464
 164,   1.169e-01,  -3.743e-01,   6.363e-03,       0.143,       0.000,       0.990,   2.611e-04,     -0.1243
 165,   1.326e-01,  -3.743e-01,   4.010e-03,       0.154,       0.000,       0.988,   2.211e-04,     -0.0167
 166,   1.453e-01,  -3.743e-01,   2.079e-03,       0.146,       0.000,       0.989,   1.676e-04,      0.0754
 167,   1.542e-01,  -3.743e-01,   8.574e-04,       0.120,       0.000,       0.993,   1.043e-04,      0.1505
 168,   1.588e-01,  -3.743e-01,   3.496e-04,       0.082,       0.000,       0.997,   3.530e-05,      0.1846
Strip 7
 169,   1.588e-01,  -3.579e-01,   2.322e-04,       0.019,       0.000,      -1.000,   4.101e-05,      0.2195
 170,   1.542e-01,  -3.579e-01,   3.273e-05,       0.052,       0.000,      -0.999,   1.208e-04,      0.1889
 171,   1.453e-01,  -3.579e-01,  -5.423e-04,       0.072,       0.000,      -0.997,   1.938e-04,      0.1435
 172,   1.326e-01,  -3.579e-01,  -1.498e-03,       0.077,       0.000,      -0.997,   2.554e-04,      0.0954
 173,   1.169e-01,  -3.579e-01,  -2.661e-03,       0.071,       0.000,      -0.998,   3.020e-04,      0.0578
 174,   9.897e-02,  -3.579e-01,  -3.769e-03,       0.054,       0.000,      -0.999,   3.308e-04,      0.0423
 175,   7.997e-02,  -3.579e-01,  -4.587e-03,       0.033,      -0.000,      -0.999,   3.404e-04,      0.0552
 176,   6.097e-02,  -3.579e-01,  -5.007e-03,       0.011,       0.000,      -1.000,   3.303e-04,      0.0940
 177,   4.307e-02,  -3.579e-01,  -5.009e-03,      -0.012,       0.000,      -1.000,   3.013e-04,      0.1581
 178,   2.732e-02,  -3.579e-01,  -4.585e-03,      -0.044,       0.000,      -0.999,   2.549e-04,      0.2603
 179,   1.462e-02,  -3.579e-01,  -3.703e-03,      -0.102,       0.000,      -0.995,   1.943e-04,      0.4422
 180,   5.725e-03,  -3.579e-01,  -2.343e-03,      -0.228,       0.000,      -0.974,   1.239e-04,      0.7933
 181,   1.144e-03,  -3.579e-01,  -7.216e-04,      -0.577,       0.000,      -0.817,   5.021e-05,      0.8550
 182,   1.144e-03,  -3.579e-01,   1.487e-03,      -0.767,       0.000,       0.642,   6.386e-05,     -2.7663
 183,   5.725e-03,  -3.579e-01,   4.460e-03,      -0.421,       0.000,       0.907,   1.330e-04,     -1.7163
 184,   1.462e-02,  -3.579e-01,   7.393e-03,      -0.239,       0.000,       0.971,   1.990e-04,     -1.2384
 185,   2.732e-02,  -3.579e-01,   9.671e-03,      -0.128,       0.000,       0.992,   2.567e-04,     -0.9442
 186,   4.307e-02,  -3.579e-01,   1.103e-02,      -0.050,       0.000,       0.999,   3.016e-04,     -0.7348
 187,   6.097e-02,  -3.579e-01,   1.133e-02,       0.014,       0.000,       1.000,   3.303e-04,     -0.5739
 188,   7.997e-02,  -3.579e-01,   1.049e-02,       0.073,       0.000,       0.997,   3.411e-04,     -0.4213
 189,   9.897e-02,  -3.579e-01,   8.692e-03,       0.117,      -0.000,       0.993,   3.326e-04,     -0.2697
 190,   1.169e-01,  -3.579e-01,   6.363e-03,       0.143,      -0.000,       0.990,   3.043e-04,     -0.1329
 191,   1.326e-01,  -3.579e-01,   4.010e-03,       0.154,       0.000,       0.988,   2.577e-04,     -0.0124
 192,   1.453e-01,  -3.579e-01,   2.079e-03,       0.146,       0.000,       0.989,   1.954e-04,      0.0897
 193,   1.542e-01,  -3.579e-01,   8.574e-04,       0.120,       0.000,       0.993,   1.215e-04,      0.1715
 194,   1.588e-01,  -3.579e-01,   3.496e-04,       0.082,       0.000,       0.997,   4.114e-05,      0.2089
Strip 8
 195,   1.588e-01,  -3.391e-01,   2.322e-04,       0.019,       0.000,      -1.000,   4.656e-05,      0.2318
 196,   1.542e-01,  -3.391e-01,   3.273e-05,       0.052,       0.000,      -0.999,   1.371e-04,      0.2029
 197,   1.453e-01,  -3.391e-01,  -5.423e-04,       0.072,       0.000,      -0.997,   2.200e-04,      0.1604
 198,   1.326e-01,  -3.391e-01,  -1.498e-03,       0.077,       0.000,      -0.997,   2.899e-04,      0.1149
 199,   1.169e-01,  -3.391e-01,  -2.661e-03,       0.071,       0.000,      -0.998,   3.428e-04,      0.0794
 200,   9.897e-02,  -3.391e-01,  -3.769e-03,       0.054,       0.000,      -0.999,   3.755e-04,      0.0657
 201,   7.997e-02,  -3.391e-01,  -4.587e-03,       0.033,       0.000,      -0.999,   3.864e-04,      0.0803
 202,   6.097e-02,  -3.391e-01,  -5.007e-03,       0.011,      -0.000,      -1.000,   3.750e-04,      0.1216
 203,   4.307e-02,  -3.391e-01,  -5.009e-03,      -0.012,      -0.000,      -1.000,   3.420e-04,      0.1896
 204,   2.732e-02,  -3.391e-01,  -4.585e-03,      -0.044,       0.000,      -0.999,   2.893e-04,      0.2967
 205,   1.462e-02,  -3.391e-01,  -3.703e-03,      -0.102,       0.000,      -0.995,   2.205e-04,      0.4842
 206,   5.725e-03,  -3.391e-01,  -2.343e-03,      -0.228,       0.000,      -0.974,   1.406e-04,      0.8330
 207,   1.144e-03,  -3.391e-01,  -7.216e-04,      -0.577,       0.000,      -0.817,   5.700e-05,      0.7757
 208,   1.144e-03,  -3.391e-01,   1.487e-03,      -0.767,       0.000,       0.642,   7.249e-05,     -3.1478
 209,   5.725e-03,  -3.391e-01,   4.460e-03,      -0.421,       0.000,       0.907,   1.509e-04,     -1.8735
 210,   1.462e-02,  -3.391e-01,   7.393e-03,      -0.239,       0.000,       0.971,   2.259e-04,     -1.3353
 211,   2.732e-02,  -3.391e-01,   9.671e-03,      -0.128,      -0.000,       0.992,   2.914e-04,     -1.0177
 212,   4.307e-02,  -3.391e-01,   1.103e-02,      -0.050,      -0.000,       0.999,   3.424e-04,     -0.7947
 213,   6.097e-02,  -3.391e-01,   1.133e-02,       0.014,      -0.000,       1.000,   3.750e-04,     -0.6225
 214,   7.997e-02,  -3.391e-01,   1.049e-02,       0.073,      -0.000,       0.997,   3.872e-04,     -0.4582
 215,   9.897e-02,  -3.391e-01,   8.692e-03,       0.117,       0.000,       0.993,   3.775e-04,     -0.2945
 216,   1.169e-01,  -3.391e-01,   6.363e-03,       0.143,       0.000,       0.990,   3.455e-04,     -0.1460
 217,   1.326e-01,  -3.391e-01,   4.010e-03,       0.154,       0.000,       0.988,   2.925e-04,     -0.0154
 218,   1.453e-01,  -3.391e-01,   2.079e-03,       0.146,       0.000,       0.989,   2.218e-04,      0.0944
 219,   1.542e-01,  -3.391e-01,   8.574e-04,       0.120,       0.000,       0.993,   1.379e-04,      0.1816
 220,   1.588e-01,  -3.391e-01,   3.496e-04,       0.082,       0.000,       0.997,   4.670e-05,      0.2217
Strip 9
 221,   1.588e-01,  -3.179e-01,   2.322e-04,       0.019,      -0.000,      -1.000,   5.178e-05,      0.2392
 222,   1.542e-01,  -3.179e-01,   3.273e-05,       0.052,       0.000,      -0.999,   1.525e-04,      0.2120
 223,   1.453e-01,  -3.179e-01,  -5.423e-04,       0.072,       0.000,      -0.997,   2.446e-04,      0.1721
 224,   1.326e-01,  -3.179e-01,  -1.498e-03,       0.077,       0.000,      -0.997,   3.225e-04,      0.1292
 225,   1.169e-01,  -3.179e-01,  -2.661e-03,       0.071,       0.000,      -0.998,   3.813e-04,      0.0963
 226,   9.897e-02,  -3.179e-01,  -3.769e-03,       0.054,       0.000,      -0.999,   4.177e-04,      0.0849
 227,   7.997e-02,  -3.179e-01,  -4.587e-03,       0.033,       0.000,      -0.999,   4.298e-04,      0.1019
 228,   6.097e-02,  -3.179e-01,  -5.007e-03,       0.011,       0.000,      -1.000,   4.171e-04,      0.1458
 229,   4.307e-02,  -3.179e-01,  -5.009e-03,      -0.012,       0.000,      -1.000,   3.804e-04,      0.2169
 230,   2.732e-02,  -3.179e-01,  -4.585e-03,      -0.044,       0.000,      -0.999,   3.218e-04,      0.3279
 231,   1.462e-02,  -3.179e-01,  -3.703e-03,      -0.102,       0.000,      -0.995,   2.453e-04,      0.5197
 232,   5.725e-03,  -3.179e-01,  -2.343e-03,      -0.228,       0.000,      -0.974,   1.564e-04,      0.8647
 233,   1.144e-03,  -3.179e-01,  -7.216e-04,      -0.577,       0.000,      -0.817,   6.340e-05,      0.6890
 234,   1.144e-03,  -3.179e-01,   1.487e-03,      -0.767,       0.000,       0.642,   8.063e-05,     -3.5083
 235,   5.725e-03,  -3.179e-01,   4.460e-03,      -0.421,       0.000,       0.907,   1.679e-04,     -2.0186
 236,   1.462e-02,  -3.179e-01,   7.393e-03,      -0.239,       0.000,       0.971,   2.513e-04,     -1.4225
 237,   2.732e-02,  -3.179e-01,   9.671e-03,      -0.128,       0.000,       0.992,   3.242e-04,     -1.0825
 238,   4.307e-02,  -3.179e-01,   1.103e-02,      -0.050,       0.000,       0.999,   3.808e-04,     -0.8470
 239,   6.097e-02,  -3.179e-01,   1.133e-02,       0.014,       0.000,       1.000,   4.171e-04,     -0.6653
 240,   7.997e-02,  -3.179e-01,   1.049e-02,       0.073,       0.000,       0.997,   4.307e-04,     -0.4915
 241,   9.897e-02,  -3.179e-01,   8.692e-03,       0.117,       0.000,       0.993,   4.199e-04,     -0.3179
 242,   1.169e-01,  -3.179e-01,   6.363e-03,       0.143,       0.000,       0.990,   3.843e-04,     -0.1602
 243,   1.326e-01,  -3.179e-01,   4.010e-03,       0.154,      -0.000,       0.988,   3.254e-04,     -0.0216
 244,   1.453e-01,  -3.179e-01,   2.079e-03,       0.146,       0.000,       0.989,   2.466e-04,      0.0943
 245,   1.542e-01,  -3.179e-01,   8.574e-04,       0.120,       0.000,       0.993,   1.534e-04,      0.1859
 246,   1.588e-01,  -3.179e-01,   3.496e-04,       0.082,      -0.000,       0.997,   5.195e-05,      0.2284
Strip 10
 247,   1.588e-01,  -2.946e-01,   2.322e-04,       0.019,       0.000,      -1.000,   5.666e-05,      0.2438
 248,   1.542e-01,  -2.946e-01,   3.273e-05,       0.052,       0.000,      -0.999,   1.669e-04,      0.2181
 249,   1.453e-01,  -2.946e-01,  -5.423e-04,       0.072,       0.000,      -0.997,   2.677e-04,      0.1806
 250,   1.326e-01,  -2.946e-01,  -1.498e-03,       0.077,       0.000,      -0.997,   3.528e-04,      0.1400
 251,   1.169e-01,  -2.946e-01,  -2.661e-03,       0.071,       0.000,      -0.998,   4.172e-04,      0.1097
 252,   9.897e-02,  -2.946e-01,  -3.769e-03,       0.054,       0.000,      -0.999,   4.569e-04,      0.1008
 253,   7.997e-02,  -2.946e-01,  -4.587e-03,       0.033,       0.000,      -0.999,   4.702e-04,      0.1202
 254,   6.097e-02,  -2.946e-01,  -5.007e-03,       0.011,       0.000,      -1.000,   4.563e-04,      0.1665
 255,   4.307e-02,  -2.946e-01,  -5.009e-03,      -0.012,       0.000,      -1.000,   4.161e-04,      0.2403
 256,   2.732e-02,  -2.946e-01,  -4.585e-03,      -0.044,       0.000,      -0.999,   3.521e-04,      0.3545
 257,   1.462e-02,  -2.946e-01,  -3.703e-03,      -0.102,       0.000,      -0.995,   2.684e-04,      0.5498
 258,   5.725e-03,  -2.946e-01,  -2.343e-03,      -0.228,       0.000,      -0.974,   1.711e-04,      0.8900
 259,   1.144e-03,  -2.946e-01,  -7.216e-04,      -0.577,       0.000,      -0.817,   6.937e-05,      0.5997
 260,   1.144e-03,  -2.946e-01,   1.487e-03,      -0.767,       0.000,       0.642,   8.822e-05,     -3.8427
 261,   5.725e-03,  -2.946e-01,   4.460e-03,      -0.421,       0.000,       0.907,   1.837e-04,     -2.1503
 262,   1.462e-02,  -2.946e-01,   7.393e-03,      -0.239,       0.000,       0.971,   2.749e-04,     -1.5001
 263,   2.732e-02,  -2.946e-01,   9.671e-03,      -0.128,       0.000,       0.992,   3.547e-04,     -1.1391
 264,   4.307e-02,  -2.946e-01,   1.103e-02,      -0.050,       0.000,       0.999,   4.166e-04,     -0.8922
 265,   6.097e-02,  -2.946e-01,   1.133e-02,       0.014,      -0.000,       1.000,   4.563e-04,     -0.7022
 266,   7.997e-02,  -2.946e-01,   1.049e-02,       0.073,      -0.000,       0.997,   4.712e-04,     -0.5205
 267,   9.897e-02,  -2.946e-01,   8.692e-03,       0.117,      -0.000,       0.993,   4.594e-04,     -0.3389
 268,   1.169e-01,  -2.946e-01,   6.363e-03,       0.143,      -0.000,       0.990,   4.204e-04,     -0.1737
 269,   1.326e-01,  -2.946e-01,   4.010e-03,       0.154,       0.000,       0.988,   3.560e-04,     -0.0287
 270,   1.453e-01,  -2.946e-01,   2.079e-03,       0.146,       0.000,       0.989,   2.699e-04,      0.0921
 271,   1.542e-01,  -2.946e-01,   8.574e-04,       0.120,       0.000,       0.993,   1.679e-04,      0.1874
 272,   1.588e-01,  -2.946e-01,   3.496e-04,       0.082,       0.000,       0.997,   5.683e-05,      0.2318
Strip 11
 273,   1.588e-01,  -2.693e-01,   2.322e-04,       0.019,       0.000,      -1.000,   6.114e-05,      0.2469
 274,   1.542e-01,  -2.693e-01,   3.273e-05,       0.052,       0.000,      -0.999,   1.801e-04,      0.2224
 275,   1.453e-01,  -2.693e-01,  -5.423e-04,       0.072,       0.000,      -0.997,   2.888e-04,      0.1869
 276,   1.326e-01,  -2.693e-01,  -1.498e-03,       0.077,       0.000,      -0.997,   3.807e-04,      0.1485
 277,   1.169e-01,  -2.693e-01,  -2.661e-03,       0.071,       0.000,      -0.998,   4.502e-04,      0.1206
 278,   9.897e-02,  -2.693e-01,  -3.769e-03,       0.054,       0.000,      -0.999,   4.931e-04,      0.1140
 279,   7.997e-02,  -2.693e-01,  -4.587e-03,       0.033,       0.000,      -0.999,   5.074e-04,      0.1356
 280,   6.097e-02,  -2.693e-01,  -5.007e-03,       0.011,       0.000,      -1.000,   4.924e-04,      0.1841
 281,   4.307e-02,  -2.693e-01,  -5.009e-03,      -0.012,       0.000,      -1.000,   4.491e-04,      0.2602
 282,   2.732e-02,  -2.693e-01,  -4.585e-03,      -0.044,       0.000,      -0.999,   3.800e-04,      0.3770
 283,   1.462e-02,  -2.693e-01,  -3.703e-03,      -0.102,       0.000,      -0.995,   2.896e-04,      0.5751
 284,   5.725e-03,  -2.693e-01,  -2.343e-03,      -0.228,       0.000,      -0.974,   1.847e-04,      0.9099
 285,   1.144e-03,  -2.693e-01,  -7.216e-04,      -0.577,       0.000,      -0.817,   7.486e-05,      0.5117
 286,   1.144e-03,  -2.693e-01,   1.487e-03,      -0.767,       0.000,       0.642,   9.520e-05,     -4.1468
 287,   5.725e-03,  -2.693e-01,   4.460e-03,      -0.421,       0.000,       0.907,   1.982e-04,     -2.2679
 288,   1.462e-02,  -2.693e-01,   7.393e-03,      -0.239,       0.000,       0.971,   2.967e-04,     -1.5682
 289,   2.732e-02,  -2.693e-01,   9.671e-03,      -0.128,       0.000,       0.992,   3.827e-04,     -1.1879
 290,   4.307e-02,  -2.693e-01,   1.103e-02,      -0.050,       0.000,       0.999,   4.496e-04,     -0.9307
 291,   6.097e-02,  -2.693e-01,   1.133e-02,       0.014,       0.000,       1.000,   4.925e-04,     -0.7335
 292,   7.997e-02,  -2.693e-01,   1.049e-02,       0.073,       0.000,       0.997,   5.085e-04,     -0.5451
 293,   9.897e-02,  -2.693e-01,   8.692e-03,       0.117,       0.000,       0.993,   4.958e-04,     -0.3569
 294,   1.169e-01,  -2.693e-01,   6.363e-03,       0.143,       0.000,       0.990,   4.537e-04,     -0.1857
 295,   1.326e-01,  -2.693e-01,   4.010e-03,       0.154,       0.000,       0.988,   3.842e-04,     -0.0357
 296,   1.453e-01,  -2.693e-01,   2.079e-03,       0.146,       0.000,       0.989,   2.912e-04,      0.0891
 297,   1.542e-01,  -2.693e-01,   8.574e-04,       0.120,       0.000,       0.993,   1.811e-04,      0.1874
 298,   1.588e-01,  -2.693e-01,   3.496e-04,       0.082,      -0.000,       0.997,   6.133e-05,      0.2334
Strip 12
 299,   1.588e-01,  -2.421e-01,   2.322e-04,       0.019,       0.000,      -1.000,   6.521e-05,      0.2489
 300,   1.542e-01,  -2.421e-01,   3.273e-05,       0.052,       0.000,      -0.999,   1.921e-04,      0.2254
 301,   1.453e-01,  -2.421e-01,  -5.423e-04,       0.072,       0.000,      -0.997,   3.081e-04,      0.1917
 302,   1.326e-01,  -2.421e-01,  -1.498e-03,       0.077,       0.000,      -0.997,   4.061e-04,      0.1552
 303,   1.169e-01,  -2.421e-01,  -2.661e-03,       0.071,      -0.000,      -0.998,   4.801e-04,      0.1293
 304,   9.897e-02,  -2.421e-01,  -3.769e-03,       0.054,      -0.000,      -0.999,   5.259e-04,      0.1249
 305,   7.997e-02,  -2.421e-01,  -4.587e-03,       0.033,       0.000,      -0.999,   5.412e-04,      0.1484
 306,   6.097e-02,  -2.421e-01,  -5.007e-03,       0.011,       0.000,      -1.000,   5.252e-04,      0.1988
 307,   4.307e-02,  -2.421e-01,  -5.009e-03,      -0.012,       0.000,      -1.000,   4.790e-04,      0.2768
 308,   2.732e-02,  -2.421e-01,  -4.585e-03,      -0.044,       0.000,      -0.999,   4.053e-04,      0.3959
 309,   1.462e-02,  -2.421e-01,  -3.703e-03,      -0.102,       0.000,      -0.995,   3.089e-04,      0.5963
 310,   5.725e-03,  -2.421e-01,  -2.343e-03,      -0.228,       0.000,      -0.974,   1.970e-04,      0.9255
 311,   1.144e-03,  -2.421e-01,  -7.216e-04,      -0.577,       0.000,      -0.817,   7.984e-05,      0.4283
 312,   1.144e-03,  -2.421e-01,   1.487e-03,      -0.767,       0.000,       0.642,   1.015e-04,     -4.4180
 313,   5.725e-03,  -2.421e-01,   4.460e-03,      -0.421,       0.000,       0.907,   2.114e-04,     -2.3711
 314,   1.462e-02,  -2.421e-01,   7.393e-03,      -0.239,       0.000,       0.971,   3.164e-04,     -1.6271
 315,   2.732e-02,  -2.421e-01,   9.671e-03,      -0.128,       0.000,       0.992,   4.082e-04,     -1.2296
 316,   4.307e-02,  -2.421e-01,   1.103e-02,      -0.050,       0.000,       0.999,   4.795e-04,     -0.9632
 317,   6.097e-02,  -2.421e-01,   1.133e-02,       0.014,       0.000,       1.000,   5.252e-04,     -0.7596
 318,   7.997e-02,  -2.421e-01,   1.049e-02,       0.073,       0.000,       0.997,   5.423e-04,     -0.5657
 319,   9.897e-02,  -2.421e-01,   8.692e-03,       0.117,       0.000,       0.993,   5.288e-04,     -0.3722
 320,   1.169e-01,  -2.421e-01,   6.363e-03,       0.143,       0.000,       0.990,   4.839e-04,     -0.1962
 321,   1.326e-01,  -2.421e-01,   4.010e-03,       0.154,       0.000,       0.988,   4.097e-04,     -0.0420
 322,   1.453e-01,  -2.421e-01,   2.079e-03,       0.146,       0.000,       0.989,   3.106e-04,      0.0860
 323,   1.542e-01,  -2.421e-01,   8.574e-04,       0.120,       0.000,       0.993,   1.932e-04,      0.1867
 324,   1.588e-01,  -2.421e-01,   3.496e-04,       0.082,       0.000,       0.997,   6.541e-05,      0.2340
Strip 13
 325,   1.588e-01,  -2.133e-01,   2.322e-04,       0.019,       0.000,      -1.000,   6.883e-05,      0.2503
 326,   1.542e-01,  -2.133e-01,   3.273e-05,       0.052,       0.000,      -0.999,   2.027e-04,      0.2277
 327,   1.453e-01,  -2.133e-01,  -5.423e-04,       0.072,       0.000,      -0.997,   3.252e-04,      0.1954
 328,   1.326e-01,  -2.133e-01,  -1.498e-03,       0.077,       0.000,      -0.997,   4.286e-04,      0.1605
 329,   1.169e-01,  -2.133e-01,  -2.661e-03,       0.071,       0.000,      -0.998,   5.068e-04,      0.1364
 330,   9.897e-02,  -2.133e-01,  -3.769e-03,       0.054,       0.000,      -0.999,   5.551e-04,      0.1338
 331,   7.997e-02,  -2.133e-01,  -4.587e-03,       0.033,       0.000,      -0.999,   5.712e-04,      0.1590
 332,   6.097e-02,  -2.133e-01,  -5.007e-03,       0.011,       0.000,      -1.000,   5.544e-04,      0.2109
 333,   4.307e-02,  -2.133e-01,  -5.009e-03,      -0.012,       0.000,      -1.000,   5.056e-04,      0.2906
 334,   2.732e-02,  -2.133e-01,  -4.585e-03,      -0.044,       0.000,      -0.999,   4.278e-04,      0.4115
 335,   1.462e-02,  -2.133e-01,  -3.703e-03,      -0.102,       0.000,      -0.995,   3.260e-04,      0.6137
 336,   5.725e-03,  -2.133e-01,  -2.343e-03,      -0.228,       0.000,      -0.974,   2.079e-04,      0.9376
 337,   1.144e-03,  -2.133e-01,  -7.216e-04,      -0.577,       0.000,      -0.817,   8.427e-05,      0.3520
 338,   1.144e-03,  -2.133e-01,   1.487e-03,      -0.767,       0.000,       0.642,   1.072e-04,     -4.6546
 339,   5.725e-03,  -2.133e-01,   4.460e-03,      -0.421,       0.000,       0.907,   2.231e-04,     -2.4601
 340,   1.462e-02,  -2.133e-01,   7.393e-03,      -0.239,       0.000,       0.971,   3.340e-04,     -1.6772
 341,   2.732e-02,  -2.133e-01,   9.671e-03,      -0.128,       0.000,       0.992,   4.309e-04,     -1.2647
 342,   4.307e-02,  -2.133e-01,   1.103e-02,      -0.050,       0.000,       0.999,   5.062e-04,     -0.9902
 343,   6.097e-02,  -2.133e-01,   1.133e-02,       0.014,       0.000,       1.000,   5.544e-04,     -0.7813
 344,   7.997e-02,  -2.133e-01,   1.049e-02,       0.073,       0.000,       0.997,   5.724e-04,     -0.5827
 345,   9.897e-02,  -2.133e-01,   8.692e-03,       0.117,      -0.000,       0.993,   5.581e-04,     -0.3848
 346,   1.169e-01,  -2.133e-01,   6.363e-03,       0.143,      -0.000,       0.990,   5.108e-04,     -0.2049
 347,   1.326e-01,  -2.133e-01,   4.010e-03,       0.154,       0.000,       0.988,   4.325e-04,     -0.0475
 348,   1.453e-01,  -2.133e-01,   2.079e-03,       0.146,       0.000,       0.989,   3.278e-04,      0.0831
 349,   1.542e-01,  -2.133e-01,   8.574e-04,       0.120,       0.000,       0.993,   2.039e-04,      0.1858
 350,   1.588e-01,  -2.133e-01,   3.496e-04,       0.082,       0.000,       0.997,   6.905e-05,      0.2342
Strip 14
 351,   1.588e-01,  -1.830e-01,   2.322e-04,       0.019,       0.000,      -1.000,   7.198e-05,      0.2512
 352,   1.542e-01,  -1.830e-01,   3.273e-05,       0.052,       0.000,      -0.999,   2.120e-04,      0.2294
 353,   1.453e-01,  -1.830e-01,  -5.423e-04,       0.072,       0.000,      -0.997,   3.401e-04,      0.1983
 354,   1.326e-01,  -1.830e-01,  -1.498e-03,       0.077,       0.000,      -0.997,   4.482e-04,      0.1647
 355,   1.169e-01,  -1.830e-01,  -2.661e-03,       0.071,       0.000,      -0.998,   5.300e-04,      0.1420
 356,   9.897e-02,  -1.830e-01,  -3.769e-03,       0.054,       0.000,      -0.999,   5.806e-04,      0.1409
 357,   7.997e-02,  -1.830e-01,  -4.587e-03,       0.033,       0.000,      -0.999,   5.974e-04,      0.1675
 358,   6.097e-02,  -1.830e-01,  -5.007e-03,       0.011,       0.000,      -1.000,   5.798e-04,      0.2207
 359,   4.307e-02,  -1.830e-01,  -5.009e-03,      -0.012,       0.000,      -1.000,   5.287e-04,      0.3018
 360,   2.732e-02,  -1.830e-01,  -4.585e-03,      -0.044,       0.000,      -0.999,   4.474e-04,      0.4243
 361,   1.462e-02,  -1.830e-01,  -3.703e-03,      -0.102,       0.000,      -0.995,   3.409e-04,      0.6279
 362,   5.725e-03,  -1.830e-01,  -2.343e-03,      -0.228,       0.000,      -0.974,   2.174e-04,      0.9469
 363,   1.144e-03,  -1.830e-01,  -7.216e-04,      -0.577,       0.000,      -0.817,   8.813e-05,      0.2846
 364,   1.144e-03,  -1.830e-01,   1.487e-03,      -0.767,       0.000,       0.642,   1.121e-04,     -4.8562
 365,   5.725e-03,  -1.830e-01,   4.460e-03,      -0.421,       0.000,       0.907,   2.334e-04,     -2.5350
 366,   1.462e-02,  -1.830e-01,   7.393e-03,      -0.239,       0.000,       0.971,   3.493e-04,     -1.7191
 367,   2.732e-02,  -1.830e-01,   9.671e-03,      -0.128,       0.000,       0.992,   4.506e-04,     -1.2936
 368,   4.307e-02,  -1.830e-01,   1.103e-02,      -0.050,       0.000,       0.999,   5.293e-04,     -1.0124
 369,   6.097e-02,  -1.830e-01,   1.133e-02,       0.014,       0.000,       1.000,   5.798e-04,     -0.7989
 370,   7.997e-02,  -1.830e-01,   1.049e-02,       0.073,       0.000,       0.997,   5.987e-04,     -0.5964
 371,   9.897e-02,  -1.830e-01,   8.692e-03,       0.117,       0.000,       0.993,   5.837e-04,     -0.3950
 372,   1.169e-01,  -1.830e-01,   6.363e-03,       0.143,       0.000,       0.990,   5.341e-04,     -0.2120
 373,   1.326e-01,  -1.830e-01,   4.010e-03,       0.154,       0.000,       0.988,   4.523e-04,     -0.0520
 374,   1.453e-01,  -1.830e-01,   2.079e-03,       0.146,       0.000,       0.989,   3.429e-04,      0.0805
 375,   1.542e-01,  -1.830e-01,   8.574e-04,       0.120,       0.000,       0.993,   2.133e-04,      0.1849
 376,   1.588e-01,  -1.830e-01,   3.496e-04,       0.082,       0.000,       0.997,   7.221e-05,      0.2341
Strip 15
 377,   1.588e-01,  -1.515e-01,   2.322e-04,       0.019,       0.000,      -1.000,   7.464e-05,      0.2519
 378,   1.542e-01,  -1.515e-01,   3.273e-05,       0.052,       0.000,      -0.999,   2.198e-04,      0.2307
 379,   1.453e-01,  -1.515e-01,  -5.423e-04,       0.072,       0.000,      -0.997,   3.526e-04,      0.2005
 380,   1.326e-01,  -1.515e-01,  -1.498e-03,       0.077,       0.000,      -0.997,   4.648e-04,      0.1679
 381,   1.169e-01,  -1.515e-01,  -2.661e-03,       0.071,       0.000,      -0.998,   5.496e-04,      0.1464
 382,   9.897e-02,  -1.515e-01,  -3.769e-03,       0.054,       0.000,      -0.999,   6.020e-04,      0.1465
 383,   7.997e-02,  -1.515e-01,  -4.587e-03,       0.033,       0.000,      -0.999,   6.195e-04,      0.1742
 384,   6.097e-02,  -1.515e-01,  -5.007e-03,       0.011,       0.000,      -1.000,   6.012e-04,      0.2286
 385,   4.307e-02,  -1.515e-01,  -5.009e-03,      -0.012,       0.000,      -1.000,   5.483e-04,      0.3107
 386,   2.732e-02,  -1.515e-01,  -4.585e-03,      -0.044,       0.000,      -0.999,   4.639e-04,      0.4345
 387,   1.462e-02,  -1.515e-01,  -3.703e-03,      -0.102,       0.000,      -0.995,   3.535e-04,      0.6392
 388,   5.725e-03,  -1.515e-01,  -2.343e-03,      -0.228,       0.000,      -0.974,   2.255e-04,      0.9539
 389,   1.144e-03,  -1.515e-01,  -7.216e-04,      -0.577,       0.000,      -0.817,   9.139e-05,      0.2273
 390,   1.144e-03,  -1.515e-01,   1.487e-03,      -0.767,       0.000,       0.642,   1.162e-04,     -5.0227
 391,   5.725e-03,  -1.515e-01,   4.460e-03,      -0.421,       0.000,       0.907,   2.420e-04,     -2.5964
 392,   1.462e-02,  -1.515e-01,   7.393e-03,      -0.239,       0.000,       0.971,   3.622e-04,     -1.7531
 393,   2.732e-02,  -1.515e-01,   9.671e-03,      -0.128,       0.000,       0.992,   4.672e-04,     -1.3170
 394,   4.307e-02,  -1.515e-01,   1.103e-02,      -0.050,       0.000,       0.999,   5.489e-04,     -1.0301
 395,   6.097e-02,  -1.515e-01,   1.133e-02,       0.014,       0.000,       1.000,   6.012e-04,     -0.8129
 396,   7.997e-02,  -1.515e-01,   1.049e-02,       0.073,       0.000,       0.997,   6.208e-04,     -0.6074
 397,   9.897e-02,  -1.515e-01,   8.692e-03,       0.117,       0.000,       0.993,   6.053e-04,     -0.4032
 398,   1.169e-01,  -1.515e-01,   6.363e-03,       0.143,       0.000,       0.990,   5.539e-04,     -0.2177
 399,   1.326e-01,  -1.515e-01,   4.010e-03,       0.154,       0.000,       0.988,   4.690e-04,     -0.0557
 400,   1.453e-01,  -1.515e-01,   2.079e-03,       0.146,       0.000,       0.989,   3.555e-04,      0.0785
 401,   1.542e-01,  -1.515e-01,   8.574e-04,       0.120,       0.000,       0.993,   2.211e-04,      0.1840
 402,   1.588e-01,  -1.515e-01,   3.496e-04,       0.082,       0.000,       0.997,   7.488e-05,      0.2340
Strip 16
 403,   1.588e-01,  -1.189e-01,   2.322e-04,       0.019,       0.000,      -1.000,   7.679e-05,      0.2524
 404,   1.542e-01,  -1.189e-01,   3.273e-05,       0.052,       0.000,      -0.999,   2.262e-04,      0.2316
 405,   1.453e-01,  -1.189e-01,  -5.423e-04,       0.072,      -0.000,      -0.997,   3.628e-04,      0.2022
 406,   1.326e-01,  -1.189e-01,  -1.498e-03,       0.077,       0.000,      -0.997,   4.782e-04,      0.1704
 407,   1.169e-01,  -1.189e-01,  -2.661e-03,       0.071,      -0.000,      -0.998,   5.654e-04,      0.1498
 408,   9.897e-02,  -1.189e-01,  -3.769e-03,       0.054,      -0.000,      -0.999,   6.194e-04,      0.1507
 409,   7.997e-02,  -1.189e-01,  -4.587e-03,       0.033,       0.000,      -0.999,   6.373e-04,      0.1794
 410,   6.097e-02,  -1.189e-01,  -5.007e-03,       0.011,       0.000,      -1.000,   6.185e-04,      0.2345
 411,   4.307e-02,  -1.189e-01,  -5.009e-03,      -0.012,       0.000,      -1.000,   5.640e-04,      0.3175
 412,   2.732e-02,  -1.189e-01,  -4.585e-03,      -0.044,       0.000,      -0.999,   4.772e-04,      0.4423
 413,   1.462e-02,  -1.189e-01,  -3.703e-03,      -0.102,       0.000,      -0.995,   3.637e-04,      0.6479
 414,   5.725e-03,  -1.189e-01,  -2.343e-03,      -0.228,       0.000,      -0.974,   2.320e-04,      0.9590
 415,   1.144e-03,  -1.189e-01,  -7.216e-04,      -0.577,       0.000,      -0.817,   9.402e-05,      0.1809
 416,   1.144e-03,  -1.189e-01,   1.487e-03,      -0.767,       0.000,       0.642,   1.196e-04,     -5.1547
 417,   5.725e-03,  -1.189e-01,   4.460e-03,      -0.421,       0.000,       0.907,   2.490e-04,     -2.6448
 418,   1.462e-02,  -1.189e-01,   7.393e-03,      -0.239,       0.000,       0.971,   3.727e-04,     -1.7797
 419,   2.732e-02,  -1.189e-01,   9.671e-03,      -0.128,       0.000,       0.992,   4.807e-04,     -1.3352
 420,   4.307e-02,  -1.189e-01,   1.103e-02,      -0.050,       0.000,       0.999,   5.647e-04,     -1.0438
 421,   6.097e-02,  -1.189e-01,   1.133e-02,       0.014,       0.000,       1.000,   6.185e-04,     -0.8236
 422,   7.997e-02,  -1.189e-01,   1.049e-02,       0.073,       0.000,       0.997,   6.387e-04,     -0.6157
 423,   9.897e-02,  -1.189e-01,   8.692e-03,       0.117,      -0.000,       0.993,   6.227e-04,     -0.4094
 424,   1.169e-01,  -1.189e-01,   6.363e-03,       0.143,      -0.000,       0.990,   5.698e-04,     -0.2221
 425,   1.326e-01,  -1.189e-01,   4.010e-03,       0.154,       0.000,       0.988,   4.825e-04,     -0.0585
 426,   1.453e-01,  -1.189e-01,   2.079e-03,       0.146,       0.000,       0.989,   3.658e-04,      0.0768
 427,   1.542e-01,  -1.189e-01,   8.574e-04,       0.120,      -0.000,       0.993,   2.275e-04,      0.1833
 428,   1.588e-01,  -1.189e-01,   3.496e-04,       0.082,      -0.000,       0.997,   7.703e-05,      0.2338
Strip 17
 429,   1.588e-01,  -8.550e-02,   2.322e-04,       0.019,       0.000,      -1.000,   7.842e-05,      0.2527
 430,   1.542e-01,  -8.550e-02,   3.273e-05,       0.052,       0.000,      -0.999,   2.310e-04,      0.2322
 431,   1.453e-01,  -8.550e-02,  -5.423e-04,       0.072,       0.000,      -0.997,   3.705e-04,      0.2034
 432,   1.326e-01,  -8.550e-02,  -1.498e-03,       0.077,       0.000,      -0.997,   4.883e-04,      0.1722
 433,   1.169e-01,  -8.550e-02,  -2.661e-03,       0.071,       0.000,      -0.998,   5.774e-04,      0.1522
 434,   9.897e-02,  -8.550e-02,  -3.769e-03,       0.054,       0.000,      -0.999,   6.325e-04,      0.1538
 435,   7.997e-02,  -8.550e-02,  -4.587e-03,       0.033,       0.000,      -0.999,   6.508e-04,      0.1831
 436,   6.097e-02,  -8.550e-02,  -5.007e-03,       0.011,       0.000,      -1.000,   6.316e-04,      0.2389
 437,   4.307e-02,  -8.550e-02,  -5.009e-03,      -0.012,       0.000,      -1.000,   5.760e-04,      0.3225
 438,   2.732e-02,  -8.550e-02,  -4.585e-03,      -0.044,       0.000,      -0.999,   4.874e-04,      0.4480
 439,   1.462e-02,  -8.550e-02,  -3.703e-03,      -0.102,       0.000,      -0.995,   3.714e-04,      0.6542
 440,   5.725e-03,  -8.550e-02,  -2.343e-03,      -0.228,       0.000,      -0.974,   2.369e-04,      0.9626
 441,   1.144e-03,  -8.550e-02,  -7.216e-04,      -0.577,       0.000,      -0.817,   9.601e-05,      0.1458
 442,   1.144e-03,  -8.550e-02,   1.487e-03,      -0.767,       0.000,       0.642,   1.221e-04,     -5.2529
 443,   5.725e-03,  -8.550e-02,   4.460e-03,      -0.421,       0.000,       0.907,   2.542e-04,     -2.6806
 444,   1.462e-02,  -8.550e-02,   7.393e-03,      -0.239,       0.000,       0.971,   3.805e-04,     -1.7993
 445,   2.732e-02,  -8.550e-02,   9.671e-03,      -0.128,       0.000,       0.992,   4.909e-04,     -1.3485
 446,   4.307e-02,  -8.550e-02,   1.103e-02,      -0.050,       0.000,       0.999,   5.767e-04,     -1.0538
 447,   6.097e-02,  -8.550e-02,   1.133e-02,       0.014,       0.000,       1.000,   6.316e-04,     -0.8315
 448,   7.997e-02,  -8.550e-02,   1.049e-02,       0.073,       0.000,       0.997,   6.522e-04,     -0.6218
 449,   9.897e-02,  -8.550e-02,   8.692e-03,       0.117,       0.000,       0.993,   6.359e-04,     -0.4139
 450,   1.169e-01,  -8.550e-02,   6.363e-03,       0.143,       0.000,       0.990,   5.819e-04,     -0.2252
 451,   1.326e-01,  -8.550e-02,   4.010e-03,       0.154,       0.000,       0.988,   4.927e-04,     -0.0606
 452,   1.453e-01,  -8.550e-02,   2.079e-03,       0.146,       0.000,       0.989,   3.735e-04,      0.0756
 453,   1.542e-01,  -8.550e-02,   8.574e-04,       0.120,       0.000,       0.993,   2.323e-04,      0.1828
 454,   1.588e-01,  -8.550e-02,   3.496e-04,       0.082,       0.000,       0.997,   7.867e-05,      0.2336
Strip 18
 455,   1.588e-01,  -5.154e-02,   2.322e-04,       0.019,       0.000,      -1.000,   7.951e-05,      0.2529
 456,   1.542e-01,  -5.154e-02,   3.273e-05,       0.052,       0.000,      -0.999,   2.342e-04,      0.2326
 457,   1.453e-01,  -5.154e-02,  -5.423e-04,       0.072,       0.000,      -0.997,   3.756e-04,      0.2041
 458,   1.326e-01,  -5.154e-02,  -1.498e-03,       0.077,       0.000,      -0.997,   4.951e-04,      0.1733
 459,   1.169e-01,  -5.154e-02,  -2.661e-03,       0.071,       0.000,      -0.998,   5.854e-04,      0.1538
 460,   9.897e-02,  -5.154e-02,  -3.769e-03,       0.054,       0.000,      -0.999,   6.413e-04,      0.1558
 461,   7.997e-02,  -5.154e-02,  -4.587e-03,       0.033,       0.000,      -0.999,   6.598e-04,      0.1855
 462,   6.097e-02,  -5.154e-02,  -5.007e-03,       0.011,       0.000,      -1.000,   6.404e-04,      0.2417
 463,   4.307e-02,  -5.154e-02,  -5.009e-03,      -0.012,       0.000,      -1.000,   5.840e-04,      0.3258
 464,   2.732e-02,  -5.154e-02,  -4.585e-03,      -0.044,       0.000,      -0.999,   4.941e-04,      0.4518
 465,   1.462e-02,  -5.154e-02,  -3.703e-03,      -0.102,       0.000,      -0.995,   3.766e-04,      0.6583
 466,   5.725e-03,  -5.154e-02,  -2.343e-03,      -0.228,       0.000,      -0.974,   2.402e-04,      0.9648
 467,   1.144e-03,  -5.154e-02,  -7.216e-04,      -0.577,       0.000,      -0.817,   9.734e-05,      0.1224
 468,   1.144e-03,  -5.154e-02,   1.487e-03,      -0.767,       0.000,       0.642,   1.238e-04,     -5.3179
 469,   5.725e-03,  -5.154e-02,   4.460e-03,      -0.421,       0.000,       0.907,   2.578e-04,     -2.7042
 470,   1.462e-02,  -5.154e-02,   7.393e-03,      -0.239,       0.000,       0.971,   3.858e-04,     -1.8122
 471,   2.732e-02,  -5.154e-02,   9.671e-03,      -0.128,       0.000,       0.992,   4.977e-04,     -1.3572
 472,   4.307e-02,  -5.154e-02,   1.103e-02,      -0.050,       0.000,       0.999,   5.847e-04,     -1.0603
 473,   6.097e-02,  -5.154e-02,   1.133e-02,       0.014,       0.000,       1.000,   6.404e-04,     -0.8366
 474,   7.997e-02,  -5.154e-02,   1.049e-02,       0.073,       0.000,       0.997,   6.613e-04,     -0.6257
 475,   9.897e-02,  -5.154e-02,   8.692e-03,       0.117,       0.000,       0.993,   6.447e-04,     -0.4168
 476,   1.169e-01,  -5.154e-02,   6.363e-03,       0.143,       0.000,       0.990,   5.900e-04,     -0.2273
 477,   1.326e-01,  -5.154e-02,   4.010e-03,       0.154,       0.000,       0.988,   4.996e-04,     -0.0619
 478,   1.453e-01,  -5.154e-02,   2.079e-03,       0.146,       0.000,       0.989,   3.787e-04,      0.0748
 479,   1.542e-01,  -5.154e-02,   8.574e-04,       0.120,       0.000,       0.993,   2.356e-04,      0.1825
 480,   1.588e-01,  -5.154e-02,   3.496e-04,       0.082,       0.000,       0.997,   7.976e-05,      0.2335
Strip 19
 481,   1.588e-01,  -1.722e-02,   2.322e-04,       0.019,       0.000,      -1.000,   8.005e-05,      0.2530
 482,   1.542e-01,  -1.722e-02,   3.273e-05,       0.052,       0.000,      -0.999,   2.358e-04,      0.2328
 483,   1.453e-01,  -1.722e-02,  -5.423e-04,       0.072,       0.000,      -0.997,   3.782e-04,      0.2045
 484,   1.326e-01,  -1.722e-02,  -1.498e-03,       0.077,       0.000,      -0.997,   4.985e-04,      0.1739
 485,   1.169e-01,  -1.722e-02,  -2.661e-03,       0.071,       0.000,      -0.998,   5.894e-04,      0.1545
 486,   9.897e-02,  -1.722e-02,  -3.769e-03,       0.054,       0.000,      -0.999,   6.457e-04,      0.1568
 487,   7.997e-02,  -1.722e-02,  -4.587e-03,       0.033,       0.000,      -0.999,   6.644e-04,      0.1867
 488,   6.097e-02,  -1.722e-02,  -5.007e-03,       0.011,       0.000,      -1.000,   6.448e-04,      0.2431
 489,   4.307e-02,  -1.722e-02,  -5.009e-03,      -0.012,       0.000,      -1.000,   5.880e-04,      0.3274
 490,   2.732e-02,  -1.722e-02,  -4.585e-03,      -0.044,       0.000,      -0.999,   4.975e-04,      0.4536
 491,   1.462e-02,  -1.722e-02,  -3.703e-03,      -0.102,       0.000,      -0.995,   3.792e-04,      0.6604
 492,   5.725e-03,  -1.722e-02,  -2.343e-03,      -0.228,       0.000,      -0.974,   2.418e-04,      0.9659
 493,   1.144e-03,  -1.722e-02,  -7.216e-04,      -0.577,       0.000,      -0.817,   9.801e-05,      0.1106
 494,   1.144e-03,  -1.722e-02,   1.487e-03,      -0.767,       0.000,       0.642,   1.247e-04,     -5.3503
 495,   5.725e-03,  -1.722e-02,   4.460e-03,      -0.421,       0.000,       0.907,   2.595e-04,     -2.7159
 496,   1.462e-02,  -1.722e-02,   7.393e-03,      -0.239,       0.000,       0.971,   3.885e-04,     -1.8186
 497,   2.732e-02,  -1.722e-02,   9.671e-03,      -0.128,       0.000,       0.992,   5.011e-04,     -1.3616
 498,   4.307e-02,  -1.722e-02,   1.103e-02,      -0.050,       0.000,       0.999,   5.887e-04,     -1.0636
 499,   6.097e-02,  -1.722e-02,   1.133e-02,       0.014,       0.000,       1.000,   6.448e-04,     -0.8391
 500,   7.997e-02,  -1.722e-02,   1.049e-02,       0.073,       0.000,       0.997,   6.658e-04,     -0.6277
 501,   9.897e-02,  -1.722e-02,   8.692e-03,       0.117,      -0.000,       0.993,   6.492e-04,     -0.4182
 502,   1.169e-01,  -1.722e-02,   6.363e-03,       0.143,      -0.000,       0.990,   5.940e-04,     -0.2283
 503,   1.326e-01,  -1.722e-02,   4.010e-03,       0.154,       0.000,       0.988,   5.030e-04,     -0.0626
 504,   1.453e-01,  -1.722e-02,   2.079e-03,       0.146,       0.000,       0.989,   3.813e-04,      0.0744
 505,   1.542e-01,  -1.722e-02,   8.574e-04,       0.120,       0.000,       0.993,   2.372e-04,      0.1823
 506,   1.588e-01,  -1.722e-02,   3.496e-04,       0.082,       0.000,       0.997,   8.031e-05,      0.2335
Strip 20
 507,   1.588e-01,   1.722e-02,   2.322e-04,       0.019,       0.000,      -1.000,   8.005e-05,      0.2530
 508,   1.542e-01,   1.722e-02,   3.273e-05,       0.052,       0.000,      -0.999,   2.358e-04,      0.2328
 509,   1.453e-01,   1.722e-02,  -5.423e-04,       0.072,       0.000,      -0.997,   3.782e-04,      0.2045
 510,   1.326e-01,   1.722e-02,  -1.498e-03,       0.077,       0.000,      -0.997,   4.985e-04,      0.1739
 511,   1.169e-01,   1.722e-02,  -2.661e-03,       0.071,       0.000,      -0.998,   5.894e-04,      0.1545
 512,   9.897e-02,   1.722e-02,  -3.769e-03,       0.054,       0.000,      -0.999,   6.457e-04,      0.1568
 513,   7.997e-02,   1.722e-02,  -4.587e-03,       0.033,       0.000,      -0.999,   6.644e-04,      0.1867
 514,   6.097e-02,   1.722e-02,  -5.007e-03,       0.011,       0.000,      -1.000,   6.448e-04,      0.2431
 515,   4.307e-02,   1.722e-02,  -5.009e-03,      -0.012,       0.000,      -1.000,   5.880e-04,      0.3274
 516,   2.732e-02,   1.722e-02,  -4.585e-03,      -0.044,       0.000,      -0.999,   4.975e-04,      0.4536
 517,   1.462e-02,   1.722e-02,  -3.703e-03,      -0.102,       0.000,      -0.995,   3.792e-04,      0.6604
 518,   5.725e-03,   1.722e-02,  -2.343e-03,      -0.228,       0.000,      -0.974,   2.418e-04,      0.9659
 519,   1.144e-03,   1.722e-02,  -7.216e-04,      -0.577,       0.000,      -0.817,   9.801e-05,      0.1106
 520,   1.144e-03,   1.722e-02,   1.487e-03,      -0.767,       0.000,       0.642,   1.247e-04,     -5.3503
 521,   5.725e-03,   1.722e-02,   4.460e-03,      -0.421,       0.000,       0.907,   2.595e-04,     -2.7159
 522,   1.462e-02,   1.722e-02,   7.393e-03,      -0.239,       0.000,       0.971,   3.885e-04,     -1.8186
 523,   2.732e-02,   1.722e-02,   9.671e-03,      -0.128,       0.000,       0.992,   5.011e-04,     -1.3616
 524,   4.307e-02,   1.722e-02,   1.103e-02,      -0.050,       0.000,       0.999,   5.887e-04,     -1.0636
 525,   6.097e-02,   1.722e-02,   1.133e-02,       0.014,       0.000,       1.000,   6.448e-04,     -0.8391
 526,   7.997e-02,   1.722e-02,   1.049e-02,       0.073,       0.000,       0.997,   6.658e-04,     -0.6277
 527,   9.897e-02,   1.722e-02,   8.692e-03,       0.117,       0.000,       0.993,   6.492e-04,     -0.4182
 528,   1.169e-01,   1.722e-02,   6.363e-03,       0.143,       0.000,       0.990,   5.940e-04,     -0.2283
 529,   1.326e-01,   1.722e-02,   4.010e-03,       0.154,       0.000,       0.988,   5.030e-04,     -0.0626
 530,   1.453e-01,   1.722e-02,   2.079e-03,       0.146,       0.000,       0.989,   3.813e-04,      0.0744
 531,   1.542e-01,   1.722e-02,   8.574e-04,       0.120,       0.000,       0.993,   2.372e-04,      0.1823
 532,   1.588e-01,   1.722e-02,   3.496e-04,       0.082,       0.000,       0.997,   8.031e-05,      0.2335
Strip 21
 533,   1.588e-01,   5.154e-02,   2.322e-04,       0.019,       0.000,      -1.000,   7.951e-05,      0.2529
 534,   1.542e-01,   5.154e-02,   3.273e-05,       0.052,       0.000,      -0.999,   2.342e-04,      0.2326
 535,   1.453e-01,   5.154e-02,  -5.423e-04,       0.072,       0.000,      -0.997,   3.756e-04,      0.2041
 536,   1.326e-01,   5.154e-02,  -1.498e-03,       0.077,       0.000,      -0.997,   4.951e-04,      0.1733
 537,   1.169e-01,   5.154e-02,  -2.661e-03,       0.071,       0.000,      -0.998,   5.854e-04,      0.1538
 538,   9.897e-02,   5.154e-02,  -3.769e-03,       0.054,       0.000,      -0.999,   6.413e-04,      0.1558
 539,   7.997e-02,   5.154e-02,  -4.587e-03,       0.033,       0.000,      -0.999,   6.598e-04,      0.1855
 540,   6.097e-02,   5.154e-02,  -5.007e-03,       0.011,       0.000,      -1.000,   6.404e-04,      0.2417
 541,   4.307e-02,   5.154e-02,  -5.009e-03,      -0.012,       0.000,      -1.000,   5.840e-04,      0.3258
 542,   2.732e-02,   5.154e-02,  -4.585e-03,      -0.044,       0.000,      -0.999,   4.941e-04,      0.4518
 543,   1.462e-02,   5.154e-02,  -3.703e-03,      -0.102,      -0.000,      -0.995,   3.766e-04,      0.6583
 544,   5.725e-03,   5.154e-02,  -2.343e-03,      -0.228,      -0.000,      -0.974,   2.402e-04,      0.9648
 545,   1.144e-03,   5.154e-02,  -7.216e-04,      -0.577,      -0.000,      -0.817,   9.734e-05,      0.1224
 546,   1.144e-03,   5.154e-02,   1.487e-03,      -0.767,       0.000,       0.642,   1.238e-04,     -5.3179
 547,   5.725e-03,   5.154e-02,   4.460e-03,      -0.421,       0.000,       0.907,   2.578e-04,     -2.7042
 548,   1.462e-02,   5.154e-02,   7.393e-03,      -0.239,      -0.000,       0.971,   3.858e-04,     -1.8122
 549,   2.732e-02,   5.154e-02,   9.671e-03,      -0.128,      -0.000,       0.992,   4.977e-04,     -1.3572
 550,   4.307e-02,   5.154e-02,   1.103e-02,      -0.050,       0.000,       0.999,   5.847e-04,     -1.0603
 551,   6.097e-02,   5.154e-02,   1.133e-02,       0.014,       0.000,       1.000,   6.404e-04,     -0.8366
 552,   7.997e-02,   5.154e-02,   1.049e-02,       0.073,       0.000,       0.997,   6.613e-04,     -0.6257
 553,   9.897e-02,   5.154e-02,   8.692e-03,       0.117,       0.000,       0.993,   6.447e-04,     -0.4168
 554,   1.169e-01,   5.154e-02,   6.363e-03,       0.143,       0.000,       0.990,   5.900e-04,     -0.2273
 555,   1.326e-01,   5.154e-02,   4.010e-03,       0.154,       0.000,       0.988,   4.996e-04,     -0.0619
 556,   1.453e-01,   5.154e-02,   2.079e-03,       0.146,       0.000,       0.989,   3.787e-04,      0.0748
 557,   1.542e-01,   5.154e-02,   8.574e-04,       0.120,       0.000,       0.993,   2.356e-04,      0.1825
 558,   1.588e-01,   5.154e-02,   3.496e-04,       0.082,       0.000,       0.997,   7.976e-05,      0.2335
Strip 22
 559,   1.588e-01,   8.550e-02,   2.322e-04,       0.019,      -0.000,      -1.000,   7.842e-05,      0.2527
 560,   1.542e-01,   8.550e-02,   3.273e-05,       0.052,       0.000,      -0.999,   2.310e-04,      0.2322
 561,   1.453e-01,   8.550e-02,  -5.423e-04,       0.072,       0.000,      -0.997,   3.705e-04,      0.2034
 562,   1.326e-01,   8.550e-02,  -1.498e-03,       0.077,       0.000,      -0.997,   4.883e-04,      0.1722
 563,   1.169e-01,   8.550e-02,  -2.661e-03,       0.071,      -0.000,      -0.998,   5.774e-04,      0.1522
 564,   9.897e-02,   8.550e-02,  -3.769e-03,       0.054,      -0.000,      -0.999,   6.325e-04,      0.1538
 565,   7.997e-02,   8.550e-02,  -4.587e-03,       0.033,      -0.000,      -0.999,   6.508e-04,      0.1831
 566,   6.097e-02,   8.550e-02,  -5.007e-03,       0.011,      -0.000,      -1.000,   6.316e-04,      0.2389
 567,   4.307e-02,   8.550e-02,  -5.009e-03,      -0.012,      -0.000,      -1.000,   5.760e-04,      0.3225
 568,   2.732e-02,   8.550e-02,  -4.585e-03,      -0.044,      -0.000,      -0.999,   4.874e-04,      0.4480
 569,   1.462e-02,   8.550e-02,  -3.703e-03,      -0.102,       0.000,      -0.995,   3.714e-04,      0.6542
 570,   5.725e-03,   8.550e-02,  -2.343e-03,      -0.228,       0.000,      -0.974,   2.369e-04,      0.9626
 571,   1.144e-03,   8.550e-02,  -7.216e-04,      -0.577,       0.000,      -0.817,   9.601e-05,      0.1458
 572,   1.144e-03,   8.550e-02,   1.487e-03,      -0.767,       0.000,       0.642,   1.221e-04,     -5.2529
 573,   5.725e-03,   8.550e-02,   4.460e-03,      -0.421,       0.000,       0.907,   2.542e-04,     -2.6806
 574,   1.462e-02,   8.550e-02,   7.393e-03,      -0.239,       0.000,       0.971,   3.805e-04,     -1.7993
 575,   2.732e-02,   8.550e-02,   9.671e-03,      -0.128,       0.000,       0.992,   4.909e-04,     -1.3485
 576,   4.307e-02,   8.550e-02,   1.103e-02,      -0.050,      -0.000,       0.999,   5.767e-04,     -1.0538
 577,   6.097e-02,   8.550e-02,   1.133e-02,       0.014,      -0.000,       1.000,   6.316e-04,     -0.8315
 578,   7.997e-02,   8.550e-02,   1.049e-02,       0.073,      -0.000,       0.997,   6.522e-04,     -0.6218
 579,   9.897e-02,   8.550e-02,   8.692e-03,       0.117,      -0.000,       0.993,   6.359e-04,     -0.4139
 580,   1.169e-01,   8.550e-02,   6.363e-03,       0.143,      -0.000,       0.990,   5.819e-04,     -0.2252
 581,   1.326e-01,   8.550e-02,   4.010e-03,       0.154,       0.000,       0.988,   4.927e-04,     -0.0606
 582,   1.453e-01,   8.550e-02,   2.079e-03,       0.146,      -0.000,       0.989,   3.735e-04,      0.0756
 583,   1.542e-01,   8.550e-02,   8.574e-04,       0.120,      -0.000,       0.993,   2.323e-04,      0.1828
 584,   1.588e-01,   8.550e-02,   3.496e-04,       0.082,      -0.000,       0.997,   7.867e-05,      0.2336
Strip 23
 585,   1.588e-01,   1.189e-01,   2.322e-04,       0.019,       0.000,      -1.000,   7.679e-05,      0.2524
 586,   1.542e-01,   1.189e-01,   3.273e-05,       0.052,       0.000,      -0.999,   2.262e-04,      0.2316
 587,   1.453e-01,   1.189e-01,  -5.423e-04,       0.072,       0.000,      -0.997,   3.628e-04,      0.2022
 588,   1.326e-01,   1.189e-01,  -1.498e-03,       0.077,       0.000,      -0.997,   4.782e-04,      0.1704
 589,   1.169e-01,   1.189e-01,  -2.661e-03,       0.071,      -0.000,      -0.998,   5.654e-04,      0.1498
 590,   9.897e-02,   1.189e-01,  -3.769e-03,       0.054,       0.000,      -0.999,   6.194e-04,      0.1507
 591,   7.997e-02,   1.189e-01,  -4.587e-03,       0.033,       0.000,      -0.999,   6.373e-04,      0.1794
 592,   6.097e-02,   1.189e-01,  -5.007e-03,       0.011,       0.000,      -1.000,   6.185e-04,      0.2345
 593,   4.307e-02,   1.189e-01,  -5.009e-03,      -0.012,       0.000,      -1.000,   5.640e-04,      0.3175
 594,   2.732e-02,   1.189e-01,  -4.585e-03,      -0.044,       0.000,      -0.999,   4.772e-04,      0.4423
 595,   1.462e-02,   1.189e-01,  -3.703e-03,      -0.102,       0.000,      -0.995,   3.637e-04,      0.6479
 596,   5.725e-03,   1.189e-01,  -2.343e-03,      -0.228,       0.000,      -0.974,   2.320e-04,      0.9590
 597,   1.144e-03,   1.189e-01,  -7.216e-04,      -0.577,       0.000,      -0.817,   9.402e-05,      0.1809
 598,   1.144e-03,   1.189e-01,   1.487e-03,      -0.767,       0.000,       0.642,   1.196e-04,     -5.1547
 599,   5.725e-03,   1.189e-01,   4.460e-03,      -0.421,       0.000,       0.907,   2.490e-04,     -2.6448
 600,   1.462e-02,   1.189e-01,   7.393e-03,      -0.239,       0.000,       0.971,   3.727e-04,     -1.7797
 601,   2.732e-02,   1.189e-01,   9.671e-03,      -0.128,       0.000,       0.992,   4.807e-04,     -1.3352
 602,   4.307e-02,   1.189e-01,   1.103e-02,      -0.050,       0.000,       0.999,   5.647e-04,     -1.0438
 603,   6.097e-02,   1.189e-01,   1.133e-02,       0.014,       0.000,       1.000,   6.185e-04,     -0.8236
 604,   7.997e-02,   1.189e-01,   1.049e-02,       0.073,       0.000,       0.997,   6.387e-04,     -0.6157
 605,   9.897e-02,   1.189e-01,   8.692e-03,       0.117,       0.000,       0.993,   6.227e-04,     -0.4094
 606,   1.169e-01,   1.189e-01,   6.363e-03,       0.143,      -0.000,       0.990,   5.698e-04,     -0.2221
 607,   1.326e-01,   1.189e-01,   4.010e-03,       0.154,       0.000,       0.988,   4.825e-04,     -0.0585
 608,   1.453e-01,   1.189e-01,   2.079e-03,       0.146,       0.000,       0.989,   3.658e-04,      0.0768
 609,   1.542e-01,   1.189e-01,   8.574e-04,       0.120,       0.000,       0.993,   2.275e-04,      0.1833
 610,   1.588e-01,   1.189e-01,   3.496e-04,       0.082,       0.000,       0.997,   7.703e-05,      0.2338
Strip 24
 611,   1.588e-01,   1.515e-01,   2.322e-04,       0.019,       0.000,      -1.000,   7.464e-05,      0.2519
 612,   1.542e-01,   1.515e-01,   3.273e-05,       0.052,       0.000,      -0.999,   2.198e-04,      0.2307
 613,   1.453e-01,   1.515e-01,  -5.423e-04,       0.072,       0.000,      -0.997,   3.526e-04,      0.2005
 614,   1.326e-01,   1.515e-01,  -1.498e-03,       0.077,       0.000,      -0.997,   4.648e-04,      0.1679
 615,   1.169e-01,   1.515e-01,  -2.661e-03,       0.071,       0.000,      -0.998,   5.496e-04,      0.1464
 616,   9.897e-02,   1.515e-01,  -3.769e-03,       0.054,       0.000,      -0.999,   6.020e-04,      0.1465
 617,   7.997e-02,   1.515e-01,  -4.587e-03,       0.033,       0.000,      -0.999,   6.195e-04,      0.1742
 618,   6.097e-02,   1.515e-01,  -5.007e-03,       0.011,       0.000,      -1.000,   6.012e-04,      0.2286
 619,   4.307e-02,   1.515e-01,  -5.009e-03,      -0.012,       0.000,      -1.000,   5.483e-04,      0.3107
 620,   2.732e-02,   1.515e-01,  -4.585e-03,      -0.044,       0.000,      -0.999,   4.639e-04,      0.4345
 621,   1.462e-02,   1.515e-01,  -3.703e-03,      -0.102,       0.000,      -0.995,   3.535e-04,      0.6392
 622,   5.725e-03,   1.515e-01,  -2.343e-03,      -0.228,       0.000,      -0.974,   2.255e-04,      0.9539
 623,   1.144e-03,   1.515e-01,  -7.216e-04,      -0.577,       0.000,      -0.817,   9.139e-05,      0.2273
 624,   1.144e-03,   1.515e-01,   1.487e-03,      -0.767,       0.000,       0.642,   1.162e-04,     -5.0227
 625,   5.725e-03,   1.515e-01,   4.460e-03,      -0.421,       0.000,       0.907,   2.420e-04,     -2.5964
 626,   1.462e-02,   1.515e-01,   7.393e-03,      -0.239,       0.000,       0.971,   3.622e-04,     -1.7531
 627,   2.732e-02,   1.515e-01,   9.671e-03,      -0.128,       0.000,       0.992,   4.672e-04,     -1.3170
 628,   4.307e-02,   1.515e-01,   1.103e-02,      -0.050,       0.000,       0.999,   5.489e-04,     -1.0301
 629,   6.097e-02,   1.515e-01,   1.133e-02,       0.014,       0.000,       1.000,   6.012e-04,     -0.8129
 630,   7.997e-02,   1.515e-01,   1.049e-02,       0.073,       0.000,       0.997,   6.208e-04,     -0.6074
 631,   9.897e-02,   1.515e-01,   8.692e-03,       0.117,       0.000,       0.993,   6.053e-04,     -0.4032
 632,   1.169e-01,   1.515e-01,   6.363e-03,       0.143,       0.000,       0.990,   5.539e-04,     -0.2177
 633,   1.326e-01,   1.515e-01,   4.010e-03,       0.154,       0.000,       0.988,   4.690e-04,     -0.0557
 634,   1.453e-01,   1.515e-01,   2.079e-03,       0.146,       0.000,       0.989,   3.555e-04,      0.0785
 635,   1.542e-01,   1.515e-01,   8.574e-04,       0.120,       0.000,       0.993,   2.211e-04,      0.1840
 636,   1.588e-01,   1.515e-01,   3.496e-04,       0.082,      -0.000,       0.997,   7.488e-05,      0.2340
Strip 25
 637,   1.588e-01,   1.830e-01,   2.322e-04,       0.019,       0.000,      -1.000,   7.198e-05,      0.2512
 638,   1.542e-01,   1.830e-01,   3.273e-05,       0.052,       0.000,      -0.999,   2.120e-04,      0.2294
 639,   1.453e-01,   1.830e-01,  -5.423e-04,       0.072,       0.000,      -0.997,   3.401e-04,      0.1983
 640,   1.326e-01,   1.830e-01,  -1.498e-03,       0.077,       0.000,      -0.997,   4.482e-04,      0.1647
 641,   1.169e-01,   1.830e-01,  -2.661e-03,       0.071,       0.000,      -0.998,   5.300e-04,      0.1420
 642,   9.897e-02,   1.830e-01,  -3.769e-03,       0.054,       0.000,      -0.999,   5.806e-04,      0.1409
 643,   7.997e-02,   1.830e-01,  -4.587e-03,       0.033,       0.000,      -0.999,   5.974e-04,      0.1675
 644,   6.097e-02,   1.830e-01,  -5.007e-03,       0.011,       0.000,      -1.000,   5.798e-04,      0.2207
 645,   4.307e-02,   1.830e-01,  -5.009e-03,      -0.012,       0.000,      -1.000,   5.287e-04,      0.3018
 646,   2.732e-02,   1.830e-01,  -4.585e-03,      -0.044,       0.000,      -0.999,   4.474e-04,      0.4243
 647,   1.462e-02,   1.830e-01,  -3.703e-03,      -0.102,       0.000,      -0.995,   3.409e-04,      0.6279
 648,   5.725e-03,   1.830e-01,  -2.343e-03,      -0.228,       0.000,      -0.974,   2.174e-04,      0.9469
 649,   1.144e-03,   1.830e-01,  -7.216e-04,      -0.577,       0.000,      -0.817,   8.813e-05,      0.2846
 650,   1.144e-03,   1.830e-01,   1.487e-03,      -0.767,       0.000,       0.642,   1.121e-04,     -4.8562
 651,   5.725e-03,   1.830e-01,   4.460e-03,      -0.421,       0.000,       0.907,   2.334e-04,     -2.5350
 652,   1.462e-02,   1.830e-01,   7.393e-03,      -0.239,       0.000,       0.971,   3.493e-04,     -1.7191
 653,   2.732e-02,   1.830e-01,   9.671e-03,      -0.128,       0.000,       0.992,   4.506e-04,     -1.2936
 654,   4.307e-02,   1.830e-01,   1.103e-02,      -0.050,       0.000,       0.999,   5.293e-04,     -1.0124
 655,   6.097e-02,   1.830e-01,   1.133e-02,       0.014,       0.000,       1.000,   5.798e-04,     -0.7989
 656,   7.997e-02,   1.830e-01,   1.049e-02,       0.073,       0.000,       0.997,   5.987e-04,     -0.5964
 657,   9.897e-02,   1.830e-01,   8.692e-03,       0.117,       0.000,       0.993,   5.837e-04,     -0.3950
 658,   1.169e-01,   1.830e-01,   6.363e-03,       0.143,       0.000,       0.990,   5.341e-04,     -0.2120
 659,   1.326e-01,   1.830e-01,   4.010e-03,       0.154,       0.000,       0.988,   4.523e-04,     -0.0520
 660,   1.453e-01,   1.830e-01,   2.079e-03,       0.146,       0.000,       0.989,   3.429e-04,      0.0805
 661,   1.542e-01,   1.830e-01,   8.574e-04,       0.120,       0.000,       0.993,   2.133e-04,      0.1849
 662,   1.588e-01,   1.830e-01,   3.496e-04,       0.082,       0.000,       0.997,   7.221e-05,      0.2341
Strip 26
 663,   1.588e-01,   2.133e-01,   2.322e-04,       0.019,       0.000,      -1.000,   6.883e-05,      0.2503
 664,   1.542e-01,   2.133e-01,   3.273e-05,       0.052,       0.000,      -0.999,   2.027e-04,      0.2277
 665,   1.453e-01,   2.133e-01,  -5.423e-04,       0.072,      -0.000,      -0.997,   3.252e-04,      0.1954
 666,   1.326e-01,   2.133e-01,  -1.498e-03,       0.077,       0.000,      -0.997,   4.286e-04,      0.1605
 667,   1.169e-01,   2.133e-01,  -2.661e-03,       0.071,       0.000,      -0.998,   5.068e-04,      0.1364
 668,   9.897e-02,   2.133e-01,  -3.769e-03,       0.054,       0.000,      -0.999,   5.551e-04,      0.1338
 669,   7.997e-02,   2.133e-01,  -4.587e-03,       0.033,       0.000,      -0.999,   5.712e-04,      0.1590
 670,   6.097e-02,   2.133e-01,  -5.007e-03,       0.011,       0.000,      -1.000,   5.544e-04,      0.2109
 671,   4.307e-02,   2.133e-01,  -5.009e-03,      -0.012,       0.000,      -1.000,   5.056e-04,      0.2906
 672,   2.732e-02,   2.133e-01,  -4.585e-03,      -0.044,       0.000,      -0.999,   4.278e-04,      0.4115
 673,   1.462e-02,   2.133e-01,  -3.703e-03,      -0.102,       0.000,      -0.995,   3.260e-04,      0.6137
 674,   5.725e-03,   2.133e-01,  -2.343e-03,      -0.228,       0.000,      -0.974,   2.079e-04,      0.9376
 675,   1.144e-03,   2.133e-01,  -7.216e-04,      -0.577,       0.000,      -0.817,   8.427e-05,      0.3520
 676,   1.144e-03,   2.133e-01,   1.487e-03,      -0.767,       0.000,       0.642,   1.072e-04,     -4.6546
 677,   5.725e-03,   2.133e-01,   4.460e-03,      -0.421,       0.000,       0.907,   2.231e-04,     -2.4601
 678,   1.462e-02,   2.133e-01,   7.393e-03,      -0.239,       0.000,       0.971,   3.340e-04,     -1.6772
 679,   2.732e-02,   2.133e-01,   9.671e-03,      -0.128,       0.000,       0.992,   4.309e-04,     -1.2647
 680,   4.307e-02,   2.133e-01,   1.103e-02,      -0.050,       0.000,       0.999,   5.062e-04,     -0.9902
 681,   6.097e-02,   2.133e-01,   1.133e-02,       0.014,       0.000,       1.000,   5.544e-04,     -0.7813
 682,   7.997e-02,   2.133e-01,   1.049e-02,       0.073,       0.000,       0.997,   5.724e-04,     -0.5827
 683,   9.897e-02,   2.133e-01,   8.692e-03,       0.117,      -0.000,       0.993,   5.581e-04,     -0.3848
 684,   1.169e-01,   2.133e-01,   6.363e-03,       0.143,      -0.000,       0.990,   5.108e-04,     -0.2049
 685,   1.326e-01,   2.133e-01,   4.010e-03,       0.154,       0.000,       0.988,   4.325e-04,     -0.0475
 686,   1.453e-01,   2.133e-01,   2.079e-03,       0.146,       0.000,       0.989,   3.278e-04,      0.0831
 687,   1.542e-01,   2.133e-01,   8.574e-04,       0.120,       0.000,       0.993,   2.039e-04,      0.1858
 688,   1.588e-01,   2.133e-01,   3.496e-04,       0.082,       0.000,       0.997,   6.905e-05,      0.2342
Strip 27
 689,   1.588e-01,   2.421e-01,   2.322e-04,       0.019,       0.000,      -1.000,   6.521e-05,      0.2489
 690,   1.542e-01,   2.421e-01,   3.273e-05,       0.052,       0.000,      -0.999,   1.921e-04,      0.2254
 691,   1.453e-01,   2.421e-01,  -5.423e-04,       0.072,       0.000,      -0.997,   3.081e-04,      0.1917
 692,   1.326e-01,   2.421e-01,  -1.498e-03,       0.077,       0.000,      -0.997,   4.061e-04,      0.1552
 693,   1.169e-01,   2.421e-01,  -2.661e-03,       0.071,       0.000,      -0.998,   4.801e-04,      0.1293
 694,   9.897e-02,   2.421e-01,  -3.769e-03,       0.054,       0.000,      -0.999,   5.259e-04,      0.1249
 695,   7.997e-02,   2.421e-01,  -4.587e-03,       0.033,       0.000,      -0.999,   5.412e-04,      0.1484
 696,   6.097e-02,   2.421e-01,  -5.007e-03,       0.011,       0.000,      -1.000,   5.252e-04,      0.1988
 697,   4.307e-02,   2.421e-01,  -5.009e-03,      -0.012,       0.000,      -1.000,   4.790e-04,      0.2768
 698,   2.732e-02,   2.421e-01,  -4.585e-03,      -0.044,       0.000,      -0.999,   4.053e-04,      0.3959
 699,   1.462e-02,   2.421e-01,  -3.703e-03,      -0.102,       0.000,      -0.995,   3.089e-04,      0.5963
 700,   5.725e-03,   2.421e-01,  -2.343e-03,      -0.228,       0.000,      -0.974,   1.970e-04,      0.9255
 701,   1.144e-03,   2.421e-01,  -7.216e-04,      -0.577,       0.000,      -0.817,   7.984e-05,      0.4283
 702,   1.144e-03,   2.421e-01,   1.487e-03,      -0.767,       0.000,       0.642,   1.015e-04,     -4.4180
 703,   5.725e-03,   2.421e-01,   4.460e-03,      -0.421,       0.000,       0.907,   2.114e-04,     -2.3711
 704,   1.462e-02,   2.421e-01,   7.393e-03,      -0.239,       0.000,       0.971,   3.164e-04,     -1.6271
 705,   2.732e-02,   2.421e-01,   9.671e-03,      -0.128,       0.000,       0.992,   4.082e-04,     -1.2296
 706,   4.307e-02,   2.421e-01,   1.103e-02,      -0.050,       0.000,       0.999,   4.795e-04,     -0.9632
 707,   6.097e-02,   2.421e-01,   1.133e-02,       0.014,       0.000,       1.000,   5.252e-04,     -0.7596
 708,   7.997e-02,   2.421e-01,   1.049e-02,       0.073,       0.000,       0.997,   5.423e-04,     -0.5657
 709,   9.897e-02,   2.421e-01,   8.692e-03,       0.117,       0.000,       0.993,   5.288e-04,     -0.3722
 710,   1.169e-01,   2.421e-01,   6.363e-03,       0.143,       0.000,       0.990,   4.839e-04,     -0.1962
 711,   1.326e-01,   2.421e-01,   4.010e-03,       0.154,       0.000,       0.988,   4.097e-04,     -0.0420
 712,   1.453e-01,   2.421e-01,   2.079e-03,       0.146,       0.000,       0.989,   3.106e-04,      0.0860
 713,   1.542e-01,   2.421e-01,   8.574e-04,       0.120,       0.000,       0.993,   1.932e-04,      0.1867
 714,   1.588e-01,   2.421e-01,   3.496e-04,       0.082,       0.000,       0.997,   6.541e-05,      0.2340
Strip 28
 715,   1.588e-01,   2.693e-01,   2.322e-04,       0.019,       0.000,      -1.000,   6.114e-05,      0.2469
 716,   1.542e-01,   2.693e-01,   3.273e-05,       0.052,       0.000,      -0.999,   1.801e-04,      0.2224
 717,   1.453e-01,   2.693e-01,  -5.423e-04,       0.072,       0.000,      -0.997,   2.888e-04,      0.1869
 718,   1.326e-01,   2.693e-01,  -1.498e-03,       0.077,       0.000,      -0.997,   3.807e-04,      0.1485
 719,   1.169e-01,   2.693e-01,  -2.661e-03,       0.071,      -0.000,      -0.998,   4.502e-04,      0.1206
 720,   9.897e-02,   2.693e-01,  -3.769e-03,       0.054,      -0.000,      -0.999,   4.931e-04,      0.1140
 721,   7.997e-02,   2.693e-01,  -4.587e-03,       0.033,       0.000,      -0.999,   5.074e-04,      0.1356
 722,   6.097e-02,   2.693e-01,  -5.007e-03,       0.011,       0.000,      -1.000,   4.924e-04,      0.1841
 723,   4.307e-02,   2.693e-01,  -5.009e-03,      -0.012,       0.000,      -1.000,   4.491e-04,      0.2602
 724,   2.732e-02,   2.693e-01,  -4.585e-03,      -0.044,       0.000,      -0.999,   3.800e-04,      0.3770
 725,   1.462e-02,   2.693e-01,  -3.703e-03,      -0.102,       0.000,      -0.995,   2.896e-04,      0.5751
 726,   5.725e-03,   2.693e-01,  -2.343e-03,      -0.228,       0.000,      -0.974,   1.847e-04,      0.9099
 727,   1.144e-03,   2.693e-01,  -7.216e-04,      -0.577,       0.000,      -0.817,   7.486e-05,      0.5117
 728,   1.144e-03,   2.693e-01,   1.487e-03,      -0.767,       0.000,       0.642,   9.520e-05,     -4.1468
 729,   5.725e-03,   2.693e-01,   4.460e-03,      -0.421,       0.000,       0.907,   1.982e-04,     -2.2679
 730,   1.462e-02,   2.693e-01,   7.393e-03,      -0.239,       0.000,       0.971,   2.967e-04,     -1.5682
 731,   2.732e-02,   2.693e-01,   9.671e-03,      -0.128,       0.000,       0.992,   3.827e-04,     -1.1879
 732,   4.307e-02,   2.693e-01,   1.103e-02,      -0.050,       0.000,       0.999,   4.496e-04,     -0.9307
 733,   6.097e-02,   2.693e-01,   1.133e-02,       0.014,       0.000,       1.000,   4.925e-04,     -0.7335
 734,   7.997e-02,   2.693e-01,   1.049e-02,       0.073,       0.000,       0.997,   5.085e-04,     -0.5451
 735,   9.897e-02,   2.693e-01,   8.692e-03,       0.117,      -0.000,       0.993,   4.958e-04,     -0.3569
 736,   1.169e-01,   2.693e-01,   6.363e-03,       0.143,      -0.000,       0.990,   4.537e-04,     -0.1857
 737,   1.326e-01,   2.693e-01,   4.010e-03,       0.154,       0.000,       0.988,   3.842e-04,     -0.0357
 738,   1.453e-01,   2.693e-01,   2.079e-03,       0.146,       0.000,       0.989,   2.912e-04,      0.0891
 739,   1.542e-01,   2.693e-01,   8.574e-04,       0.120,      -0.000,       0.993,   1.811e-04,      0.1874
 740,   1.588e-01,   2.693e-01,   3.496e-04,       0.082,      -0.000,       0.997,   6.133e-05,      0.2334
Strip 29
 741,   1.588e-01,   2.946e-01,   2.322e-04,       0.019,       0.000,      -1.000,   5.666e-05,      0.2438
 742,   1.542e-01,   2.946e-01,   3.273e-05,       0.052,       0.000,      -0.999,   1.669e-04,      0.2181
 743,   1.453e-01,   2.946e-01,  -5.423e-04,       0.072,       0.000,      -0.997,   2.677e-04,      0.1806
 744,   1.326e-01,   2.946e-01,  -1.498e-03,       0.077,       0.000,      -0.997,   3.528e-04,      0.1400
 745,   1.169e-01,   2.946e-01,  -2.661e-03,       0.071,       0.000,      -0.998,   4.172e-04,      0.1097
 746,   9.897e-02,   2.946e-01,  -3.769e-03,       0.054,       0.000,      -0.999,   4.569e-04,      0.1008
 747,   7.997e-02,   2.946e-01,  -4.587e-03,       0.033,       0.000,      -0.999,   4.702e-04,      0.1202
 748,   6.097e-02,   2.946e-01,  -5.007e-03,       0.011,       0.000,      -1.000,   4.563e-04,      0.1665
 749,   4.307e-02,   2.946e-01,  -5.009e-03,      -0.012,       0.000,      -1.000,   4.161e-04,      0.2403
 750,   2.732e-02,   2.946e-01,  -4.585e-03,      -0.044,       0.000,      -0.999,   3.521e-04,      0.3545
 751,   1.462e-02,   2.946e-01,  -3.703e-03,      -0.102,       0.000,      -0.995,   2.684e-04,      0.5498
 752,   5.725e-03,   2.946e-01,  -2.343e-03,      -0.228,       0.000,      -0.974,   1.711e-04,      0.8900
 753,   1.144e-03,   2.946e-01,  -7.216e-04,      -0.577,       0.000,      -0.817,   6.937e-05,      0.5997
 754,   1.144e-03,   2.946e-01,   1.487e-03,      -0.767,       0.000,       0.642,   8.822e-05,     -3.8427
 755,   5.725e-03,   2.946e-01,   4.460e-03,      -0.421,       0.000,       0.907,   1.837e-04,     -2.1503
 756,   1.462e-02,   2.946e-01,   7.393e-03,      -0.239,       0.000,       0.971,   2.749e-04,     -1.5001
 757,   2.732e-02,   2.946e-01,   9.671e-03,      -0.128,       0.000,       0.992,   3.547e-04,     -1.1391
 758,   4.307e-02,   2.946e-01,   1.103e-02,      -0.050,       0.000,       0.999,   4.166e-04,     -0.8922
 759,   6.097e-02,   2.946e-01,   1.133e-02,       0.014,       0.000,       1.000,   4.563e-04,     -0.7022
 760,   7.997e-02,   2.946e-01,   1.049e-02,       0.073,       0.000,       0.997,   4.712e-04,     -0.5205
 761,   9.897e-02,   2.946e-01,   8.692e-03,       0.117,       0.000,       0.993,   4.594e-04,     -0.3389
 762,   1.169e-01,   2.946e-01,   6.363e-03,       0.143,       0.000,       0.990,   4.204e-04,     -0.1737
 763,   1.326e-01,   2.946e-01,   4.010e-03,       0.154,       0.000,       0.988,   3.560e-04,     -0.0287
 764,   1.453e-01,   2.946e-01,   2.079e-03,       0.146,       0.000,       0.989,   2.699e-04,      0.0921
 765,   1.542e-01,   2.946e-01,   8.574e-04,       0.120,       0.000,       0.993,   1.679e-04,      0.1874
 766,   1.588e-01,   2.946e-01,   3.496e-04,       0.082,       0.000,       0.997,   5.683e-05,      0.2318
Strip 30
 767,   1.588e-01,   3.179e-01,   2.322e-04,       0.019,       0.000,      -1.000,   5.178e-05,      0.2392
 768,   1.542e-01,   3.179e-01,   3.273e-05,       0.052,       0.000,      -0.999,   1.525e-04,      0.2120
 769,   1.453e-01,   3.179e-01,  -5.423e-04,       0.072,       0.000,      -0.997,   2.446e-04,      0.1721
 770,   1.326e-01,   3.179e-01,  -1.498e-03,       0.077,       0.000,      -0.997,   3.225e-04,      0.1292
 771,   1.169e-01,   3.179e-01,  -2.661e-03,       0.071,      -0.000,      -0.998,   3.813e-04,      0.0963
 772,   9.897e-02,   3.179e-01,  -3.769e-03,       0.054,      -0.000,      -0.999,   4.177e-04,      0.0849
 773,   7.997e-02,   3.179e-01,  -4.587e-03,       0.033,       0.000,      -0.999,   4.298e-04,      0.1019
 774,   6.097e-02,   3.179e-01,  -5.007e-03,       0.011,       0.000,      -1.000,   4.171e-04,      0.1458
 775,   4.307e-02,   3.179e-01,  -5.009e-03,      -0.012,       0.000,      -1.000,   3.804e-04,      0.2169
 776,   2.732e-02,   3.179e-01,  -4.585e-03,      -0.044,       0.000,      -0.999,   3.218e-04,      0.3279
 777,   1.462e-02,   3.179e-01,  -3.703e-03,      -0.102,       0.000,      -0.995,   2.453e-04,      0.5197
 778,   5.725e-03,   3.179e-01,  -2.343e-03,      -0.228,       0.000,      -0.974,   1.564e-04,      0.8647
 779,   1.144e-03,   3.179e-01,  -7.216e-04,      -0.577,       0.000,      -0.817,   6.340e-05,      0.6890
 780,   1.144e-03,   3.179e-01,   1.487e-03,      -0.767,       0.000,       0.642,   8.063e-05,     -3.5083
 781,   5.725e-03,   3.179e-01,   4.460e-03,      -0.421,       0.000,       0.907,   1.679e-04,     -2.0186
 782,   1.462e-02,   3.179e-01,   7.393e-03,      -0.239,       0.000,       0.971,   2.513e-04,     -1.4225
 783,   2.732e-02,   3.179e-01,   9.671e-03,      -0.128,       0.000,       0.992,   3.242e-04,     -1.0825
 784,   4.307e-02,   3.179e-01,   1.103e-02,      -0.050,       0.000,       0.999,   3.808e-04,     -0.8470
 785,   6.097e-02,   3.179e-01,   1.133e-02,       0.014,       0.000,       1.000,   4.171e-04,     -0.6653
 786,   7.997e-02,   3.179e-01,   1.049e-02,       0.073,       0.000,       0.997,   4.307e-04,     -0.4915
 787,   9.897e-02,   3.179e-01,   8.692e-03,       0.117,      -0.000,       0.993,   4.199e-04,     -0.3179
 788,   1.169e-01,   3.179e-01,   6.363e-03,       0.143,      -0.000,       0.990,   3.843e-04,     -0.1602
 789,   1.326e-01,   3.179e-01,   4.010e-03,       0.154,      -0.000,       0.988,   3.254e-04,     -0.0216
 790,   1.453e-01,   3.179e-01,   2.079e-03,       0.146,       0.000,       0.989,   2.466e-04,      0.0943
 791,   1.542e-01,   3.179e-01,   8.574e-04,       0.120,       0.000,       0.993,   1.534e-04,      0.1859
 792,   1.588e-01,   3.179e-01,   3.496e-04,       0.082,       0.000,       0.997,   5.195e-05,      0.2284
Strip 31
 793,   1.588e-01,   3.391e-01,   2.322e-04,       0.019,       0.000,      -1.000,   4.656e-05,      0.2318
 794,   1.542e-01,   3.391e-01,   3.273e-05,       0.052,       0.000,      -0.999,   1.371e-04,      0.2029
 795,   1.453e-01,   3.391e-01,  -5.423e-04,       0.072,      -0.000,      -0.997,   2.200e-04,      0.1604
 796,   1.326e-01,   3.391e-01,  -1.498e-03,       0.077,       0.000,      -0.997,   2.899e-04,      0.1149
 797,   1.169e-01,   3.391e-01,  -2.661e-03,       0.071,       0.000,      -0.998,   3.428e-04,      0.0794
 798,   9.897e-02,   3.391e-01,  -3.769e-03,       0.054,       0.000,      -0.999,   3.755e-04,      0.0657
 799,   7.997e-02,   3.391e-01,  -4.587e-03,       0.033,       0.000,      -0.999,   3.864e-04,      0.0803
 800,   6.097e-02,   3.391e-01,  -5.007e-03,       0.011,       0.000,      -1.000,   3.750e-04,      0.1216
 801,   4.307e-02,   3.391e-01,  -5.009e-03,      -0.012,       0.000,      -1.000,   3.420e-04,      0.1896
 802,   2.732e-02,   3.391e-01,  -4.585e-03,      -0.044,      -0.000,      -0.999,   2.893e-04,      0.2967
 803,   1.462e-02,   3.391e-01,  -3.703e-03,      -0.102,      -0.000,      -0.995,   2.205e-04,      0.4842
 804,   5.725e-03,   3.391e-01,  -2.343e-03,      -0.228,       0.000,      -0.974,   1.406e-04,      0.8330
 805,   1.144e-03,   3.391e-01,  -7.216e-04,      -0.577,       0.000,      -0.817,   5.700e-05,      0.7757
 806,   1.144e-03,   3.391e-01,   1.487e-03,      -0.767,       0.000,       0.642,   7.249e-05,     -3.1478
 807,   5.725e-03,   3.391e-01,   4.460e-03,      -0.421,       0.000,       0.907,   1.509e-04,     -1.8735
 808,   1.462e-02,   3.391e-01,   7.393e-03,      -0.239,      -0.000,       0.971,   2.259e-04,     -1.3353
 809,   2.732e-02,   3.391e-01,   9.671e-03,      -0.128,      -0.000,       0.992,   2.914e-04,     -1.0177
 810,   4.307e-02,   3.391e-01,   1.103e-02,      -0.050,      -0.000,       0.999,   3.424e-04,     -0.7947
 811,   6.097e-02,   3.391e-01,   1.133e-02,       0.014,       0.000,       1.000,   3.750e-04,     -0.6225
 812,   7.997e-02,   3.391e-01,   1.049e-02,       0.073,       0.000,       0.997,   3.872e-04,     -0.4582
 813,   9.897e-02,   3.391e-01,   8.692e-03,       0.117,       0.000,       0.993,   3.775e-04,     -0.2945
 814,   1.169e-01,   3.391e-01,   6.363e-03,       0.143,       0.000,       0.990,   3.455e-04,     -0.1460
 815,   1.326e-01,   3.391e-01,   4.010e-03,       0.154,       0.000,       0.988,   2.925e-04,     -0.0154
 816,   1.453e-01,   3.391e-01,   2.079e-03,       0.146,       0.000,       0.989,   2.218e-04,      0.0944
 817,   1.542e-01,   3.391e-01,   8.574e-04,       0.120,       0.000,       0.993,   1.379e-04,      0.1816
 818,   1.588e-01,   3.391e-01,   3.496e-04,       0.082,      -0.000,       0.997,   4.670e-05,      0.2217
Strip 32
 819,   1.588e-01,   3.579e-01,   2.322e-04,       0.019,       0.000,      -1.000,   4.101e-05,      0.2195
 820,   1.542e-01,   3.579e-01,   3.273e-05,       0.052,       0.000,      -0.999,   1.208e-04,      0.1889
 821,   1.453e-01,   3.579e-01,  -5.423e-04,       0.072,       0.000,      -0.997,   1.938e-04,      0.1435
 822,   1.326e-01,   3.579e-01,  -1.498e-03,       0.077,       0.000,      -0.997,   2.554e-04,      0.0954
 823,   1.169e-01,   3.579e-01,  -2.661e-03,       0.071,       0.000,      -0.998,   3.020e-04,      0.0578
 824,   9.897e-02,   3.579e-01,  -3.769e-03,       0.054,       0.000,      -0.999,   3.308e-04,      0.0423
 825,   7.997e-02,   3.579e-01,  -4.587e-03,       0.033,       0.000,      -0.999,   3.404e-04,      0.0552
 826,   6.097e-02,   3.579e-01,  -5.007e-03,       0.011,       0.000,      -1.000,   3.303e-04,      0.0940
 827,   4.307e-02,   3.579e-01,  -5.009e-03,      -0.012,       0.000,      -1.000,   3.013e-04,      0.1581
 828,   2.732e-02,   3.579e-01,  -4.585e-03,      -0.044,       0.000,      -0.999,   2.549e-04,      0.2603
 829,   1.462e-02,   3.579e-01,  -3.703e-03,      -0.102,       0.000,      -0.995,   1.943e-04,      0.4422
 830,   5.725e-03,   3.579e-01,  -2.343e-03,      -0.228,       0.000,      -0.974,   1.239e-04,      0.7933
 831,   1.144e-03,   3.579e-01,  -7.216e-04,      -0.577,       0.000,      -0.817,   5.021e-05,      0.8550
 832,   1.144e-03,   3.579e-01,   1.487e-03,      -0.767,       0.000,       0.642,   6.386e-05,     -2.7663
 833,   5.725e-03,   3.579e-01,   4.460e-03,      -0.421,       0.000,       0.907,   1.330e-04,     -1.7163
 834,   1.462e-02,   3.579e-01,   7.393e-03,      -0.239,       0.000,       0.971,   1.990e-04,     -1.2384
 835,   2.732e-02,   3.579e-01,   9.671e-03,      -0.128,       0.000,       0.992,   2.567e-04,     -0.9442
 836,   4.307e-02,   3.579e-01,   1.103e-02,      -0.050,       0.000,       0.999,   3.016e-04,     -0.7348
 837,   6.097e-02,   3.579e-01,   1.133e-02,       0.014,       0.000,       1.000,   3.303e-04,     -0.5739
 838,   7.997e-02,   3.579e-01,   1.049e-02,       0.073,       0.000,       0.997,   3.411e-04,     -0.4213
 839,   9.897e-02,   3.579e-01,   8.692e-03,       0.117,       0.000,       0.993,   3.326e-04,     -0.2697
 840,   1.169e-01,   3.579e-01,   6.363e-03,       0.143,       0.000,       0.990,   3.043e-04,     -0.1329
 841,   1.326e-01,   3.579e-01,   4.010e-03,       0.154,       0.000,       0.988,   2.577e-04,     -0.0124
 842,   1.453e-01,   3.579e-01,   2.079e-03,       0.146,      -0.000,       0.989,   1.954e-04,      0.0897
 843,   1.542e-01,   3.579e-01,   8.574e-04,       0.120,      -0.000,       0.993,   1.215e-04,      0.1715
 844,   1.588e-01,   3.579e-01,   3.496e-04,       0.082,       0.000,       0.997,   4.114e-05,      0.2089
Strip 33
 845,   1.588e-01,   3.743e-01,   2.322e-04,       0.019,       0.000,      -1.000,   3.519e-05,      0.1985
 846,   1.542e-01,   3.743e-01,   3.273e-05,       0.052,      -0.000,      -0.999,   1.036e-04,      0.1658
 847,   1.453e-01,   3.743e-01,  -5.423e-04,       0.072,       0.000,      -0.997,   1.662e-04,      0.1175
 848,   1.326e-01,   3.743e-01,  -1.498e-03,       0.077,       0.000,      -0.997,   2.191e-04,      0.0673
 849,   1.169e-01,   3.743e-01,  -2.661e-03,       0.071,       0.000,      -0.998,   2.591e-04,      0.0289
 850,   9.897e-02,   3.743e-01,  -3.769e-03,       0.054,       0.000,      -0.999,   2.838e-04,      0.0134
 851,   7.997e-02,   3.743e-01,  -4.587e-03,       0.033,       0.000,      -0.999,   2.920e-04,      0.0259
 852,   6.097e-02,   3.743e-01,  -5.007e-03,       0.011,       0.000,      -1.000,   2.834e-04,      0.0625
 853,   4.307e-02,   3.743e-01,  -5.009e-03,      -0.012,       0.000,      -1.000,   2.585e-04,      0.1223
 854,   2.732e-02,   3.743e-01,  -4.585e-03,      -0.044,       0.000,      -0.999,   2.187e-04,      0.2179
 855,   1.462e-02,   3.743e-01,  -3.703e-03,      -0.102,       0.000,      -0.995,   1.667e-04,      0.3923
 856,   5.725e-03,   3.743e-01,  -2.343e-03,      -0.228,       0.000,      -0.974,   1.063e-04,      0.7435
 857,   1.144e-03,   3.743e-01,  -7.216e-04,      -0.577,       0.000,      -0.817,   4.308e-05,      0.9215
 858,   1.144e-03,   3.743e-01,   1.487e-03,      -0.767,       0.000,       0.642,   5.479e-05,     -2.3705
 859,   5.725e-03,   3.743e-01,   4.460e-03,      -0.421,       0.000,       0.907,   1.141e-04,     -1.5486
 860,   1.462e-02,   3.743e-01,   7.393e-03,      -0.239,       0.000,       0.971,   1.708e-04,     -1.1319
 861,   2.732e-02,   3.743e-01,   9.671e-03,      -0.128,       0.000,       0.992,   2.203e-04,     -0.8619
 862,   4.307e-02,   3.743e-01,   1.103e-02,      -0.050,       0.000,       0.999,   2.588e-04,     -0.6680
 863,   6.097e-02,   3.743e-01,   1.133e-02,       0.014,       0.000,       1.000,   2.834e-04,     -0.5210
 864,   7.997e-02,   3.743e-01,   1.049e-02,       0.073,      -0.000,       0.997,   2.927e-04,     -0.3828
 865,   9.897e-02,   3.743e-01,   8.692e-03,       0.117,      -0.000,       0.993,   2.854e-04,     -0.2464
 866,   1.169e-01,   3.743e-01,   6.363e-03,       0.143,       0.000,       0.990,   2.611e-04,     -0.1243
 867,   1.326e-01,   3.743e-01,   4.010e-03,       0.154,       0.000,       0.988,   2.211e-04,     -0.0167
 868,   1.453e-01,   3.743e-01,   2.079e-03,       0.146,       0.000,       0.989,   1.676e-04,      0.0754
 869,   1.542e-01,   3.743e-01,   8.574e-04,       0.120,       0.000,       0.993,   1.043e-04,      0.1505
 870,   1.588e-01,   3.743e-01,   3.496e-04,       0.082,       0.000,       0.997,   3.530e-05,      0.1846
Strip 34
 871,   1.588e-01,   3.881e-01,   2.322e-04,       0.019,       0.000,      -1.000,   2.913e-05,      0.1599
 872,   1.542e-01,   3.881e-01,   3.273e-05,       0.052,       0.000,      -0.999,   8.578e-05,      0.1250
 873,   1.453e-01,   3.881e-01,  -5.423e-04,       0.072,       0.000,      -0.997,   1.376e-04,      0.0740
 874,   1.326e-01,   3.881e-01,  -1.498e-03,       0.077,       0.000,      -0.997,   1.814e-04,      0.0237
 875,   1.169e-01,   3.881e-01,  -2.661e-03,       0.071,       0.000,      -0.998,   2.145e-04,     -0.0122
 876,   9.897e-02,   3.881e-01,  -3.769e-03,       0.054,       0.000,      -0.999,   2.349e-04,     -0.0242
 877,   7.997e-02,   3.881e-01,  -4.587e-03,       0.033,       0.000,      -0.999,   2.417e-04,     -0.0094
 878,   6.097e-02,   3.881e-01,  -5.007e-03,       0.011,       0.000,      -1.000,   2.346e-04,      0.0264
 879,   4.307e-02,   3.881e-01,  -5.009e-03,      -0.012,       0.000,      -1.000,   2.139e-04,      0.0816
 880,   2.732e-02,   3.881e-01,  -4.585e-03,      -0.044,       0.000,      -0.999,   1.810e-04,      0.1687
 881,   1.462e-02,   3.881e-01,  -3.703e-03,      -0.102,       0.000,      -0.995,   1.380e-04,      0.3324
 882,   5.725e-03,   3.881e-01,  -2.343e-03,      -0.228,       0.000,      -0.974,   8.798e-05,      0.6805
 883,   1.144e-03,   3.881e-01,  -7.216e-04,      -0.577,       0.000,      -0.817,   3.566e-05,      0.9690
 884,   1.144e-03,   3.881e-01,   1.487e-03,      -0.767,       0.000,       0.642,   4.535e-05,     -1.9680
 885,   5.725e-03,   3.881e-01,   4.460e-03,      -0.421,       0.000,       0.907,   9.442e-05,     -1.3725
 886,   1.462e-02,   3.881e-01,   7.393e-03,      -0.239,       0.000,       0.971,   1.413e-04,     -1.0157
 887,   2.732e-02,   3.881e-01,   9.671e-03,      -0.128,       0.000,       0.992,   1.823e-04,     -0.7712
 888,   4.307e-02,   3.881e-01,   1.103e-02,      -0.050,       0.000,       0.999,   2.142e-04,     -0.5964
 889,   6.097e-02,   3.881e-01,   1.133e-02,       0.014,       0.000,       1.000,   2.346e-04,     -0.4672
 890,   7.997e-02,   3.881e-01,   1.049e-02,       0.073,       0.000,       0.997,   2.422e-04,     -0.3474
 891,   9.897e-02,   3.881e-01,   8.692e-03,       0.117,       0.000,       0.993,   2.362e-04,     -0.2305
 892,   1.169e-01,   3.881e-01,   6.363e-03,       0.143,       0.000,       0.990,   2.161e-04,     -0.1276
 893,   1.326e-01,   3.881e-01,   4.010e-03,       0.154,       0.000,       0.988,   1.830e-04,     -0.0376
 894,   1.453e-01,   3.881e-01,   2.079e-03,       0.146,       0.000,       0.989,   1.387e-04,      0.0408
 895,   1.542e-01,   3.881e-01,   8.574e-04,       0.120,       0.000,       0.993,   8.629e-05,      0.1070
 896,   1.588e-01,   3.881e-01,   3.496e-04,       0.082,       0.000,       0.997,   2.922e-05,      0.1371
Strip 35
 897,   1.588e-01,   3.993e-01,   2.322e-04,       0.019,       0.000,      -1.000,   2.286e-05,      0.0800
 898,   1.542e-01,   3.993e-01,   3.273e-05,       0.052,       0.000,      -0.999,   6.734e-05,      0.0433
 899,   1.453e-01,   3.993e-01,  -5.423e-04,       0.072,       0.000,      -0.997,   1.080e-04,     -0.0074
 900,   1.326e-01,   3.993e-01,  -1.498e-03,       0.077,       0.000,      -0.997,   1.424e-04,     -0.0511
 901,   1.169e-01,   3.993e-01,  -2.661e-03,       0.071,       0.000,      -0.998,   1.683e-04,     -0.0756
 902,   9.897e-02,   3.993e-01,  -3.769e-03,       0.054,      -0.000,      -0.999,   1.844e-04,     -0.0763
 903,   7.997e-02,   3.993e-01,  -4.587e-03,       0.033,      -0.000,      -0.999,   1.897e-04,     -0.0542
 904,   6.097e-02,   3.993e-01,  -5.007e-03,       0.011,       0.000,      -1.000,   1.841e-04,     -0.0162
 905,   4.307e-02,   3.993e-01,  -5.009e-03,      -0.012,       0.000,      -1.000,   1.679e-04,      0.0353
 906,   2.732e-02,   3.993e-01,  -4.585e-03,      -0.044,       0.000,      -0.999,   1.421e-04,      0.1118
 907,   1.462e-02,   3.993e-01,  -3.703e-03,      -0.102,       0.000,      -0.995,   1.083e-04,      0.2590
 908,   5.725e-03,   3.993e-01,  -2.343e-03,      -0.228,       0.000,      -0.974,   6.906e-05,      0.5979
 909,   1.144e-03,   3.993e-01,  -7.216e-04,      -0.577,       0.000,      -0.817,   2.799e-05,      0.9894
 910,   1.144e-03,   3.993e-01,   1.487e-03,      -0.767,       0.000,       0.642,   3.560e-05,     -1.5674
 911,   5.725e-03,   3.993e-01,   4.460e-03,      -0.421,       0.000,       0.907,   7.412e-05,     -1.1904
 912,   1.462e-02,   3.993e-01,   7.393e-03,      -0.239,       0.000,       0.971,   1.109e-04,     -0.8902
 913,   2.732e-02,   3.993e-01,   9.671e-03,      -0.128,       0.000,       0.992,   1.431e-04,     -0.6747
 914,   4.307e-02,   3.993e-01,   1.103e-02,      -0.050,       0.000,       0.999,   1.681e-04,     -0.5251
 915,   6.097e-02,   3.993e-01,   1.133e-02,       0.014,       0.000,       1.000,   1.841e-04,     -0.4194
 916,   7.997e-02,   3.993e-01,   1.049e-02,       0.073,       0.000,       0.997,   1.901e-04,     -0.3237
 917,   9.897e-02,   3.993e-01,   8.692e-03,       0.117,       0.000,       0.993,   1.854e-04,     -0.2332
 918,   1.169e-01,   3.993e-01,   6.363e-03,       0.143,       0.000,       0.990,   1.696e-04,     -0.1586
 919,   1.326e-01,   3.993e-01,   4.010e-03,       0.154,       0.000,       0.988,   1.436e-04,     -0.0966
 920,   1.453e-01,   3.993e-01,   2.079e-03,       0.146,       0.000,       0.989,   1.089e-04,     -0.0412
 921,   1.542e-01,   3.993e-01,   8.574e-04,       0.120,       0.000,       0.993,   6.773e-05,      0.0112
 922,   1.588e-01,   3.993e-01,   3.496e-04,       0.082,       0.000,       0.997,   2.293e-05,      0.0361
Strip 36
 923,   1.588e-01,   4.078e-01,   2.322e-04,       0.019,       0.000,      -1.000,   1.644e-05,     -0.1287
 924,   1.542e-01,   4.078e-01,   3.273e-05,       0.052,      -0.000,      -0.999,   4.843e-05,     -0.1628
 925,   1.453e-01,   4.078e-01,  -5.423e-04,       0.072,      -0.000,      -0.997,   7.768e-05,     -0.1932
 926,   1.326e-01,   4.078e-01,  -1.498e-03,       0.077,       0.000,      -0.997,   1.024e-04,     -0.1958
 927,   1.169e-01,   4.078e-01,  -2.661e-03,       0.071,       0.000,      -0.998,   1.211e-04,     -0.1770
 928,   9.897e-02,   4.078e-01,  -3.769e-03,       0.054,       0.000,      -0.999,   1.326e-04,     -0.1479
 929,   7.997e-02,   4.078e-01,  -4.587e-03,       0.033,       0.000,      -0.999,   1.365e-04,     -0.1095
 930,   6.097e-02,   4.078e-01,  -5.007e-03,       0.011,       0.000,      -1.000,   1.324e-04,     -0.0653
 931,   4.307e-02,   4.078e-01,  -5.009e-03,      -0.012,       0.000,      -1.000,   1.208e-04,     -0.0158
 932,   2.732e-02,   4.078e-01,  -4.585e-03,      -0.044,       0.000,      -0.999,   1.022e-04,      0.0492
 933,   1.462e-02,   4.078e-01,  -3.703e-03,      -0.102,       0.000,      -0.995,   7.788e-05,      0.1702
 934,   5.725e-03,   4.078e-01,  -2.343e-03,      -0.228,       0.000,      -0.974,   4.967e-05,      0.4820
 935,   1.144e-03,   4.078e-01,  -7.216e-04,      -0.577,       0.000,      -0.817,   2.013e-05,      0.9680
 936,   1.144e-03,   4.078e-01,   1.487e-03,      -0.767,       0.000,       0.642,   2.560e-05,     -1.1803
 937,   5.725e-03,   4.078e-01,   4.460e-03,      -0.421,       0.000,       0.907,   5.331e-05,     -1.0055
 938,   1.462e-02,   4.078e-01,   7.393e-03,      -0.239,       0.000,       0.971,   7.979e-05,     -0.7587
 939,   2.732e-02,   4.078e-01,   9.671e-03,      -0.128,       0.000,       0.992,   1.029e-04,     -0.5795
 940,   4.307e-02,   4.078e-01,   1.103e-02,      -0.050,       0.000,       0.999,   1.209e-04,     -0.4620
 941,   6.097e-02,   4.078e-01,   1.133e-02,       0.014,       0.000,       1.000,   1.324e-04,     -0.3847
 942,   7.997e-02,   4.078e-01,   1.049e-02,       0.073,       0.000,       0.997,   1.367e-04,     -0.3197
 943,   9.897e-02,   4.078e-01,   8.692e-03,       0.117,      -0.000,       0.993,   1.333e-04,     -0.2674
 944,   1.169e-01,   4.078e-01,   6.363e-03,       0.143,      -0.000,       0.990,   1.220e-04,     -0.2441
 945,   1.326e-01,   4.078e-01,   4.010e-03,       0.154,       0.000,       0.988,   1.033e-04,     -0.2494
 946,   1.453e-01,   4.078e-01,   2.079e-03,       0.146,      -0.000,       0.989,   7.832e-05,     -0.2591
 947,   1.542e-01,   4.078e-01,   8.574e-04,       0.120,      -0.000,       0.993,   4.871e-05,     -0.2434
 948,   1.588e-01,   4.078e-01,   3.496e-04,       0.082,       0.000,       0.997,   1.649e-05,     -0.2270
Strip 37
 949,   1.588e-01,   4.134e-01,   2.322e-04,       0.019,       0.000,      -1.000,   9.911e-06,     -1.0451
 950,   1.542e-01,   4.134e-01,   3.273e-05,       0.052,       0.000,      -0.999,   2.919e-05,     -0.9767
 951,   1.453e-01,   4.134e-01,  -5.423e-04,       0.072,       0.000,      -0.997,   4.682e-05,     -0.6956
 952,   1.326e-01,   4.134e-01,  -1.498e-03,       0.077,       0.000,      -0.997,   6.172e-05,     -0.4446
 953,   1.169e-01,   4.134e-01,  -2.661e-03,       0.071,       0.000,      -0.998,   7.297e-05,     -0.3087
 954,   9.897e-02,   4.134e-01,  -3.769e-03,       0.054,       0.000,      -0.999,   7.993e-05,     -0.2289
 955,   7.997e-02,   4.134e-01,  -4.587e-03,       0.033,       0.000,      -0.999,   8.225e-05,     -0.1698
 956,   6.097e-02,   4.134e-01,  -5.007e-03,       0.011,       0.000,      -1.000,   7.982e-05,     -0.1197
 957,   4.307e-02,   4.134e-01,  -5.009e-03,      -0.012,       0.000,      -1.000,   7.279e-05,     -0.0728
 958,   2.732e-02,   4.134e-01,  -4.585e-03,      -0.044,       0.000,      -0.999,   6.159e-05,     -0.0191
 959,   1.462e-02,   4.134e-01,  -3.703e-03,      -0.102,       0.000,      -0.995,   4.694e-05,      0.0692
 960,   5.725e-03,   4.134e-01,  -2.343e-03,      -0.228,       0.000,      -0.974,   2.994e-05,      0.3081
 961,   1.144e-03,   4.134e-01,  -7.216e-04,      -0.577,       0.000,      -0.817,   1.213e-05,      0.8500
 962,   1.144e-03,   4.134e-01,   1.487e-03,      -0.767,       0.000,       0.642,   1.543e-05,     -0.8405
 963,   5.725e-03,   4.134e-01,   4.460e-03,      -0.421,       0.000,       0.907,   3.213e-05,     -0.8384
 964,   1.462e-02,   4.134e-01,   7.393e-03,      -0.239,       0.000,       0.971,   4.809e-05,     -0.6352
 965,   2.732e-02,   4.134e-01,   9.671e-03,      -0.128,       0.000,       0.992,   6.204e-05,     -0.4970
 966,   4.307e-02,   4.134e-01,   1.103e-02,      -0.050,       0.000,       0.999,   7.288e-05,     -0.4179
 967,   6.097e-02,   4.134e-01,   1.133e-02,       0.014,       0.000,       1.000,   7.982e-05,     -0.3757
 968,   7.997e-02,   4.134e-01,   1.049e-02,       0.073,       0.000,       0.997,   8.242e-05,     -0.3496
 969,   9.897e-02,   4.134e-01,   8.692e-03,       0.117,       0.000,       0.993,   8.036e-05,     -0.3439
 970,   1.169e-01,   4.134e-01,   6.363e-03,       0.143,       0.000,       0.990,   7.354e-05,     -0.3906
 971,   1.326e-01,   4.134e-01,   4.010e-03,       0.154,       0.000,       0.988,   6.227e-05,     -0.5499
 972,   1.453e-01,   4.134e-01,   2.079e-03,       0.146,       0.000,       0.989,   4.721e-05,     -0.8897
 973,   1.542e-01,   4.134e-01,   8.574e-04,       0.120,       0.000,       0.993,   2.936e-05,     -1.2503
 974,   1.588e-01,   4.134e-01,   3.496e-04,       0.082,       0.000,       0.997,   9.942e-06,     -1.3339
Strip 38
 975,   1.588e-01,   4.163e-01,   2.322e-04,       0.019,      -0.000,      -1.000,   3.311e-06,     -2.2670
 976,   1.542e-01,   4.163e-01,   3.273e-05,       0.052,       0.000,      -0.999,   9.752e-06,     -2.0581
 977,   1.453e-01,   4.163e-01,  -5.423e-04,       0.072,       0.000,      -0.997,   1.564e-05,     -1.3123
 978,   1.326e-01,   4.163e-01,  -1.498e-03,       0.077,       0.000,      -0.997,   2.062e-05,     -0.6879
 979,   1.169e-01,   4.163e-01,  -2.661e-03,       0.071,       0.000,      -0.998,   2.438e-05,     -0.4052
 980,   9.897e-02,   4.163e-01,  -3.769e-03,       0.054,       0.000,      -0.999,   2.670e-05,     -0.2792
 981,   7.997e-02,   4.163e-01,  -4.587e-03,       0.033,       0.000,      -0.999,   2.748e-05,     -0.2071
 982,   6.097e-02,   4.163e-01,  -5.007e-03,       0.011,       0.000,      -1.000,   2.667e-05,     -0.1553
 983,   4.307e-02,   4.163e-01,  -5.009e-03,      -0.012,       0.000,      -1.000,   2.432e-05,     -0.1111
 984,   2.732e-02,   4.163e-01,  -4.585e-03,      -0.044,       0.000,      -0.999,   2.058e-05,     -0.0636
 985,   1.462e-02,   4.163e-01,  -3.703e-03,      -0.102,       0.000,      -0.995,   1.568e-05,      0.0094
 986,   5.725e-03,   4.163e-01,  -2.343e-03,      -0.228,       0.000,      -0.974,   1.000e-05,      0.1900
 987,   1.144e-03,   4.163e-01,  -7.216e-04,      -0.577,       0.000,      -0.817,   4.054e-06,      0.6983
 988,   1.144e-03,   4.163e-01,   1.487e-03,      -0.767,       0.000,       0.642,   5.156e-06,     -0.5969
 989,   5.725e-03,   4.163e-01,   4.460e-03,      -0.421,       0.000,       0.907,   1.073e-05,     -0.7075
 990,   1.462e-02,   4.163e-01,   7.393e-03,      -0.239,       0.000,       0.971,   1.607e-05,     -0.5386
 991,   2.732e-02,   4.163e-01,   9.671e-03,      -0.128,       0.000,       0.992,   2.073e-05,     -0.4390
 992,   4.307e-02,   4.163e-01,   1.103e-02,      -0.050,       0.000,       0.999,   2.435e-05,     -0.3917
 993,   6.097e-02,   4.163e-01,   1.133e-02,       0.014,       0.000,       1.000,   2.667e-05,     -0.3771
 994,   7.997e-02,   4.163e-01,   1.049e-02,       0.073,       0.000,       0.997,   2.754e-05,     -0.3813
 995,   9.897e-02,   4.163e-01,   8.692e-03,       0.117,       0.000,       0.993,   2.685e-05,     -0.4090
 996,   1.169e-01,   4.163e-01,   6.363e-03,       0.143,       0.000,       0.990,   2.457e-05,     -0.5003
 997,   1.326e-01,   4.163e-01,   4.010e-03,       0.154,       0.000,       0.988,   2.080e-05,     -0.7731
 998,   1.453e-01,   4.163e-01,   2.079e-03,       0.146,       0.000,       0.989,   1.577e-05,     -1.4727
 999,   1.542e-01,   4.163e-01,   8.574e-04,       0.120,       0.000,       0.993,   9.810e-06,     -2.3993
1000,   1.588e-01,   4.163e-01,   3.496e-04,       0.082,      -0.000,       0.997,   3.322e-06,     -2.6721










