xflr5 v6.61

Test
T1-21.0 m/s-Panel-Inviscid
QInf  =,   21.000000 ,m/s
Alpha = ,  14.000000
Beta  = ,   0.000°
Phi   = ,   0.000°
Ctrl  = ,   0.000
CL    = ,   1.103954
Cy    = ,   0.000000
Cd=,   0.073628,ICd=,    0.073628,PCd=,    0.000000
Cl   = ,8.65658e-16
Cm   =,   -0.288644
ICn=,   -0.000000,PCn=,   -0.000000
XCP=,    0.040060, YCP=,   -0.000000, ZCP=,    0.005017 
XNP=,    0.000000
Bending =,    3.310197

Main Wing
  y-span,Chord,Ai,Cl,PCd,ICd,CmGeom,CmAirf@chord/4,XTrtop,XTrBot,XCP,BM
   -0.4163,   0.1600, -7.326, 0.163507, 0.000000, 0.021022,-0.108830,-0.027750, 0.0000, 0.0000, 0.3350, 0.0000
   -0.4134,   0.1600, -6.946, 0.280567, 0.000000, 0.034181,-0.113366,-0.018481, 0.0000, 0.0000, 0.2964, 0.0000
   -0.4078,   0.1600, -6.604, 0.401734, 0.000000, 0.046511,-0.099644, 0.009709, 0.0000, 0.0000, 0.2238, 0.0004
   -0.3993,   0.1600, -6.287, 0.517890, 0.000000, 0.057055,-0.115740, 0.017111, 0.0000, 0.0000, 0.2132, 0.0020
   -0.3881,   0.1600, -5.969, 0.626612, 0.000000, 0.065515,-0.142037, 0.016610, 0.0000, 0.0000, 0.2191, 0.0065
   -0.3743,   0.1600, -5.648, 0.726594, 0.000000, 0.071863,-0.170852, 0.013090, 0.0000, 0.0000, 0.2276, 0.0170
   -0.3579,   0.1600, -5.329, 0.817106, 0.000000, 0.076216,-0.198966, 0.008585, 0.0000, 0.0000, 0.2351, 0.0372
   -0.3391,   0.1600, -5.015, 0.897854, 0.000000, 0.078791,-0.224929, 0.004018, 0.0000, 0.0000, 0.2412, 0.0723
   -0.3179,   0.1600, -4.714, 0.968912, 0.000000, 0.079890,-0.248115,-0.000183, 0.0000, 0.0000, 0.2458, 0.1285
   -0.2946,   0.1600, -4.430, 1.030641, 0.000000, 0.079849,-0.268327,-0.003833, 0.0000, 0.0000, 0.2492, 0.2123
   -0.2693,   0.1600, -4.170, 1.083604, 0.000000, 0.079011,-0.285623,-0.006889, 0.0000, 0.0000, 0.2518, 0.3313
   -0.2421,   0.1600, -3.938, 1.128470, 0.000000, 0.077680,-0.300191,-0.009381, 0.0000, 0.0000, 0.2537, 0.4929
   -0.2133,   0.1600, -3.735, 1.165937, 0.000000, 0.076105,-0.312268,-0.011370, 0.0000, 0.0000, 0.2551, 0.7042
   -0.1830,   0.1600, -3.562, 1.196686, 0.000000, 0.074488,-0.322109,-0.012929, 0.0000, 0.0000, 0.2561, 0.9719
   -0.1515,   0.1600, -3.419, 1.221333, 0.000000, 0.072973,-0.329940,-0.014122, 0.0000, 0.0000, 0.2568, 1.3018
   -0.1189,   0.1600, -3.306, 1.240402, 0.000000, 0.071661,-0.335963,-0.015009, 0.0000, 0.0000, 0.2574, 1.6984
   -0.0855,   0.1600, -3.223, 1.254327, 0.000000, 0.070627,-0.340340,-0.015636, 0.0000, 0.0000, 0.2577, 2.1648
   -0.0515,   0.1600, -3.167, 1.263431, 0.000000, 0.069916,-0.343192,-0.016034, 0.0000, 0.0000, 0.2579, 2.7023
   -0.0172,   0.1600, -3.140, 1.267930, 0.000000, 0.069555,-0.344598,-0.016229, 0.0000, 0.0000, 0.2580, 3.3102
    0.0172,   0.1600, -3.140, 1.267930, 0.000000, 0.069555,-0.344598,-0.016229, 0.0000, 0.0000, 0.2580, 3.3102
    0.0515,   0.1600, -3.167, 1.263431, 0.000000, 0.069916,-0.343192,-0.016034, 0.0000, 0.0000, 0.2579, 2.7023
    0.0855,   0.1600, -3.223, 1.254327, 0.000000, 0.070627,-0.340340,-0.015636, 0.0000, 0.0000, 0.2577, 2.1648
    0.1189,   0.1600, -3.306, 1.240402, 0.000000, 0.071661,-0.335963,-0.015009, 0.0000, 0.0000, 0.2574, 1.6984
    0.1515,   0.1600, -3.419, 1.221333, 0.000000, 0.072973,-0.329940,-0.014122, 0.0000, 0.0000, 0.2568, 1.3018
    0.1830,   0.1600, -3.562, 1.196686, 0.000000, 0.074488,-0.322109,-0.012929, 0.0000, 0.0000, 0.2561, 0.9719
    0.2133,   0.1600, -3.735, 1.165937, 0.000000, 0.076105,-0.312268,-0.011370, 0.0000, 0.0000, 0.2551, 0.7042
    0.2421,   0.1600, -3.938, 1.128470, 0.000000, 0.077680,-0.300191,-0.009381, 0.0000, 0.0000, 0.2537, 0.4929
    0.2693,   0.1600, -4.170, 1.083604, 0.000000, 0.079011,-0.285623,-0.006889, 0.0000, 0.0000, 0.2518, 0.3313
    0.2946,   0.1600, -4.430, 1.030641, 0.000000, 0.079849,-0.268327,-0.003833, 0.0000, 0.0000, 0.2492, 0.2123
    0.3179,   0.1600, -4.714, 0.968912, 0.000000, 0.079890,-0.248115,-0.000183, 0.0000, 0.0000, 0.2458, 0.1285
    0.3391,   0.1600, -5.015, 0.897854, 0.000000, 0.078791,-0.224929, 0.004018, 0.0000, 0.0000, 0.2412, 0.0723
    0.3579,   0.1600, -5.329, 0.817106, 0.000000, 0.076216,-0.198966, 0.008585, 0.0000, 0.0000, 0.2351, 0.0372
    0.3743,   0.1600, -5.648, 0.726594, 0.000000, 0.071863,-0.170852, 0.013090, 0.0000, 0.0000, 0.2276, 0.0170
    0.3881,   0.1600, -5.969, 0.626612, 0.000000, 0.065515,-0.142037, 0.016610, 0.0000, 0.0000, 0.2191, 0.0065
    0.3993,   0.1600, -6.287, 0.517890, 0.000000, 0.057055,-0.115740, 0.017111, 0.0000, 0.0000, 0.2132, 0.0020
    0.4078,   0.1600, -6.604, 0.401734, 0.000000, 0.046511,-0.099644, 0.009709, 0.0000, 0.0000, 0.2238, 0.0004
    0.4134,   0.1600, -6.946, 0.280567, 0.000000, 0.034181,-0.113366,-0.018481, 0.0000, 0.0000, 0.2964, 0.0000
    0.4163,   0.1600, -7.326, 0.163507, 0.000000, 0.021022,-0.108830,-0.027750, 0.0000, 0.0000, 0.3350, 0.0000


Main Wing Cp Coefficients
Panel,CtrlPt.x,CtrlPt.y,CtrlPt.z,Nx,Ny,Nz,Area,Cp
Main WingCp Coefficients
Strip 1
  13,   1.588e-01,  -4.163e-01,   2.322e-04,       0.019,       0.000,      -1.000,   3.311e-06,     -3.5401
  14,   1.542e-01,  -4.163e-01,   3.273e-05,       0.052,       0.000,      -0.999,   9.752e-06,     -3.2071
  15,   1.453e-01,  -4.163e-01,  -5.423e-04,       0.072,       0.000,      -0.997,   1.564e-05,     -2.0304
  16,   1.326e-01,  -4.163e-01,  -1.498e-03,       0.077,       0.000,      -0.997,   2.062e-05,     -1.0519
  17,   1.169e-01,  -4.163e-01,  -2.661e-03,       0.071,       0.000,      -0.998,   2.438e-05,     -0.6066
  18,   9.897e-02,  -4.163e-01,  -3.769e-03,       0.054,       0.000,      -0.999,   2.670e-05,     -0.4073
  19,   7.997e-02,  -4.163e-01,  -4.587e-03,       0.033,       0.000,      -0.999,   2.748e-05,     -0.2955
  20,   6.097e-02,  -4.163e-01,  -5.007e-03,       0.011,       0.000,      -1.000,   2.667e-05,     -0.2173
  21,   4.307e-02,  -4.163e-01,  -5.009e-03,      -0.012,       0.000,      -1.000,   2.432e-05,     -0.1511
  22,   2.732e-02,  -4.163e-01,  -4.585e-03,      -0.044,       0.000,      -0.999,   2.058e-05,     -0.0798
  23,   1.462e-02,  -4.163e-01,  -3.703e-03,      -0.102,       0.000,      -0.995,   1.568e-05,      0.0254
  24,   5.725e-03,  -4.163e-01,  -2.343e-03,      -0.228,       0.000,      -0.974,   1.000e-05,      0.2549
  25,   1.144e-03,  -4.163e-01,  -7.216e-04,      -0.577,       0.000,      -0.817,   4.054e-06,      0.7398
  26,   1.144e-03,  -4.163e-01,   1.487e-03,      -0.767,       0.000,       0.642,   5.156e-06,     -1.0618
  27,   5.725e-03,  -4.163e-01,   4.460e-03,      -0.421,       0.000,       0.907,   1.073e-05,     -0.9111
  28,   1.462e-02,  -4.163e-01,   7.393e-03,      -0.239,       0.000,       0.971,   1.607e-05,     -0.6530
  29,   2.732e-02,  -4.163e-01,   9.671e-03,      -0.128,       0.000,       0.992,   2.073e-05,     -0.5278
  30,   4.307e-02,  -4.163e-01,   1.103e-02,      -0.050,       0.000,       0.999,   2.435e-05,     -0.4775
  31,   6.097e-02,  -4.163e-01,   1.133e-02,       0.014,       0.000,       1.000,   2.667e-05,     -0.4706
  32,   7.997e-02,  -4.163e-01,   1.049e-02,       0.073,       0.000,       0.997,   2.754e-05,     -0.4929
  33,   9.897e-02,  -4.163e-01,   8.692e-03,       0.117,       0.000,       0.993,   2.685e-05,     -0.5553
  34,   1.169e-01,  -4.163e-01,   6.363e-03,       0.143,       0.000,       0.990,   2.457e-05,     -0.7165
  35,   1.326e-01,  -4.163e-01,   4.010e-03,       0.154,       0.000,       0.988,   2.080e-05,     -1.1536
  36,   1.453e-01,  -4.163e-01,   2.079e-03,       0.146,       0.000,       0.989,   1.577e-05,     -2.2294
  37,   1.542e-01,  -4.163e-01,   8.574e-04,       0.120,       0.000,       0.993,   9.810e-06,     -3.6363
  38,   1.588e-01,  -4.163e-01,   3.496e-04,       0.082,       0.000,       0.997,   3.322e-06,     -4.0620
Strip 2
  39,   1.588e-01,  -4.134e-01,   2.322e-04,       0.019,       0.000,      -1.000,   9.911e-06,     -1.6934
  40,   1.542e-01,  -4.134e-01,   3.273e-05,       0.052,       0.000,      -0.999,   2.919e-05,     -1.5741
  41,   1.453e-01,  -4.134e-01,  -5.423e-04,       0.072,       0.000,      -0.997,   4.682e-05,     -1.1106
  42,   1.326e-01,  -4.134e-01,  -1.498e-03,       0.077,       0.000,      -0.997,   6.172e-05,     -0.6919
  43,   1.169e-01,  -4.134e-01,  -2.661e-03,       0.071,       0.000,      -0.998,   7.297e-05,     -0.4602
  44,   9.897e-02,  -4.134e-01,  -3.769e-03,       0.054,       0.000,      -0.999,   7.993e-05,     -0.3262
  45,   7.997e-02,  -4.134e-01,  -4.587e-03,       0.033,       0.000,      -0.999,   8.225e-05,     -0.2329
  46,   6.097e-02,  -4.134e-01,  -5.007e-03,       0.011,       0.000,      -1.000,   7.982e-05,     -0.1579
  47,   4.307e-02,  -4.134e-01,  -5.009e-03,      -0.012,       0.000,      -1.000,   7.279e-05,     -0.0883
  48,   2.732e-02,  -4.134e-01,  -4.585e-03,      -0.044,       0.000,      -0.999,   6.159e-05,     -0.0086
  49,   1.462e-02,  -4.134e-01,  -3.703e-03,      -0.102,       0.000,      -0.995,   4.694e-05,      0.1168
  50,   5.725e-03,  -4.134e-01,  -2.343e-03,      -0.228,       0.000,      -0.974,   2.994e-05,      0.4113
  51,   1.144e-03,  -4.134e-01,  -7.216e-04,      -0.577,       0.000,      -0.817,   1.213e-05,      0.8761
  52,   1.144e-03,  -4.134e-01,   1.487e-03,      -0.767,       0.000,       0.642,   1.543e-05,     -1.4888
  53,   5.725e-03,  -4.134e-01,   4.460e-03,      -0.421,       0.000,       0.907,   3.213e-05,     -1.0872
  54,   1.462e-02,  -4.134e-01,   7.393e-03,      -0.239,       0.000,       0.971,   4.809e-05,     -0.7616
  55,   2.732e-02,  -4.134e-01,   9.671e-03,      -0.128,       0.000,       0.992,   6.204e-05,     -0.5830
  56,   4.307e-02,  -4.134e-01,   1.103e-02,      -0.050,       0.000,       0.999,   7.288e-05,     -0.4916
  57,   6.097e-02,  -4.134e-01,   1.133e-02,       0.014,       0.000,       1.000,   7.982e-05,     -0.4499
  58,   7.997e-02,  -4.134e-01,   1.049e-02,       0.073,       0.000,       0.997,   8.242e-05,     -0.4347
  59,   9.897e-02,  -4.134e-01,   8.692e-03,       0.117,       0.000,       0.993,   8.036e-05,     -0.4548
  60,   1.169e-01,  -4.134e-01,   6.363e-03,       0.143,       0.000,       0.990,   7.354e-05,     -0.5535
  61,   1.326e-01,  -4.134e-01,   4.010e-03,       0.154,       0.000,       0.988,   6.227e-05,     -0.8184
  62,   1.453e-01,  -4.134e-01,   2.079e-03,       0.146,       0.000,       0.989,   4.721e-05,     -1.3500
  63,   1.542e-01,  -4.134e-01,   8.574e-04,       0.120,       0.000,       0.993,   2.936e-05,     -1.9162
  64,   1.588e-01,  -4.134e-01,   3.496e-04,       0.082,       0.000,       0.997,   9.942e-06,     -2.0608
Strip 3
  65,   1.588e-01,  -4.078e-01,   2.322e-04,       0.019,       0.000,      -1.000,   1.644e-05,     -0.2948
  66,   1.542e-01,  -4.078e-01,   3.273e-05,       0.052,       0.000,      -0.999,   4.843e-05,     -0.3270
  67,   1.453e-01,  -4.078e-01,  -5.423e-04,       0.072,       0.000,      -0.997,   7.768e-05,     -0.3412
  68,   1.326e-01,  -4.078e-01,  -1.498e-03,       0.077,       0.000,      -0.997,   1.024e-04,     -0.3133
  69,   1.169e-01,  -4.078e-01,  -2.661e-03,       0.071,       0.000,      -0.998,   1.211e-04,     -0.2594
  70,   9.897e-02,  -4.078e-01,  -3.769e-03,       0.054,       0.000,      -0.999,   1.326e-04,     -0.1997
  71,   7.997e-02,  -4.078e-01,  -4.587e-03,       0.033,       0.000,      -0.999,   1.365e-04,     -0.1363
  72,   6.097e-02,  -4.078e-01,  -5.007e-03,       0.011,       0.000,      -1.000,   1.324e-04,     -0.0703
  73,   4.307e-02,  -4.078e-01,  -5.009e-03,      -0.012,       0.000,      -1.000,   1.208e-04,      0.0018
  74,   2.732e-02,  -4.078e-01,  -4.585e-03,      -0.044,      -0.000,      -0.999,   1.022e-04,      0.0951
  75,   1.462e-02,  -4.078e-01,  -3.703e-03,      -0.102,      -0.000,      -0.995,   7.788e-05,      0.2577
  76,   5.725e-03,  -4.078e-01,  -2.343e-03,      -0.228,       0.000,      -0.974,   4.967e-05,      0.6214
  77,   1.144e-03,  -4.078e-01,  -7.216e-04,      -0.577,       0.000,      -0.817,   2.013e-05,      0.9338
  78,   1.144e-03,  -4.078e-01,   1.487e-03,      -0.767,       0.000,       0.642,   2.560e-05,     -2.0508
  79,   5.725e-03,  -4.078e-01,   4.460e-03,      -0.421,       0.000,       0.907,   5.331e-05,     -1.3254
  80,   1.462e-02,  -4.078e-01,   7.393e-03,      -0.239,      -0.000,       0.971,   7.979e-05,     -0.9073
  81,   2.732e-02,  -4.078e-01,   9.671e-03,      -0.128,      -0.000,       0.992,   1.029e-04,     -0.6658
  82,   4.307e-02,  -4.078e-01,   1.103e-02,      -0.050,       0.000,       0.999,   1.209e-04,     -0.5230
  83,   6.097e-02,  -4.078e-01,   1.133e-02,       0.014,       0.000,       1.000,   1.324e-04,     -0.4363
  84,   7.997e-02,  -4.078e-01,   1.049e-02,       0.073,       0.000,       0.997,   1.367e-04,     -0.3719
  85,   9.897e-02,  -4.078e-01,   8.692e-03,       0.117,       0.000,       0.993,   1.333e-04,     -0.3318
  86,   1.169e-01,  -4.078e-01,   6.363e-03,       0.143,       0.000,       0.990,   1.220e-04,     -0.3339
  87,   1.326e-01,  -4.078e-01,   4.010e-03,       0.154,       0.000,       0.988,   1.033e-04,     -0.3765
  88,   1.453e-01,  -4.078e-01,   2.079e-03,       0.146,       0.000,       0.989,   7.832e-05,     -0.4234
  89,   1.542e-01,  -4.078e-01,   8.574e-04,       0.120,       0.000,       0.993,   4.871e-05,     -0.4293
  90,   1.588e-01,  -4.078e-01,   3.496e-04,       0.082,      -0.000,       0.997,   1.649e-05,     -0.4197
Strip 4
  91,   1.588e-01,  -3.993e-01,   2.322e-04,       0.019,       0.000,      -1.000,   2.286e-05,      0.0194
  92,   1.542e-01,  -3.993e-01,   3.273e-05,       0.052,       0.000,      -0.999,   6.734e-05,     -0.0167
  93,   1.453e-01,  -3.993e-01,  -5.423e-04,       0.072,       0.000,      -0.997,   1.080e-04,     -0.0622
  94,   1.326e-01,  -3.993e-01,  -1.498e-03,       0.077,       0.000,      -0.997,   1.424e-04,     -0.0962
  95,   1.169e-01,  -3.993e-01,  -2.661e-03,       0.071,       0.000,      -0.998,   1.683e-04,     -0.1068
  96,   9.897e-02,  -3.993e-01,  -3.769e-03,       0.054,      -0.000,      -0.999,   1.844e-04,     -0.0909
  97,   7.997e-02,  -3.993e-01,  -4.587e-03,       0.033,      -0.000,      -0.999,   1.897e-04,     -0.0512
  98,   6.097e-02,  -3.993e-01,  -5.007e-03,       0.011,       0.000,      -1.000,   1.841e-04,      0.0055
  99,   4.307e-02,  -3.993e-01,  -5.009e-03,      -0.012,       0.000,      -1.000,   1.679e-04,      0.0788
 100,   2.732e-02,  -3.993e-01,  -4.585e-03,      -0.044,      -0.000,      -0.999,   1.421e-04,      0.1845
 101,   1.462e-02,  -3.993e-01,  -3.703e-03,      -0.102,      -0.000,      -0.995,   1.083e-04,      0.3734
 102,   5.725e-03,  -3.993e-01,  -2.343e-03,      -0.228,       0.000,      -0.974,   6.906e-05,      0.7493
 103,   1.144e-03,  -3.993e-01,  -7.216e-04,      -0.577,       0.000,      -0.817,   2.799e-05,      0.8612
 104,   1.144e-03,  -3.993e-01,   1.487e-03,      -0.767,       0.000,       0.642,   3.560e-05,     -2.6586
 105,   5.725e-03,  -3.993e-01,   4.460e-03,      -0.421,       0.000,       0.907,   7.412e-05,     -1.5842
 106,   1.462e-02,  -3.993e-01,   7.393e-03,      -0.239,      -0.000,       0.971,   1.109e-04,     -1.0702
 107,   2.732e-02,  -3.993e-01,   9.671e-03,      -0.128,      -0.000,       0.992,   1.431e-04,     -0.7710
 108,   4.307e-02,  -3.993e-01,   1.103e-02,      -0.050,       0.000,       0.999,   1.681e-04,     -0.5836
 109,   6.097e-02,  -3.993e-01,   1.133e-02,       0.014,       0.000,       1.000,   1.841e-04,     -0.4596
 110,   7.997e-02,  -3.993e-01,   1.049e-02,       0.073,      -0.000,       0.997,   1.901e-04,     -0.3560
 111,   9.897e-02,  -3.993e-01,   8.692e-03,       0.117,      -0.000,       0.993,   1.854e-04,     -0.2662
 112,   1.169e-01,  -3.993e-01,   6.363e-03,       0.143,       0.000,       0.990,   1.696e-04,     -0.1992
 113,   1.326e-01,  -3.993e-01,   4.010e-03,       0.154,       0.000,       0.988,   1.436e-04,     -0.1484
 114,   1.453e-01,  -3.993e-01,   2.079e-03,       0.146,       0.000,       0.989,   1.089e-04,     -0.1038
 115,   1.542e-01,  -3.993e-01,   8.574e-04,       0.120,       0.000,       0.993,   6.773e-05,     -0.0579
 116,   1.588e-01,  -3.993e-01,   3.496e-04,       0.082,       0.000,       0.997,   2.293e-05,     -0.0365
Strip 5
 117,   1.588e-01,  -3.881e-01,   2.322e-04,       0.019,       0.000,      -1.000,   2.913e-05,      0.1379
 118,   1.542e-01,  -3.881e-01,   3.273e-05,       0.052,       0.000,      -0.999,   8.578e-05,      0.1037
 119,   1.453e-01,  -3.881e-01,  -5.423e-04,       0.072,      -0.000,      -0.997,   1.376e-04,      0.0569
 120,   1.326e-01,  -3.881e-01,  -1.498e-03,       0.077,      -0.000,      -0.997,   1.814e-04,      0.0129
 121,   1.169e-01,  -3.881e-01,  -2.661e-03,       0.071,       0.000,      -0.998,   2.145e-04,     -0.0138
 122,   9.897e-02,  -3.881e-01,  -3.769e-03,       0.054,       0.000,      -0.999,   2.349e-04,     -0.0135
 123,   7.997e-02,  -3.881e-01,  -4.587e-03,       0.033,       0.000,      -0.999,   2.417e-04,      0.0156
 124,   6.097e-02,  -3.881e-01,  -5.007e-03,       0.011,       0.000,      -1.000,   2.346e-04,      0.0684
 125,   4.307e-02,  -3.881e-01,  -5.009e-03,      -0.012,       0.000,      -1.000,   2.139e-04,      0.1448
 126,   2.732e-02,  -3.881e-01,  -4.585e-03,      -0.044,       0.000,      -0.999,   1.810e-04,      0.2608
 127,   1.462e-02,  -3.881e-01,  -3.703e-03,      -0.102,       0.000,      -0.995,   1.380e-04,      0.4633
 128,   5.725e-03,  -3.881e-01,  -2.343e-03,      -0.228,       0.000,      -0.974,   8.798e-05,      0.8316
 129,   1.144e-03,  -3.881e-01,  -7.216e-04,      -0.577,       0.000,      -0.817,   3.566e-05,      0.7324
 130,   1.144e-03,  -3.881e-01,   1.487e-03,      -0.767,       0.000,       0.642,   4.535e-05,     -3.2775
 131,   5.725e-03,  -3.881e-01,   4.460e-03,      -0.421,       0.000,       0.907,   9.442e-05,     -1.8380
 132,   1.462e-02,  -3.881e-01,   7.393e-03,      -0.239,       0.000,       0.971,   1.413e-04,     -1.2304
 133,   2.732e-02,  -3.881e-01,   9.671e-03,      -0.128,       0.000,       0.992,   1.823e-04,     -0.8841
 134,   4.307e-02,  -3.881e-01,   1.103e-02,      -0.050,       0.000,       0.999,   2.142e-04,     -0.6600
 135,   6.097e-02,  -3.881e-01,   1.133e-02,       0.014,       0.000,       1.000,   2.346e-04,     -0.5046
 136,   7.997e-02,  -3.881e-01,   1.049e-02,       0.073,       0.000,       0.997,   2.422e-04,     -0.3701
 137,   9.897e-02,  -3.881e-01,   8.692e-03,       0.117,       0.000,       0.993,   2.362e-04,     -0.2470
 138,   1.169e-01,  -3.881e-01,   6.363e-03,       0.143,       0.000,       0.990,   2.161e-04,     -0.1441
 139,   1.326e-01,  -3.881e-01,   4.010e-03,       0.154,      -0.000,       0.988,   1.830e-04,     -0.0572
 140,   1.453e-01,  -3.881e-01,   2.079e-03,       0.146,      -0.000,       0.989,   1.387e-04,      0.0172
 141,   1.542e-01,  -3.881e-01,   8.574e-04,       0.120,       0.000,       0.993,   8.629e-05,      0.0809
 142,   1.588e-01,  -3.881e-01,   3.496e-04,       0.082,       0.000,       0.997,   2.922e-05,      0.1087
Strip 6
 143,   1.588e-01,  -3.743e-01,   2.322e-04,       0.019,       0.000,      -1.000,   3.519e-05,      0.1946
 144,   1.542e-01,  -3.743e-01,   3.273e-05,       0.052,       0.000,      -0.999,   1.036e-04,      0.1629
 145,   1.453e-01,  -3.743e-01,  -5.423e-04,       0.072,       0.000,      -0.997,   1.662e-04,      0.1190
 146,   1.326e-01,  -3.743e-01,  -1.498e-03,       0.077,       0.000,      -0.997,   2.191e-04,      0.0748
 147,   1.169e-01,  -3.743e-01,  -2.661e-03,       0.071,       0.000,      -0.998,   2.591e-04,      0.0447
 148,   9.897e-02,  -3.743e-01,  -3.769e-03,       0.054,       0.000,      -0.999,   2.838e-04,      0.0403
 149,   7.997e-02,  -3.743e-01,  -4.587e-03,       0.033,       0.000,      -0.999,   2.920e-04,      0.0662
 150,   6.097e-02,  -3.743e-01,  -5.007e-03,       0.011,       0.000,      -1.000,   2.834e-04,      0.1192
 151,   4.307e-02,  -3.743e-01,  -5.009e-03,      -0.012,       0.000,      -1.000,   2.585e-04,      0.1999
 152,   2.732e-02,  -3.743e-01,  -4.585e-03,      -0.044,       0.000,      -0.999,   2.187e-04,      0.3235
 153,   1.462e-02,  -3.743e-01,  -3.703e-03,      -0.102,       0.000,      -0.995,   1.667e-04,      0.5332
 154,   5.725e-03,  -3.743e-01,  -2.343e-03,      -0.228,       0.000,      -0.974,   1.063e-04,      0.8882
 155,   1.144e-03,  -3.743e-01,  -7.216e-04,      -0.577,       0.000,      -0.817,   4.308e-05,      0.5690
 156,   1.144e-03,  -3.743e-01,   1.487e-03,      -0.767,       0.000,       0.642,   5.479e-05,     -3.8939
 157,   5.725e-03,  -3.743e-01,   4.460e-03,      -0.421,       0.000,       0.907,   1.141e-04,     -2.0821
 158,   1.462e-02,  -3.743e-01,   7.393e-03,      -0.239,       0.000,       0.971,   1.708e-04,     -1.3808
 159,   2.732e-02,  -3.743e-01,   9.671e-03,      -0.128,       0.000,       0.992,   2.203e-04,     -0.9944
 160,   4.307e-02,  -3.743e-01,   1.103e-02,      -0.050,       0.000,       0.999,   2.588e-04,     -0.7418
 161,   6.097e-02,  -3.743e-01,   1.133e-02,       0.014,       0.000,       1.000,   2.834e-04,     -0.5617
 162,   7.997e-02,  -3.743e-01,   1.049e-02,       0.073,       0.000,       0.997,   2.927e-04,     -0.4037
 163,   9.897e-02,  -3.743e-01,   8.692e-03,       0.117,       0.000,       0.993,   2.854e-04,     -0.2568
 164,   1.169e-01,  -3.743e-01,   6.363e-03,       0.143,       0.000,       0.990,   2.611e-04,     -0.1303
 165,   1.326e-01,  -3.743e-01,   4.010e-03,       0.154,       0.000,       0.988,   2.211e-04,     -0.0220
 166,   1.453e-01,  -3.743e-01,   2.079e-03,       0.146,       0.000,       0.989,   1.676e-04,      0.0694
 167,   1.542e-01,  -3.743e-01,   8.574e-04,       0.120,       0.000,       0.993,   1.043e-04,      0.1439
 168,   1.588e-01,  -3.743e-01,   3.496e-04,       0.082,       0.000,       0.997,   3.530e-05,      0.1766
Strip 7
 169,   1.588e-01,  -3.579e-01,   2.322e-04,       0.019,       0.000,      -1.000,   4.101e-05,      0.2251
 170,   1.542e-01,  -3.579e-01,   3.273e-05,       0.052,       0.000,      -0.999,   1.208e-04,      0.1960
 171,   1.453e-01,  -3.579e-01,  -5.423e-04,       0.072,       0.000,      -0.997,   1.938e-04,      0.1557
 172,   1.326e-01,  -3.579e-01,  -1.498e-03,       0.077,       0.000,      -0.997,   2.554e-04,      0.1139
 173,   1.169e-01,  -3.579e-01,  -2.661e-03,       0.071,       0.000,      -0.998,   3.020e-04,      0.0848
 174,   9.897e-02,  -3.579e-01,  -3.769e-03,       0.054,       0.000,      -0.999,   3.308e-04,      0.0803
 175,   7.997e-02,  -3.579e-01,  -4.587e-03,       0.033,      -0.000,      -0.999,   3.404e-04,      0.1064
 176,   6.097e-02,  -3.579e-01,  -5.007e-03,       0.011,       0.000,      -1.000,   3.303e-04,      0.1614
 177,   4.307e-02,  -3.579e-01,  -5.009e-03,      -0.012,       0.000,      -1.000,   3.013e-04,      0.2462
 178,   2.732e-02,  -3.579e-01,  -4.585e-03,      -0.044,       0.000,      -0.999,   2.549e-04,      0.3754
 179,   1.462e-02,  -3.579e-01,  -3.703e-03,      -0.102,       0.000,      -0.995,   1.943e-04,      0.5893
 180,   5.725e-03,  -3.579e-01,  -2.343e-03,      -0.228,       0.000,      -0.974,   1.239e-04,      0.9281
 181,   1.144e-03,  -3.579e-01,  -7.216e-04,      -0.577,       0.000,      -0.817,   5.021e-05,      0.3836
 182,   1.144e-03,  -3.579e-01,   1.487e-03,      -0.767,       0.000,       0.642,   6.386e-05,     -4.4968
 183,   5.725e-03,  -3.579e-01,   4.460e-03,      -0.421,       0.000,       0.907,   1.330e-04,     -2.3139
 184,   1.462e-02,  -3.579e-01,   7.393e-03,      -0.239,       0.000,       0.971,   1.990e-04,     -1.5197
 185,   2.732e-02,  -3.579e-01,   9.671e-03,      -0.128,       0.000,       0.992,   2.567e-04,     -1.0965
 186,   4.307e-02,  -3.579e-01,   1.103e-02,      -0.050,       0.000,       0.999,   3.016e-04,     -0.8208
 187,   6.097e-02,  -3.579e-01,   1.133e-02,       0.014,       0.000,       1.000,   3.303e-04,     -0.6216
 188,   7.997e-02,  -3.579e-01,   1.049e-02,       0.073,       0.000,       0.997,   3.411e-04,     -0.4448
 189,   9.897e-02,  -3.579e-01,   8.692e-03,       0.117,      -0.000,       0.993,   3.326e-04,     -0.2791
 190,   1.169e-01,  -3.579e-01,   6.363e-03,       0.143,      -0.000,       0.990,   3.043e-04,     -0.1349
 191,   1.326e-01,  -3.579e-01,   4.010e-03,       0.154,       0.000,       0.988,   2.577e-04,     -0.0110
 192,   1.453e-01,  -3.579e-01,   2.079e-03,       0.146,       0.000,       0.989,   1.954e-04,      0.0923
 193,   1.542e-01,  -3.579e-01,   8.574e-04,       0.120,       0.000,       0.993,   1.215e-04,      0.1749
 194,   1.588e-01,  -3.579e-01,   3.496e-04,       0.082,       0.000,       0.997,   4.114e-05,      0.2115
Strip 8
 195,   1.588e-01,  -3.391e-01,   2.322e-04,       0.019,       0.000,      -1.000,   4.656e-05,      0.2430
 196,   1.542e-01,  -3.391e-01,   3.273e-05,       0.052,       0.000,      -0.999,   1.371e-04,      0.2161
 197,   1.453e-01,  -3.391e-01,  -5.423e-04,       0.072,       0.000,      -0.997,   2.200e-04,      0.1792
 198,   1.326e-01,  -3.391e-01,  -1.498e-03,       0.077,       0.000,      -0.997,   2.899e-04,      0.1406
 199,   1.169e-01,  -3.391e-01,  -2.661e-03,       0.071,       0.000,      -0.998,   3.428e-04,      0.1141
 200,   9.897e-02,  -3.391e-01,  -3.769e-03,       0.054,       0.000,      -0.999,   3.755e-04,      0.1116
 201,   7.997e-02,  -3.391e-01,  -4.587e-03,       0.033,       0.000,      -0.999,   3.864e-04,      0.1397
 202,   6.097e-02,  -3.391e-01,  -5.007e-03,       0.011,      -0.000,      -1.000,   3.750e-04,      0.1973
 203,   4.307e-02,  -3.391e-01,  -5.009e-03,      -0.012,      -0.000,      -1.000,   3.420e-04,      0.2856
 204,   2.732e-02,  -3.391e-01,  -4.585e-03,      -0.044,       0.000,      -0.999,   2.893e-04,      0.4188
 205,   1.462e-02,  -3.391e-01,  -3.703e-03,      -0.102,       0.000,      -0.995,   2.205e-04,      0.6350
 206,   5.725e-03,  -3.391e-01,  -2.343e-03,      -0.228,       0.000,      -0.974,   1.406e-04,      0.9560
 207,   1.144e-03,  -3.391e-01,  -7.216e-04,      -0.577,       0.000,      -0.817,   5.700e-05,      0.1861
 208,   1.144e-03,  -3.391e-01,   1.487e-03,      -0.767,       0.000,       0.642,   7.249e-05,     -5.0756
 209,   5.725e-03,  -3.391e-01,   4.460e-03,      -0.421,       0.000,       0.907,   1.509e-04,     -2.5309
 210,   1.462e-02,  -3.391e-01,   7.393e-03,      -0.239,       0.000,       0.971,   2.259e-04,     -1.6465
 211,   2.732e-02,  -3.391e-01,   9.671e-03,      -0.128,      -0.000,       0.992,   2.914e-04,     -1.1888
 212,   4.307e-02,  -3.391e-01,   1.103e-02,      -0.050,      -0.000,       0.999,   3.424e-04,     -0.8932
 213,   6.097e-02,  -3.391e-01,   1.133e-02,       0.014,      -0.000,       1.000,   3.750e-04,     -0.6783
 214,   7.997e-02,  -3.391e-01,   1.049e-02,       0.073,      -0.000,       0.997,   3.872e-04,     -0.4864
 215,   9.897e-02,  -3.391e-01,   8.692e-03,       0.117,       0.000,       0.993,   3.775e-04,     -0.3056
 216,   1.169e-01,  -3.391e-01,   6.363e-03,       0.143,       0.000,       0.990,   3.455e-04,     -0.1473
 217,   1.326e-01,  -3.391e-01,   4.010e-03,       0.154,       0.000,       0.988,   2.925e-04,     -0.0112
 218,   1.453e-01,  -3.391e-01,   2.079e-03,       0.146,       0.000,       0.989,   2.218e-04,      0.1013
 219,   1.542e-01,  -3.391e-01,   8.574e-04,       0.120,       0.000,       0.993,   1.379e-04,      0.1904
 220,   1.588e-01,  -3.391e-01,   3.496e-04,       0.082,       0.000,       0.997,   4.670e-05,      0.2303
Strip 9
 221,   1.588e-01,  -3.179e-01,   2.322e-04,       0.019,      -0.000,      -1.000,   5.178e-05,      0.2538
 222,   1.542e-01,  -3.179e-01,   3.273e-05,       0.052,       0.000,      -0.999,   1.525e-04,      0.2289
 223,   1.453e-01,  -3.179e-01,  -5.423e-04,       0.072,       0.000,      -0.997,   2.446e-04,      0.1952
 224,   1.326e-01,  -3.179e-01,  -1.498e-03,       0.077,       0.000,      -0.997,   3.225e-04,      0.1599
 225,   1.169e-01,  -3.179e-01,  -2.661e-03,       0.071,       0.000,      -0.998,   3.813e-04,      0.1365
 226,   9.897e-02,  -3.179e-01,  -3.769e-03,       0.054,       0.000,      -0.999,   4.177e-04,      0.1368
 227,   7.997e-02,  -3.179e-01,  -4.587e-03,       0.033,       0.000,      -0.999,   4.298e-04,      0.1675
 228,   6.097e-02,  -3.179e-01,  -5.007e-03,       0.011,       0.000,      -1.000,   4.171e-04,      0.2277
 229,   4.307e-02,  -3.179e-01,  -5.009e-03,      -0.012,       0.000,      -1.000,   3.804e-04,      0.3190
 230,   2.732e-02,  -3.179e-01,  -4.585e-03,      -0.044,       0.000,      -0.999,   3.218e-04,      0.4551
 231,   1.462e-02,  -3.179e-01,  -3.703e-03,      -0.102,       0.000,      -0.995,   2.453e-04,      0.6728
 232,   5.725e-03,  -3.179e-01,  -2.343e-03,      -0.228,       0.000,      -0.974,   1.564e-04,      0.9750
 233,   1.144e-03,  -3.179e-01,  -7.216e-04,      -0.577,       0.000,      -0.817,   6.340e-05,     -0.0152
 234,   1.144e-03,  -3.179e-01,   1.487e-03,      -0.767,       0.000,       0.642,   8.063e-05,     -5.6214
 235,   5.725e-03,  -3.179e-01,   4.460e-03,      -0.421,       0.000,       0.907,   1.679e-04,     -2.7310
 236,   1.462e-02,  -3.179e-01,   7.393e-03,      -0.239,       0.000,       0.971,   2.513e-04,     -1.7610
 237,   2.732e-02,  -3.179e-01,   9.671e-03,      -0.128,       0.000,       0.992,   3.242e-04,     -1.2709
 238,   4.307e-02,  -3.179e-01,   1.103e-02,      -0.050,       0.000,       0.999,   3.808e-04,     -0.9575
 239,   6.097e-02,  -3.179e-01,   1.133e-02,       0.014,       0.000,       1.000,   4.171e-04,     -0.7295
 240,   7.997e-02,  -3.179e-01,   1.049e-02,       0.073,       0.000,       0.997,   4.307e-04,     -0.5251
 241,   9.897e-02,  -3.179e-01,   8.692e-03,       0.117,       0.000,       0.993,   4.199e-04,     -0.3319
 242,   1.169e-01,  -3.179e-01,   6.363e-03,       0.143,       0.000,       0.990,   3.843e-04,     -0.1622
 243,   1.326e-01,  -3.179e-01,   4.010e-03,       0.154,      -0.000,       0.988,   3.254e-04,     -0.0166
 244,   1.453e-01,  -3.179e-01,   2.079e-03,       0.146,       0.000,       0.989,   2.466e-04,      0.1033
 245,   1.542e-01,  -3.179e-01,   8.574e-04,       0.120,       0.000,       0.993,   1.534e-04,      0.1977
 246,   1.588e-01,  -3.179e-01,   3.496e-04,       0.082,      -0.000,       0.997,   5.195e-05,      0.2403
Strip 10
 247,   1.588e-01,  -2.946e-01,   2.322e-04,       0.019,       0.000,      -1.000,   5.666e-05,      0.2606
 248,   1.542e-01,  -2.946e-01,   3.273e-05,       0.052,       0.000,      -0.999,   1.669e-04,      0.2375
 249,   1.453e-01,  -2.946e-01,  -5.423e-04,       0.072,       0.000,      -0.997,   2.677e-04,      0.2067
 250,   1.326e-01,  -2.946e-01,  -1.498e-03,       0.077,       0.000,      -0.997,   3.528e-04,      0.1743
 251,   1.169e-01,  -2.946e-01,  -2.661e-03,       0.071,       0.000,      -0.998,   4.172e-04,      0.1540
 252,   9.897e-02,  -2.946e-01,  -3.769e-03,       0.054,       0.000,      -0.999,   4.569e-04,      0.1573
 253,   7.997e-02,  -2.946e-01,  -4.587e-03,       0.033,       0.000,      -0.999,   4.702e-04,      0.1907
 254,   6.097e-02,  -2.946e-01,  -5.007e-03,       0.011,       0.000,      -1.000,   4.563e-04,      0.2534
 255,   4.307e-02,  -2.946e-01,  -5.009e-03,      -0.012,       0.000,      -1.000,   4.161e-04,      0.3470
 256,   2.732e-02,  -2.946e-01,  -4.585e-03,      -0.044,       0.000,      -0.999,   3.521e-04,      0.4856
 257,   1.462e-02,  -2.946e-01,  -3.703e-03,      -0.102,       0.000,      -0.995,   2.684e-04,      0.7039
 258,   5.725e-03,  -2.946e-01,  -2.343e-03,      -0.228,       0.000,      -0.974,   1.711e-04,      0.9872
 259,   1.144e-03,  -2.946e-01,  -7.216e-04,      -0.577,       0.000,      -0.817,   6.937e-05,     -0.2130
 260,   1.144e-03,  -2.946e-01,   1.487e-03,      -0.767,       0.000,       0.642,   8.822e-05,     -6.1267
 261,   5.725e-03,  -2.946e-01,   4.460e-03,      -0.421,       0.000,       0.907,   1.837e-04,     -2.9129
 262,   1.462e-02,  -2.946e-01,   7.393e-03,      -0.239,       0.000,       0.971,   2.749e-04,     -1.8631
 263,   2.732e-02,  -2.946e-01,   9.671e-03,      -0.128,       0.000,       0.992,   3.547e-04,     -1.3430
 264,   4.307e-02,  -2.946e-01,   1.103e-02,      -0.050,       0.000,       0.999,   4.166e-04,     -1.0136
 265,   6.097e-02,  -2.946e-01,   1.133e-02,       0.014,      -0.000,       1.000,   4.563e-04,     -0.7741
 266,   7.997e-02,  -2.946e-01,   1.049e-02,       0.073,      -0.000,       0.997,   4.712e-04,     -0.5594
 267,   9.897e-02,  -2.946e-01,   8.692e-03,       0.117,      -0.000,       0.993,   4.594e-04,     -0.3561
 268,   1.169e-01,  -2.946e-01,   6.363e-03,       0.143,      -0.000,       0.990,   4.204e-04,     -0.1772
 269,   1.326e-01,  -2.946e-01,   4.010e-03,       0.154,       0.000,       0.988,   3.560e-04,     -0.0239
 270,   1.453e-01,  -2.946e-01,   2.079e-03,       0.146,       0.000,       0.989,   2.699e-04,      0.1020
 271,   1.542e-01,  -2.946e-01,   8.574e-04,       0.120,       0.000,       0.993,   1.679e-04,      0.2008
 272,   1.588e-01,  -2.946e-01,   3.496e-04,       0.082,       0.000,       0.997,   5.683e-05,      0.2457
Strip 11
 273,   1.588e-01,  -2.693e-01,   2.322e-04,       0.019,       0.000,      -1.000,   6.114e-05,      0.2651
 274,   1.542e-01,  -2.693e-01,   3.273e-05,       0.052,       0.000,      -0.999,   1.801e-04,      0.2435
 275,   1.453e-01,  -2.693e-01,  -5.423e-04,       0.072,       0.000,      -0.997,   2.888e-04,      0.2152
 276,   1.326e-01,  -2.693e-01,  -1.498e-03,       0.077,       0.000,      -0.997,   3.807e-04,      0.1854
 277,   1.169e-01,  -2.693e-01,  -2.661e-03,       0.071,       0.000,      -0.998,   4.502e-04,      0.1679
 278,   9.897e-02,  -2.693e-01,  -3.769e-03,       0.054,       0.000,      -0.999,   4.931e-04,      0.1740
 279,   7.997e-02,  -2.693e-01,  -4.587e-03,       0.033,       0.000,      -0.999,   5.074e-04,      0.2098
 280,   6.097e-02,  -2.693e-01,  -5.007e-03,       0.011,       0.000,      -1.000,   4.924e-04,      0.2748
 281,   4.307e-02,  -2.693e-01,  -5.009e-03,      -0.012,       0.000,      -1.000,   4.491e-04,      0.3705
 282,   2.732e-02,  -2.693e-01,  -4.585e-03,      -0.044,       0.000,      -0.999,   3.800e-04,      0.5110
 283,   1.462e-02,  -2.693e-01,  -3.703e-03,      -0.102,       0.000,      -0.995,   2.896e-04,      0.7296
 284,   5.725e-03,  -2.693e-01,  -2.343e-03,      -0.228,       0.000,      -0.974,   1.847e-04,      0.9946
 285,   1.144e-03,  -2.693e-01,  -7.216e-04,      -0.577,       0.000,      -0.817,   7.486e-05,     -0.4011
 286,   1.144e-03,  -2.693e-01,   1.487e-03,      -0.767,       0.000,       0.642,   9.520e-05,     -6.5858
 287,   5.725e-03,  -2.693e-01,   4.460e-03,      -0.421,       0.000,       0.907,   1.982e-04,     -3.0754
 288,   1.462e-02,  -2.693e-01,   7.393e-03,      -0.239,       0.000,       0.971,   2.967e-04,     -1.9530
 289,   2.732e-02,  -2.693e-01,   9.671e-03,      -0.128,       0.000,       0.992,   3.827e-04,     -1.4056
 290,   4.307e-02,  -2.693e-01,   1.103e-02,      -0.050,       0.000,       0.999,   4.496e-04,     -1.0618
 291,   6.097e-02,  -2.693e-01,   1.133e-02,       0.014,       0.000,       1.000,   4.925e-04,     -0.8125
 292,   7.997e-02,  -2.693e-01,   1.049e-02,       0.073,       0.000,       0.997,   5.085e-04,     -0.5890
 293,   9.897e-02,  -2.693e-01,   8.692e-03,       0.117,       0.000,       0.993,   4.958e-04,     -0.3774
 294,   1.169e-01,  -2.693e-01,   6.363e-03,       0.143,       0.000,       0.990,   4.537e-04,     -0.1911
 295,   1.326e-01,  -2.693e-01,   4.010e-03,       0.154,       0.000,       0.988,   3.842e-04,     -0.0315
 296,   1.453e-01,  -2.693e-01,   2.079e-03,       0.146,       0.000,       0.989,   2.912e-04,      0.0992
 297,   1.542e-01,  -2.693e-01,   8.574e-04,       0.120,       0.000,       0.993,   1.811e-04,      0.2017
 298,   1.588e-01,  -2.693e-01,   3.496e-04,       0.082,      -0.000,       0.997,   6.133e-05,      0.2485
Strip 12
 299,   1.588e-01,  -2.421e-01,   2.322e-04,       0.019,       0.000,      -1.000,   6.521e-05,      0.2681
 300,   1.542e-01,  -2.421e-01,   3.273e-05,       0.052,       0.000,      -0.999,   1.921e-04,      0.2478
 301,   1.453e-01,  -2.421e-01,  -5.423e-04,       0.072,       0.000,      -0.997,   3.081e-04,      0.2216
 302,   1.326e-01,  -2.421e-01,  -1.498e-03,       0.077,       0.000,      -0.997,   4.061e-04,      0.1940
 303,   1.169e-01,  -2.421e-01,  -2.661e-03,       0.071,      -0.000,      -0.998,   4.801e-04,      0.1791
 304,   9.897e-02,  -2.421e-01,  -3.769e-03,       0.054,      -0.000,      -0.999,   5.259e-04,      0.1875
 305,   7.997e-02,  -2.421e-01,  -4.587e-03,       0.033,       0.000,      -0.999,   5.412e-04,      0.2256
 306,   6.097e-02,  -2.421e-01,  -5.007e-03,       0.011,       0.000,      -1.000,   5.252e-04,      0.2924
 307,   4.307e-02,  -2.421e-01,  -5.009e-03,      -0.012,       0.000,      -1.000,   4.790e-04,      0.3899
 308,   2.732e-02,  -2.421e-01,  -4.585e-03,      -0.044,       0.000,      -0.999,   4.053e-04,      0.5320
 309,   1.462e-02,  -2.421e-01,  -3.703e-03,      -0.102,       0.000,      -0.995,   3.089e-04,      0.7506
 310,   5.725e-03,  -2.421e-01,  -2.343e-03,      -0.228,       0.000,      -0.974,   1.970e-04,      0.9984
 311,   1.144e-03,  -2.421e-01,  -7.216e-04,      -0.577,       0.000,      -0.817,   7.984e-05,     -0.5750
 312,   1.144e-03,  -2.421e-01,   1.487e-03,      -0.767,       0.000,       0.642,   1.015e-04,     -6.9949
 313,   5.725e-03,  -2.421e-01,   4.460e-03,      -0.421,       0.000,       0.907,   2.114e-04,     -3.2182
 314,   1.462e-02,  -2.421e-01,   7.393e-03,      -0.239,       0.000,       0.971,   3.164e-04,     -2.0308
 315,   2.732e-02,  -2.421e-01,   9.671e-03,      -0.128,       0.000,       0.992,   4.082e-04,     -1.4592
 316,   4.307e-02,  -2.421e-01,   1.103e-02,      -0.050,       0.000,       0.999,   4.795e-04,     -1.1026
 317,   6.097e-02,  -2.421e-01,   1.133e-02,       0.014,       0.000,       1.000,   5.252e-04,     -0.8448
 318,   7.997e-02,  -2.421e-01,   1.049e-02,       0.073,       0.000,       0.997,   5.423e-04,     -0.6140
 319,   9.897e-02,  -2.421e-01,   8.692e-03,       0.117,       0.000,       0.993,   5.288e-04,     -0.3956
 320,   1.169e-01,  -2.421e-01,   6.363e-03,       0.143,       0.000,       0.990,   4.839e-04,     -0.2032
 321,   1.326e-01,  -2.421e-01,   4.010e-03,       0.154,       0.000,       0.988,   4.097e-04,     -0.0386
 322,   1.453e-01,  -2.421e-01,   2.079e-03,       0.146,       0.000,       0.989,   3.106e-04,      0.0960
 323,   1.542e-01,  -2.421e-01,   8.574e-04,       0.120,       0.000,       0.993,   1.932e-04,      0.2014
 324,   1.588e-01,  -2.421e-01,   3.496e-04,       0.082,       0.000,       0.997,   6.541e-05,      0.2498
Strip 13
 325,   1.588e-01,  -2.133e-01,   2.322e-04,       0.019,       0.000,      -1.000,   6.883e-05,      0.2702
 326,   1.542e-01,  -2.133e-01,   3.273e-05,       0.052,       0.000,      -0.999,   2.027e-04,      0.2509
 327,   1.453e-01,  -2.133e-01,  -5.423e-04,       0.072,       0.000,      -0.997,   3.252e-04,      0.2265
 328,   1.326e-01,  -2.133e-01,  -1.498e-03,       0.077,       0.000,      -0.997,   4.286e-04,      0.2008
 329,   1.169e-01,  -2.133e-01,  -2.661e-03,       0.071,       0.000,      -0.998,   5.068e-04,      0.1880
 330,   9.897e-02,  -2.133e-01,  -3.769e-03,       0.054,       0.000,      -0.999,   5.551e-04,      0.1985
 331,   7.997e-02,  -2.133e-01,  -4.587e-03,       0.033,       0.000,      -0.999,   5.712e-04,      0.2384
 332,   6.097e-02,  -2.133e-01,  -5.007e-03,       0.011,       0.000,      -1.000,   5.544e-04,      0.3069
 333,   4.307e-02,  -2.133e-01,  -5.009e-03,      -0.012,       0.000,      -1.000,   5.056e-04,      0.4059
 334,   2.732e-02,  -2.133e-01,  -4.585e-03,      -0.044,       0.000,      -0.999,   4.278e-04,      0.5493
 335,   1.462e-02,  -2.133e-01,  -3.703e-03,      -0.102,       0.000,      -0.995,   3.260e-04,      0.7677
 336,   5.725e-03,  -2.133e-01,  -2.343e-03,      -0.228,       0.000,      -0.974,   2.079e-04,      0.9998
 337,   1.144e-03,  -2.133e-01,  -7.216e-04,      -0.577,       0.000,      -0.817,   8.427e-05,     -0.7311
 338,   1.144e-03,  -2.133e-01,   1.487e-03,      -0.767,       0.000,       0.642,   1.072e-04,     -7.3517
 339,   5.725e-03,  -2.133e-01,   4.460e-03,      -0.421,       0.000,       0.907,   2.231e-04,     -3.3414
 340,   1.462e-02,  -2.133e-01,   7.393e-03,      -0.239,       0.000,       0.971,   3.340e-04,     -2.0972
 341,   2.732e-02,  -2.133e-01,   9.671e-03,      -0.128,       0.000,       0.992,   4.309e-04,     -1.5043
 342,   4.307e-02,  -2.133e-01,   1.103e-02,      -0.050,       0.000,       0.999,   5.062e-04,     -1.1368
 343,   6.097e-02,  -2.133e-01,   1.133e-02,       0.014,       0.000,       1.000,   5.544e-04,     -0.8717
 344,   7.997e-02,  -2.133e-01,   1.049e-02,       0.073,       0.000,       0.997,   5.724e-04,     -0.6348
 345,   9.897e-02,  -2.133e-01,   8.692e-03,       0.117,      -0.000,       0.993,   5.581e-04,     -0.4108
 346,   1.169e-01,  -2.133e-01,   6.363e-03,       0.143,      -0.000,       0.990,   5.108e-04,     -0.2136
 347,   1.326e-01,  -2.133e-01,   4.010e-03,       0.154,       0.000,       0.988,   4.325e-04,     -0.0449
 348,   1.453e-01,  -2.133e-01,   2.079e-03,       0.146,       0.000,       0.989,   3.278e-04,      0.0928
 349,   1.542e-01,  -2.133e-01,   8.574e-04,       0.120,       0.000,       0.993,   2.039e-04,      0.2007
 350,   1.588e-01,  -2.133e-01,   3.496e-04,       0.082,       0.000,       0.997,   6.905e-05,      0.2504
Strip 14
 351,   1.588e-01,  -1.830e-01,   2.322e-04,       0.019,       0.000,      -1.000,   7.198e-05,      0.2716
 352,   1.542e-01,  -1.830e-01,   3.273e-05,       0.052,       0.000,      -0.999,   2.120e-04,      0.2532
 353,   1.453e-01,  -1.830e-01,  -5.423e-04,       0.072,       0.000,      -0.997,   3.401e-04,      0.2302
 354,   1.326e-01,  -1.830e-01,  -1.498e-03,       0.077,       0.000,      -0.997,   4.482e-04,      0.2062
 355,   1.169e-01,  -1.830e-01,  -2.661e-03,       0.071,       0.000,      -0.998,   5.300e-04,      0.1950
 356,   9.897e-02,  -1.830e-01,  -3.769e-03,       0.054,       0.000,      -0.999,   5.806e-04,      0.2073
 357,   7.997e-02,  -1.830e-01,  -4.587e-03,       0.033,       0.000,      -0.999,   5.974e-04,      0.2487
 358,   6.097e-02,  -1.830e-01,  -5.007e-03,       0.011,       0.000,      -1.000,   5.798e-04,      0.3185
 359,   4.307e-02,  -1.830e-01,  -5.009e-03,      -0.012,       0.000,      -1.000,   5.287e-04,      0.4188
 360,   2.732e-02,  -1.830e-01,  -4.585e-03,      -0.044,       0.000,      -0.999,   4.474e-04,      0.5633
 361,   1.462e-02,  -1.830e-01,  -3.703e-03,      -0.102,       0.000,      -0.995,   3.409e-04,      0.7814
 362,   5.725e-03,  -1.830e-01,  -2.343e-03,      -0.228,       0.000,      -0.974,   2.174e-04,      0.9997
 363,   1.144e-03,  -1.830e-01,  -7.216e-04,      -0.577,       0.000,      -0.817,   8.813e-05,     -0.8671
 364,   1.144e-03,  -1.830e-01,   1.487e-03,      -0.767,       0.000,       0.642,   1.121e-04,     -7.6555
 365,   5.725e-03,  -1.830e-01,   4.460e-03,      -0.421,       0.000,       0.907,   2.334e-04,     -3.4453
 366,   1.462e-02,  -1.830e-01,   7.393e-03,      -0.239,       0.000,       0.971,   3.493e-04,     -2.1528
 367,   2.732e-02,  -1.830e-01,   9.671e-03,      -0.128,       0.000,       0.992,   4.506e-04,     -1.5418
 368,   4.307e-02,  -1.830e-01,   1.103e-02,      -0.050,       0.000,       0.999,   5.293e-04,     -1.1648
 369,   6.097e-02,  -1.830e-01,   1.133e-02,       0.014,       0.000,       1.000,   5.798e-04,     -0.8937
 370,   7.997e-02,  -1.830e-01,   1.049e-02,       0.073,       0.000,       0.997,   5.987e-04,     -0.6518
 371,   9.897e-02,  -1.830e-01,   8.692e-03,       0.117,       0.000,       0.993,   5.837e-04,     -0.4232
 372,   1.169e-01,  -1.830e-01,   6.363e-03,       0.143,       0.000,       0.990,   5.341e-04,     -0.2221
 373,   1.326e-01,  -1.830e-01,   4.010e-03,       0.154,       0.000,       0.988,   4.523e-04,     -0.0502
 374,   1.453e-01,  -1.830e-01,   2.079e-03,       0.146,       0.000,       0.989,   3.429e-04,      0.0900
 375,   1.542e-01,  -1.830e-01,   8.574e-04,       0.120,       0.000,       0.993,   2.133e-04,      0.1998
 376,   1.588e-01,  -1.830e-01,   3.496e-04,       0.082,       0.000,       0.997,   7.221e-05,      0.2506
Strip 15
 377,   1.588e-01,  -1.515e-01,   2.322e-04,       0.019,       0.000,      -1.000,   7.464e-05,      0.2726
 378,   1.542e-01,  -1.515e-01,   3.273e-05,       0.052,       0.000,      -0.999,   2.198e-04,      0.2549
 379,   1.453e-01,  -1.515e-01,  -5.423e-04,       0.072,       0.000,      -0.997,   3.526e-04,      0.2331
 380,   1.326e-01,  -1.515e-01,  -1.498e-03,       0.077,       0.000,      -0.997,   4.648e-04,      0.2103
 381,   1.169e-01,  -1.515e-01,  -2.661e-03,       0.071,       0.000,      -0.998,   5.496e-04,      0.2005
 382,   9.897e-02,  -1.515e-01,  -3.769e-03,       0.054,       0.000,      -0.999,   6.020e-04,      0.2141
 383,   7.997e-02,  -1.515e-01,  -4.587e-03,       0.033,       0.000,      -0.999,   6.195e-04,      0.2568
 384,   6.097e-02,  -1.515e-01,  -5.007e-03,       0.011,       0.000,      -1.000,   6.012e-04,      0.3277
 385,   4.307e-02,  -1.515e-01,  -5.009e-03,      -0.012,       0.000,      -1.000,   5.483e-04,      0.4290
 386,   2.732e-02,  -1.515e-01,  -4.585e-03,      -0.044,       0.000,      -0.999,   4.639e-04,      0.5744
 387,   1.462e-02,  -1.515e-01,  -3.703e-03,      -0.102,       0.000,      -0.995,   3.535e-04,      0.7922
 388,   5.725e-03,  -1.515e-01,  -2.343e-03,      -0.228,       0.000,      -0.974,   2.255e-04,      0.9987
 389,   1.144e-03,  -1.515e-01,  -7.216e-04,      -0.577,       0.000,      -0.817,   9.139e-05,     -0.9815
 390,   1.144e-03,  -1.515e-01,   1.487e-03,      -0.767,       0.000,       0.642,   1.162e-04,     -7.9065
 391,   5.725e-03,  -1.515e-01,   4.460e-03,      -0.421,       0.000,       0.907,   2.420e-04,     -3.5305
 392,   1.462e-02,  -1.515e-01,   7.393e-03,      -0.239,       0.000,       0.971,   3.622e-04,     -2.1979
 393,   2.732e-02,  -1.515e-01,   9.671e-03,      -0.128,       0.000,       0.992,   4.672e-04,     -1.5720
 394,   4.307e-02,  -1.515e-01,   1.103e-02,      -0.050,       0.000,       0.999,   5.489e-04,     -1.1874
 395,   6.097e-02,  -1.515e-01,   1.133e-02,       0.014,       0.000,       1.000,   6.012e-04,     -0.9112
 396,   7.997e-02,  -1.515e-01,   1.049e-02,       0.073,       0.000,       0.997,   6.208e-04,     -0.6652
 397,   9.897e-02,  -1.515e-01,   8.692e-03,       0.117,       0.000,       0.993,   6.053e-04,     -0.4331
 398,   1.169e-01,  -1.515e-01,   6.363e-03,       0.143,       0.000,       0.990,   5.539e-04,     -0.2289
 399,   1.326e-01,  -1.515e-01,   4.010e-03,       0.154,       0.000,       0.988,   4.690e-04,     -0.0545
 400,   1.453e-01,  -1.515e-01,   2.079e-03,       0.146,       0.000,       0.989,   3.555e-04,      0.0876
 401,   1.542e-01,  -1.515e-01,   8.574e-04,       0.120,       0.000,       0.993,   2.211e-04,      0.1990
 402,   1.588e-01,  -1.515e-01,   3.496e-04,       0.082,       0.000,       0.997,   7.488e-05,      0.2506
Strip 16
 403,   1.588e-01,  -1.189e-01,   2.322e-04,       0.019,       0.000,      -1.000,   7.679e-05,      0.2733
 404,   1.542e-01,  -1.189e-01,   3.273e-05,       0.052,       0.000,      -0.999,   2.262e-04,      0.2562
 405,   1.453e-01,  -1.189e-01,  -5.423e-04,       0.072,      -0.000,      -0.997,   3.628e-04,      0.2353
 406,   1.326e-01,  -1.189e-01,  -1.498e-03,       0.077,       0.000,      -0.997,   4.782e-04,      0.2134
 407,   1.169e-01,  -1.189e-01,  -2.661e-03,       0.071,      -0.000,      -0.998,   5.654e-04,      0.2046
 408,   9.897e-02,  -1.189e-01,  -3.769e-03,       0.054,      -0.000,      -0.999,   6.194e-04,      0.2193
 409,   7.997e-02,  -1.189e-01,  -4.587e-03,       0.033,       0.000,      -0.999,   6.373e-04,      0.2630
 410,   6.097e-02,  -1.189e-01,  -5.007e-03,       0.011,       0.000,      -1.000,   6.185e-04,      0.3348
 411,   4.307e-02,  -1.189e-01,  -5.009e-03,      -0.012,       0.000,      -1.000,   5.640e-04,      0.4368
 412,   2.732e-02,  -1.189e-01,  -4.585e-03,      -0.044,       0.000,      -0.999,   4.772e-04,      0.5829
 413,   1.462e-02,  -1.189e-01,  -3.703e-03,      -0.102,       0.000,      -0.995,   3.637e-04,      0.8004
 414,   5.725e-03,  -1.189e-01,  -2.343e-03,      -0.228,       0.000,      -0.974,   2.320e-04,      0.9975
 415,   1.144e-03,  -1.189e-01,  -7.216e-04,      -0.577,       0.000,      -0.817,   9.402e-05,     -1.0733
 416,   1.144e-03,  -1.189e-01,   1.487e-03,      -0.767,       0.000,       0.642,   1.196e-04,     -8.1055
 417,   5.725e-03,  -1.189e-01,   4.460e-03,      -0.421,       0.000,       0.907,   2.490e-04,     -3.5976
 418,   1.462e-02,  -1.189e-01,   7.393e-03,      -0.239,       0.000,       0.971,   3.727e-04,     -2.2333
 419,   2.732e-02,  -1.189e-01,   9.671e-03,      -0.128,       0.000,       0.992,   4.807e-04,     -1.5956
 420,   4.307e-02,  -1.189e-01,   1.103e-02,      -0.050,       0.000,       0.999,   5.647e-04,     -1.2048
 421,   6.097e-02,  -1.189e-01,   1.133e-02,       0.014,       0.000,       1.000,   6.185e-04,     -0.9247
 422,   7.997e-02,  -1.189e-01,   1.049e-02,       0.073,       0.000,       0.997,   6.387e-04,     -0.6756
 423,   9.897e-02,  -1.189e-01,   8.692e-03,       0.117,      -0.000,       0.993,   6.227e-04,     -0.4407
 424,   1.169e-01,  -1.189e-01,   6.363e-03,       0.143,      -0.000,       0.990,   5.698e-04,     -0.2342
 425,   1.326e-01,  -1.189e-01,   4.010e-03,       0.154,       0.000,       0.988,   4.825e-04,     -0.0578
 426,   1.453e-01,  -1.189e-01,   2.079e-03,       0.146,       0.000,       0.989,   3.658e-04,      0.0857
 427,   1.542e-01,  -1.189e-01,   8.574e-04,       0.120,      -0.000,       0.993,   2.275e-04,      0.1982
 428,   1.588e-01,  -1.189e-01,   3.496e-04,       0.082,      -0.000,       0.997,   7.703e-05,      0.2504
Strip 17
 429,   1.588e-01,  -8.550e-02,   2.322e-04,       0.019,       0.000,      -1.000,   7.842e-05,      0.2738
 430,   1.542e-01,  -8.550e-02,   3.273e-05,       0.052,       0.000,      -0.999,   2.310e-04,      0.2570
 431,   1.453e-01,  -8.550e-02,  -5.423e-04,       0.072,       0.000,      -0.997,   3.705e-04,      0.2368
 432,   1.326e-01,  -8.550e-02,  -1.498e-03,       0.077,       0.000,      -0.997,   4.883e-04,      0.2156
 433,   1.169e-01,  -8.550e-02,  -2.661e-03,       0.071,       0.000,      -0.998,   5.774e-04,      0.2076
 434,   9.897e-02,  -8.550e-02,  -3.769e-03,       0.054,       0.000,      -0.999,   6.325e-04,      0.2231
 435,   7.997e-02,  -8.550e-02,  -4.587e-03,       0.033,       0.000,      -0.999,   6.508e-04,      0.2674
 436,   6.097e-02,  -8.550e-02,  -5.007e-03,       0.011,       0.000,      -1.000,   6.316e-04,      0.3399
 437,   4.307e-02,  -8.550e-02,  -5.009e-03,      -0.012,       0.000,      -1.000,   5.760e-04,      0.4425
 438,   2.732e-02,  -8.550e-02,  -4.585e-03,      -0.044,       0.000,      -0.999,   4.874e-04,      0.5890
 439,   1.462e-02,  -8.550e-02,  -3.703e-03,      -0.102,       0.000,      -0.995,   3.714e-04,      0.8063
 440,   5.725e-03,  -8.550e-02,  -2.343e-03,      -0.228,       0.000,      -0.974,   2.369e-04,      0.9962
 441,   1.144e-03,  -8.550e-02,  -7.216e-04,      -0.577,       0.000,      -0.817,   9.601e-05,     -1.1423
 442,   1.144e-03,  -8.550e-02,   1.487e-03,      -0.767,       0.000,       0.642,   1.221e-04,     -8.2534
 443,   5.725e-03,  -8.550e-02,   4.460e-03,      -0.421,       0.000,       0.907,   2.542e-04,     -3.6473
 444,   1.462e-02,  -8.550e-02,   7.393e-03,      -0.239,       0.000,       0.971,   3.805e-04,     -2.2594
 445,   2.732e-02,  -8.550e-02,   9.671e-03,      -0.128,       0.000,       0.992,   4.909e-04,     -1.6128
 446,   4.307e-02,  -8.550e-02,   1.103e-02,      -0.050,       0.000,       0.999,   5.767e-04,     -1.2175
 447,   6.097e-02,  -8.550e-02,   1.133e-02,       0.014,       0.000,       1.000,   6.316e-04,     -0.9346
 448,   7.997e-02,  -8.550e-02,   1.049e-02,       0.073,       0.000,       0.997,   6.522e-04,     -0.6831
 449,   9.897e-02,  -8.550e-02,   8.692e-03,       0.117,       0.000,       0.993,   6.359e-04,     -0.4462
 450,   1.169e-01,  -8.550e-02,   6.363e-03,       0.143,       0.000,       0.990,   5.819e-04,     -0.2380
 451,   1.326e-01,  -8.550e-02,   4.010e-03,       0.154,       0.000,       0.988,   4.927e-04,     -0.0603
 452,   1.453e-01,  -8.550e-02,   2.079e-03,       0.146,       0.000,       0.989,   3.735e-04,      0.0843
 453,   1.542e-01,  -8.550e-02,   8.574e-04,       0.120,       0.000,       0.993,   2.323e-04,      0.1976
 454,   1.588e-01,  -8.550e-02,   3.496e-04,       0.082,       0.000,       0.997,   7.867e-05,      0.2503
Strip 18
 455,   1.588e-01,  -5.154e-02,   2.322e-04,       0.019,       0.000,      -1.000,   7.951e-05,      0.2741
 456,   1.542e-01,  -5.154e-02,   3.273e-05,       0.052,       0.000,      -0.999,   2.342e-04,      0.2576
 457,   1.453e-01,  -5.154e-02,  -5.423e-04,       0.072,       0.000,      -0.997,   3.756e-04,      0.2377
 458,   1.326e-01,  -5.154e-02,  -1.498e-03,       0.077,       0.000,      -0.997,   4.951e-04,      0.2170
 459,   1.169e-01,  -5.154e-02,  -2.661e-03,       0.071,       0.000,      -0.998,   5.854e-04,      0.2095
 460,   9.897e-02,  -5.154e-02,  -3.769e-03,       0.054,       0.000,      -0.999,   6.413e-04,      0.2255
 461,   7.997e-02,  -5.154e-02,  -4.587e-03,       0.033,       0.000,      -0.999,   6.598e-04,      0.2703
 462,   6.097e-02,  -5.154e-02,  -5.007e-03,       0.011,       0.000,      -1.000,   6.404e-04,      0.3432
 463,   4.307e-02,  -5.154e-02,  -5.009e-03,      -0.012,       0.000,      -1.000,   5.840e-04,      0.4462
 464,   2.732e-02,  -5.154e-02,  -4.585e-03,      -0.044,       0.000,      -0.999,   4.941e-04,      0.5930
 465,   1.462e-02,  -5.154e-02,  -3.703e-03,      -0.102,       0.000,      -0.995,   3.766e-04,      0.8101
 466,   5.725e-03,  -5.154e-02,  -2.343e-03,      -0.228,       0.000,      -0.974,   2.402e-04,      0.9953
 467,   1.144e-03,  -5.154e-02,  -7.216e-04,      -0.577,       0.000,      -0.817,   9.734e-05,     -1.1883
 468,   1.144e-03,  -5.154e-02,   1.487e-03,      -0.767,       0.000,       0.642,   1.238e-04,     -8.3514
 469,   5.725e-03,  -5.154e-02,   4.460e-03,      -0.421,       0.000,       0.907,   2.578e-04,     -3.6801
 470,   1.462e-02,  -5.154e-02,   7.393e-03,      -0.239,       0.000,       0.971,   3.858e-04,     -2.2766
 471,   2.732e-02,  -5.154e-02,   9.671e-03,      -0.128,       0.000,       0.992,   4.977e-04,     -1.6242
 472,   4.307e-02,  -5.154e-02,   1.103e-02,      -0.050,       0.000,       0.999,   5.847e-04,     -1.2259
 473,   6.097e-02,  -5.154e-02,   1.133e-02,       0.014,       0.000,       1.000,   6.404e-04,     -0.9410
 474,   7.997e-02,  -5.154e-02,   1.049e-02,       0.073,       0.000,       0.997,   6.613e-04,     -0.6880
 475,   9.897e-02,  -5.154e-02,   8.692e-03,       0.117,       0.000,       0.993,   6.447e-04,     -0.4499
 476,   1.169e-01,  -5.154e-02,   6.363e-03,       0.143,       0.000,       0.990,   5.900e-04,     -0.2405
 477,   1.326e-01,  -5.154e-02,   4.010e-03,       0.154,       0.000,       0.988,   4.996e-04,     -0.0619
 478,   1.453e-01,  -5.154e-02,   2.079e-03,       0.146,       0.000,       0.989,   3.787e-04,      0.0834
 479,   1.542e-01,  -5.154e-02,   8.574e-04,       0.120,       0.000,       0.993,   2.356e-04,      0.1973
 480,   1.588e-01,  -5.154e-02,   3.496e-04,       0.082,       0.000,       0.997,   7.976e-05,      0.2502
Strip 19
 481,   1.588e-01,  -1.722e-02,   2.322e-04,       0.019,       0.000,      -1.000,   8.005e-05,      0.2742
 482,   1.542e-01,  -1.722e-02,   3.273e-05,       0.052,       0.000,      -0.999,   2.358e-04,      0.2579
 483,   1.453e-01,  -1.722e-02,  -5.423e-04,       0.072,       0.000,      -0.997,   3.782e-04,      0.2382
 484,   1.326e-01,  -1.722e-02,  -1.498e-03,       0.077,       0.000,      -0.997,   4.985e-04,      0.2177
 485,   1.169e-01,  -1.722e-02,  -2.661e-03,       0.071,       0.000,      -0.998,   5.894e-04,      0.2105
 486,   9.897e-02,  -1.722e-02,  -3.769e-03,       0.054,       0.000,      -0.999,   6.457e-04,      0.2267
 487,   7.997e-02,  -1.722e-02,  -4.587e-03,       0.033,       0.000,      -0.999,   6.644e-04,      0.2718
 488,   6.097e-02,  -1.722e-02,  -5.007e-03,       0.011,       0.000,      -1.000,   6.448e-04,      0.3448
 489,   4.307e-02,  -1.722e-02,  -5.009e-03,      -0.012,       0.000,      -1.000,   5.880e-04,      0.4480
 490,   2.732e-02,  -1.722e-02,  -4.585e-03,      -0.044,       0.000,      -0.999,   4.975e-04,      0.5950
 491,   1.462e-02,  -1.722e-02,  -3.703e-03,      -0.102,       0.000,      -0.995,   3.792e-04,      0.8120
 492,   5.725e-03,  -1.722e-02,  -2.343e-03,      -0.228,       0.000,      -0.974,   2.418e-04,      0.9948
 493,   1.144e-03,  -1.722e-02,  -7.216e-04,      -0.577,       0.000,      -0.817,   9.801e-05,     -1.2113
 494,   1.144e-03,  -1.722e-02,   1.487e-03,      -0.767,       0.000,       0.642,   1.247e-04,     -8.4002
 495,   5.725e-03,  -1.722e-02,   4.460e-03,      -0.421,       0.000,       0.907,   2.595e-04,     -3.6964
 496,   1.462e-02,  -1.722e-02,   7.393e-03,      -0.239,       0.000,       0.971,   3.885e-04,     -2.2851
 497,   2.732e-02,  -1.722e-02,   9.671e-03,      -0.128,       0.000,       0.992,   5.011e-04,     -1.6298
 498,   4.307e-02,  -1.722e-02,   1.103e-02,      -0.050,       0.000,       0.999,   5.887e-04,     -1.2300
 499,   6.097e-02,  -1.722e-02,   1.133e-02,       0.014,       0.000,       1.000,   6.448e-04,     -0.9442
 500,   7.997e-02,  -1.722e-02,   1.049e-02,       0.073,       0.000,       0.997,   6.658e-04,     -0.6905
 501,   9.897e-02,  -1.722e-02,   8.692e-03,       0.117,      -0.000,       0.993,   6.492e-04,     -0.4516
 502,   1.169e-01,  -1.722e-02,   6.363e-03,       0.143,      -0.000,       0.990,   5.940e-04,     -0.2417
 503,   1.326e-01,  -1.722e-02,   4.010e-03,       0.154,       0.000,       0.988,   5.030e-04,     -0.0627
 504,   1.453e-01,  -1.722e-02,   2.079e-03,       0.146,       0.000,       0.989,   3.813e-04,      0.0830
 505,   1.542e-01,  -1.722e-02,   8.574e-04,       0.120,       0.000,       0.993,   2.372e-04,      0.1971
 506,   1.588e-01,  -1.722e-02,   3.496e-04,       0.082,       0.000,       0.997,   8.031e-05,      0.2502
Strip 20
 507,   1.588e-01,   1.722e-02,   2.322e-04,       0.019,       0.000,      -1.000,   8.005e-05,      0.2742
 508,   1.542e-01,   1.722e-02,   3.273e-05,       0.052,       0.000,      -0.999,   2.358e-04,      0.2579
 509,   1.453e-01,   1.722e-02,  -5.423e-04,       0.072,       0.000,      -0.997,   3.782e-04,      0.2382
 510,   1.326e-01,   1.722e-02,  -1.498e-03,       0.077,       0.000,      -0.997,   4.985e-04,      0.2177
 511,   1.169e-01,   1.722e-02,  -2.661e-03,       0.071,       0.000,      -0.998,   5.894e-04,      0.2105
 512,   9.897e-02,   1.722e-02,  -3.769e-03,       0.054,       0.000,      -0.999,   6.457e-04,      0.2267
 513,   7.997e-02,   1.722e-02,  -4.587e-03,       0.033,       0.000,      -0.999,   6.644e-04,      0.2718
 514,   6.097e-02,   1.722e-02,  -5.007e-03,       0.011,       0.000,      -1.000,   6.448e-04,      0.3448
 515,   4.307e-02,   1.722e-02,  -5.009e-03,      -0.012,       0.000,      -1.000,   5.880e-04,      0.4480
 516,   2.732e-02,   1.722e-02,  -4.585e-03,      -0.044,       0.000,      -0.999,   4.975e-04,      0.5950
 517,   1.462e-02,   1.722e-02,  -3.703e-03,      -0.102,       0.000,      -0.995,   3.792e-04,      0.8120
 518,   5.725e-03,   1.722e-02,  -2.343e-03,      -0.228,       0.000,      -0.974,   2.418e-04,      0.9948
 519,   1.144e-03,   1.722e-02,  -7.216e-04,      -0.577,       0.000,      -0.817,   9.801e-05,     -1.2113
 520,   1.144e-03,   1.722e-02,   1.487e-03,      -0.767,       0.000,       0.642,   1.247e-04,     -8.4002
 521,   5.725e-03,   1.722e-02,   4.460e-03,      -0.421,       0.000,       0.907,   2.595e-04,     -3.6964
 522,   1.462e-02,   1.722e-02,   7.393e-03,      -0.239,       0.000,       0.971,   3.885e-04,     -2.2851
 523,   2.732e-02,   1.722e-02,   9.671e-03,      -0.128,       0.000,       0.992,   5.011e-04,     -1.6298
 524,   4.307e-02,   1.722e-02,   1.103e-02,      -0.050,       0.000,       0.999,   5.887e-04,     -1.2300
 525,   6.097e-02,   1.722e-02,   1.133e-02,       0.014,       0.000,       1.000,   6.448e-04,     -0.9442
 526,   7.997e-02,   1.722e-02,   1.049e-02,       0.073,       0.000,       0.997,   6.658e-04,     -0.6905
 527,   9.897e-02,   1.722e-02,   8.692e-03,       0.117,       0.000,       0.993,   6.492e-04,     -0.4516
 528,   1.169e-01,   1.722e-02,   6.363e-03,       0.143,       0.000,       0.990,   5.940e-04,     -0.2417
 529,   1.326e-01,   1.722e-02,   4.010e-03,       0.154,       0.000,       0.988,   5.030e-04,     -0.0627
 530,   1.453e-01,   1.722e-02,   2.079e-03,       0.146,       0.000,       0.989,   3.813e-04,      0.0830
 531,   1.542e-01,   1.722e-02,   8.574e-04,       0.120,       0.000,       0.993,   2.372e-04,      0.1971
 532,   1.588e-01,   1.722e-02,   3.496e-04,       0.082,       0.000,       0.997,   8.031e-05,      0.2502
Strip 21
 533,   1.588e-01,   5.154e-02,   2.322e-04,       0.019,       0.000,      -1.000,   7.951e-05,      0.2741
 534,   1.542e-01,   5.154e-02,   3.273e-05,       0.052,       0.000,      -0.999,   2.342e-04,      0.2576
 535,   1.453e-01,   5.154e-02,  -5.423e-04,       0.072,       0.000,      -0.997,   3.756e-04,      0.2377
 536,   1.326e-01,   5.154e-02,  -1.498e-03,       0.077,       0.000,      -0.997,   4.951e-04,      0.2170
 537,   1.169e-01,   5.154e-02,  -2.661e-03,       0.071,       0.000,      -0.998,   5.854e-04,      0.2095
 538,   9.897e-02,   5.154e-02,  -3.769e-03,       0.054,       0.000,      -0.999,   6.413e-04,      0.2255
 539,   7.997e-02,   5.154e-02,  -4.587e-03,       0.033,       0.000,      -0.999,   6.598e-04,      0.2703
 540,   6.097e-02,   5.154e-02,  -5.007e-03,       0.011,       0.000,      -1.000,   6.404e-04,      0.3432
 541,   4.307e-02,   5.154e-02,  -5.009e-03,      -0.012,       0.000,      -1.000,   5.840e-04,      0.4462
 542,   2.732e-02,   5.154e-02,  -4.585e-03,      -0.044,       0.000,      -0.999,   4.941e-04,      0.5930
 543,   1.462e-02,   5.154e-02,  -3.703e-03,      -0.102,      -0.000,      -0.995,   3.766e-04,      0.8101
 544,   5.725e-03,   5.154e-02,  -2.343e-03,      -0.228,      -0.000,      -0.974,   2.402e-04,      0.9953
 545,   1.144e-03,   5.154e-02,  -7.216e-04,      -0.577,      -0.000,      -0.817,   9.734e-05,     -1.1883
 546,   1.144e-03,   5.154e-02,   1.487e-03,      -0.767,       0.000,       0.642,   1.238e-04,     -8.3514
 547,   5.725e-03,   5.154e-02,   4.460e-03,      -0.421,       0.000,       0.907,   2.578e-04,     -3.6801
 548,   1.462e-02,   5.154e-02,   7.393e-03,      -0.239,      -0.000,       0.971,   3.858e-04,     -2.2766
 549,   2.732e-02,   5.154e-02,   9.671e-03,      -0.128,      -0.000,       0.992,   4.977e-04,     -1.6242
 550,   4.307e-02,   5.154e-02,   1.103e-02,      -0.050,       0.000,       0.999,   5.847e-04,     -1.2259
 551,   6.097e-02,   5.154e-02,   1.133e-02,       0.014,       0.000,       1.000,   6.404e-04,     -0.9410
 552,   7.997e-02,   5.154e-02,   1.049e-02,       0.073,       0.000,       0.997,   6.613e-04,     -0.6880
 553,   9.897e-02,   5.154e-02,   8.692e-03,       0.117,       0.000,       0.993,   6.447e-04,     -0.4499
 554,   1.169e-01,   5.154e-02,   6.363e-03,       0.143,       0.000,       0.990,   5.900e-04,     -0.2405
 555,   1.326e-01,   5.154e-02,   4.010e-03,       0.154,       0.000,       0.988,   4.996e-04,     -0.0619
 556,   1.453e-01,   5.154e-02,   2.079e-03,       0.146,       0.000,       0.989,   3.787e-04,      0.0834
 557,   1.542e-01,   5.154e-02,   8.574e-04,       0.120,       0.000,       0.993,   2.356e-04,      0.1973
 558,   1.588e-01,   5.154e-02,   3.496e-04,       0.082,       0.000,       0.997,   7.976e-05,      0.2502
Strip 22
 559,   1.588e-01,   8.550e-02,   2.322e-04,       0.019,      -0.000,      -1.000,   7.842e-05,      0.2738
 560,   1.542e-01,   8.550e-02,   3.273e-05,       0.052,       0.000,      -0.999,   2.310e-04,      0.2570
 561,   1.453e-01,   8.550e-02,  -5.423e-04,       0.072,       0.000,      -0.997,   3.705e-04,      0.2368
 562,   1.326e-01,   8.550e-02,  -1.498e-03,       0.077,       0.000,      -0.997,   4.883e-04,      0.2156
 563,   1.169e-01,   8.550e-02,  -2.661e-03,       0.071,      -0.000,      -0.998,   5.774e-04,      0.2076
 564,   9.897e-02,   8.550e-02,  -3.769e-03,       0.054,      -0.000,      -0.999,   6.325e-04,      0.2231
 565,   7.997e-02,   8.550e-02,  -4.587e-03,       0.033,      -0.000,      -0.999,   6.508e-04,      0.2674
 566,   6.097e-02,   8.550e-02,  -5.007e-03,       0.011,      -0.000,      -1.000,   6.316e-04,      0.3399
 567,   4.307e-02,   8.550e-02,  -5.009e-03,      -0.012,      -0.000,      -1.000,   5.760e-04,      0.4425
 568,   2.732e-02,   8.550e-02,  -4.585e-03,      -0.044,      -0.000,      -0.999,   4.874e-04,      0.5890
 569,   1.462e-02,   8.550e-02,  -3.703e-03,      -0.102,       0.000,      -0.995,   3.714e-04,      0.8063
 570,   5.725e-03,   8.550e-02,  -2.343e-03,      -0.228,       0.000,      -0.974,   2.369e-04,      0.9962
 571,   1.144e-03,   8.550e-02,  -7.216e-04,      -0.577,       0.000,      -0.817,   9.601e-05,     -1.1423
 572,   1.144e-03,   8.550e-02,   1.487e-03,      -0.767,       0.000,       0.642,   1.221e-04,     -8.2534
 573,   5.725e-03,   8.550e-02,   4.460e-03,      -0.421,       0.000,       0.907,   2.542e-04,     -3.6473
 574,   1.462e-02,   8.550e-02,   7.393e-03,      -0.239,       0.000,       0.971,   3.805e-04,     -2.2594
 575,   2.732e-02,   8.550e-02,   9.671e-03,      -0.128,       0.000,       0.992,   4.909e-04,     -1.6128
 576,   4.307e-02,   8.550e-02,   1.103e-02,      -0.050,      -0.000,       0.999,   5.767e-04,     -1.2175
 577,   6.097e-02,   8.550e-02,   1.133e-02,       0.014,      -0.000,       1.000,   6.316e-04,     -0.9346
 578,   7.997e-02,   8.550e-02,   1.049e-02,       0.073,      -0.000,       0.997,   6.522e-04,     -0.6831
 579,   9.897e-02,   8.550e-02,   8.692e-03,       0.117,      -0.000,       0.993,   6.359e-04,     -0.4462
 580,   1.169e-01,   8.550e-02,   6.363e-03,       0.143,      -0.000,       0.990,   5.819e-04,     -0.2380
 581,   1.326e-01,   8.550e-02,   4.010e-03,       0.154,       0.000,       0.988,   4.927e-04,     -0.0603
 582,   1.453e-01,   8.550e-02,   2.079e-03,       0.146,      -0.000,       0.989,   3.735e-04,      0.0843
 583,   1.542e-01,   8.550e-02,   8.574e-04,       0.120,      -0.000,       0.993,   2.323e-04,      0.1976
 584,   1.588e-01,   8.550e-02,   3.496e-04,       0.082,      -0.000,       0.997,   7.867e-05,      0.2503
Strip 23
 585,   1.588e-01,   1.189e-01,   2.322e-04,       0.019,       0.000,      -1.000,   7.679e-05,      0.2733
 586,   1.542e-01,   1.189e-01,   3.273e-05,       0.052,       0.000,      -0.999,   2.262e-04,      0.2562
 587,   1.453e-01,   1.189e-01,  -5.423e-04,       0.072,       0.000,      -0.997,   3.628e-04,      0.2353
 588,   1.326e-01,   1.189e-01,  -1.498e-03,       0.077,       0.000,      -0.997,   4.782e-04,      0.2134
 589,   1.169e-01,   1.189e-01,  -2.661e-03,       0.071,      -0.000,      -0.998,   5.654e-04,      0.2046
 590,   9.897e-02,   1.189e-01,  -3.769e-03,       0.054,       0.000,      -0.999,   6.194e-04,      0.2193
 591,   7.997e-02,   1.189e-01,  -4.587e-03,       0.033,       0.000,      -0.999,   6.373e-04,      0.2630
 592,   6.097e-02,   1.189e-01,  -5.007e-03,       0.011,       0.000,      -1.000,   6.185e-04,      0.3348
 593,   4.307e-02,   1.189e-01,  -5.009e-03,      -0.012,       0.000,      -1.000,   5.640e-04,      0.4368
 594,   2.732e-02,   1.189e-01,  -4.585e-03,      -0.044,       0.000,      -0.999,   4.772e-04,      0.5829
 595,   1.462e-02,   1.189e-01,  -3.703e-03,      -0.102,       0.000,      -0.995,   3.637e-04,      0.8004
 596,   5.725e-03,   1.189e-01,  -2.343e-03,      -0.228,       0.000,      -0.974,   2.320e-04,      0.9975
 597,   1.144e-03,   1.189e-01,  -7.216e-04,      -0.577,       0.000,      -0.817,   9.402e-05,     -1.0733
 598,   1.144e-03,   1.189e-01,   1.487e-03,      -0.767,       0.000,       0.642,   1.196e-04,     -8.1055
 599,   5.725e-03,   1.189e-01,   4.460e-03,      -0.421,       0.000,       0.907,   2.490e-04,     -3.5976
 600,   1.462e-02,   1.189e-01,   7.393e-03,      -0.239,       0.000,       0.971,   3.727e-04,     -2.2333
 601,   2.732e-02,   1.189e-01,   9.671e-03,      -0.128,       0.000,       0.992,   4.807e-04,     -1.5956
 602,   4.307e-02,   1.189e-01,   1.103e-02,      -0.050,       0.000,       0.999,   5.647e-04,     -1.2048
 603,   6.097e-02,   1.189e-01,   1.133e-02,       0.014,       0.000,       1.000,   6.185e-04,     -0.9247
 604,   7.997e-02,   1.189e-01,   1.049e-02,       0.073,       0.000,       0.997,   6.387e-04,     -0.6756
 605,   9.897e-02,   1.189e-01,   8.692e-03,       0.117,       0.000,       0.993,   6.227e-04,     -0.4407
 606,   1.169e-01,   1.189e-01,   6.363e-03,       0.143,      -0.000,       0.990,   5.698e-04,     -0.2342
 607,   1.326e-01,   1.189e-01,   4.010e-03,       0.154,       0.000,       0.988,   4.825e-04,     -0.0578
 608,   1.453e-01,   1.189e-01,   2.079e-03,       0.146,       0.000,       0.989,   3.658e-04,      0.0857
 609,   1.542e-01,   1.189e-01,   8.574e-04,       0.120,       0.000,       0.993,   2.275e-04,      0.1982
 610,   1.588e-01,   1.189e-01,   3.496e-04,       0.082,       0.000,       0.997,   7.703e-05,      0.2504
Strip 24
 611,   1.588e-01,   1.515e-01,   2.322e-04,       0.019,       0.000,      -1.000,   7.464e-05,      0.2726
 612,   1.542e-01,   1.515e-01,   3.273e-05,       0.052,       0.000,      -0.999,   2.198e-04,      0.2549
 613,   1.453e-01,   1.515e-01,  -5.423e-04,       0.072,       0.000,      -0.997,   3.526e-04,      0.2331
 614,   1.326e-01,   1.515e-01,  -1.498e-03,       0.077,       0.000,      -0.997,   4.648e-04,      0.2103
 615,   1.169e-01,   1.515e-01,  -2.661e-03,       0.071,       0.000,      -0.998,   5.496e-04,      0.2005
 616,   9.897e-02,   1.515e-01,  -3.769e-03,       0.054,       0.000,      -0.999,   6.020e-04,      0.2141
 617,   7.997e-02,   1.515e-01,  -4.587e-03,       0.033,       0.000,      -0.999,   6.195e-04,      0.2568
 618,   6.097e-02,   1.515e-01,  -5.007e-03,       0.011,       0.000,      -1.000,   6.012e-04,      0.3277
 619,   4.307e-02,   1.515e-01,  -5.009e-03,      -0.012,       0.000,      -1.000,   5.483e-04,      0.4290
 620,   2.732e-02,   1.515e-01,  -4.585e-03,      -0.044,       0.000,      -0.999,   4.639e-04,      0.5744
 621,   1.462e-02,   1.515e-01,  -3.703e-03,      -0.102,       0.000,      -0.995,   3.535e-04,      0.7922
 622,   5.725e-03,   1.515e-01,  -2.343e-03,      -0.228,       0.000,      -0.974,   2.255e-04,      0.9987
 623,   1.144e-03,   1.515e-01,  -7.216e-04,      -0.577,       0.000,      -0.817,   9.139e-05,     -0.9815
 624,   1.144e-03,   1.515e-01,   1.487e-03,      -0.767,       0.000,       0.642,   1.162e-04,     -7.9065
 625,   5.725e-03,   1.515e-01,   4.460e-03,      -0.421,       0.000,       0.907,   2.420e-04,     -3.5305
 626,   1.462e-02,   1.515e-01,   7.393e-03,      -0.239,       0.000,       0.971,   3.622e-04,     -2.1979
 627,   2.732e-02,   1.515e-01,   9.671e-03,      -0.128,       0.000,       0.992,   4.672e-04,     -1.5720
 628,   4.307e-02,   1.515e-01,   1.103e-02,      -0.050,       0.000,       0.999,   5.489e-04,     -1.1874
 629,   6.097e-02,   1.515e-01,   1.133e-02,       0.014,       0.000,       1.000,   6.012e-04,     -0.9112
 630,   7.997e-02,   1.515e-01,   1.049e-02,       0.073,       0.000,       0.997,   6.208e-04,     -0.6652
 631,   9.897e-02,   1.515e-01,   8.692e-03,       0.117,       0.000,       0.993,   6.053e-04,     -0.4331
 632,   1.169e-01,   1.515e-01,   6.363e-03,       0.143,       0.000,       0.990,   5.539e-04,     -0.2289
 633,   1.326e-01,   1.515e-01,   4.010e-03,       0.154,       0.000,       0.988,   4.690e-04,     -0.0545
 634,   1.453e-01,   1.515e-01,   2.079e-03,       0.146,       0.000,       0.989,   3.555e-04,      0.0876
 635,   1.542e-01,   1.515e-01,   8.574e-04,       0.120,       0.000,       0.993,   2.211e-04,      0.1990
 636,   1.588e-01,   1.515e-01,   3.496e-04,       0.082,      -0.000,       0.997,   7.488e-05,      0.2506
Strip 25
 637,   1.588e-01,   1.830e-01,   2.322e-04,       0.019,       0.000,      -1.000,   7.198e-05,      0.2716
 638,   1.542e-01,   1.830e-01,   3.273e-05,       0.052,       0.000,      -0.999,   2.120e-04,      0.2532
 639,   1.453e-01,   1.830e-01,  -5.423e-04,       0.072,       0.000,      -0.997,   3.401e-04,      0.2302
 640,   1.326e-01,   1.830e-01,  -1.498e-03,       0.077,       0.000,      -0.997,   4.482e-04,      0.2062
 641,   1.169e-01,   1.830e-01,  -2.661e-03,       0.071,       0.000,      -0.998,   5.300e-04,      0.1950
 642,   9.897e-02,   1.830e-01,  -3.769e-03,       0.054,       0.000,      -0.999,   5.806e-04,      0.2073
 643,   7.997e-02,   1.830e-01,  -4.587e-03,       0.033,       0.000,      -0.999,   5.974e-04,      0.2487
 644,   6.097e-02,   1.830e-01,  -5.007e-03,       0.011,       0.000,      -1.000,   5.798e-04,      0.3185
 645,   4.307e-02,   1.830e-01,  -5.009e-03,      -0.012,       0.000,      -1.000,   5.287e-04,      0.4188
 646,   2.732e-02,   1.830e-01,  -4.585e-03,      -0.044,       0.000,      -0.999,   4.474e-04,      0.5633
 647,   1.462e-02,   1.830e-01,  -3.703e-03,      -0.102,       0.000,      -0.995,   3.409e-04,      0.7814
 648,   5.725e-03,   1.830e-01,  -2.343e-03,      -0.228,       0.000,      -0.974,   2.174e-04,      0.9997
 649,   1.144e-03,   1.830e-01,  -7.216e-04,      -0.577,       0.000,      -0.817,   8.813e-05,     -0.8671
 650,   1.144e-03,   1.830e-01,   1.487e-03,      -0.767,       0.000,       0.642,   1.121e-04,     -7.6555
 651,   5.725e-03,   1.830e-01,   4.460e-03,      -0.421,       0.000,       0.907,   2.334e-04,     -3.4453
 652,   1.462e-02,   1.830e-01,   7.393e-03,      -0.239,       0.000,       0.971,   3.493e-04,     -2.1528
 653,   2.732e-02,   1.830e-01,   9.671e-03,      -0.128,       0.000,       0.992,   4.506e-04,     -1.5418
 654,   4.307e-02,   1.830e-01,   1.103e-02,      -0.050,       0.000,       0.999,   5.293e-04,     -1.1648
 655,   6.097e-02,   1.830e-01,   1.133e-02,       0.014,       0.000,       1.000,   5.798e-04,     -0.8937
 656,   7.997e-02,   1.830e-01,   1.049e-02,       0.073,       0.000,       0.997,   5.987e-04,     -0.6518
 657,   9.897e-02,   1.830e-01,   8.692e-03,       0.117,       0.000,       0.993,   5.837e-04,     -0.4232
 658,   1.169e-01,   1.830e-01,   6.363e-03,       0.143,       0.000,       0.990,   5.341e-04,     -0.2221
 659,   1.326e-01,   1.830e-01,   4.010e-03,       0.154,       0.000,       0.988,   4.523e-04,     -0.0502
 660,   1.453e-01,   1.830e-01,   2.079e-03,       0.146,       0.000,       0.989,   3.429e-04,      0.0900
 661,   1.542e-01,   1.830e-01,   8.574e-04,       0.120,       0.000,       0.993,   2.133e-04,      0.1998
 662,   1.588e-01,   1.830e-01,   3.496e-04,       0.082,       0.000,       0.997,   7.221e-05,      0.2506
Strip 26
 663,   1.588e-01,   2.133e-01,   2.322e-04,       0.019,       0.000,      -1.000,   6.883e-05,      0.2702
 664,   1.542e-01,   2.133e-01,   3.273e-05,       0.052,       0.000,      -0.999,   2.027e-04,      0.2509
 665,   1.453e-01,   2.133e-01,  -5.423e-04,       0.072,      -0.000,      -0.997,   3.252e-04,      0.2265
 666,   1.326e-01,   2.133e-01,  -1.498e-03,       0.077,       0.000,      -0.997,   4.286e-04,      0.2008
 667,   1.169e-01,   2.133e-01,  -2.661e-03,       0.071,       0.000,      -0.998,   5.068e-04,      0.1880
 668,   9.897e-02,   2.133e-01,  -3.769e-03,       0.054,       0.000,      -0.999,   5.551e-04,      0.1985
 669,   7.997e-02,   2.133e-01,  -4.587e-03,       0.033,       0.000,      -0.999,   5.712e-04,      0.2384
 670,   6.097e-02,   2.133e-01,  -5.007e-03,       0.011,       0.000,      -1.000,   5.544e-04,      0.3069
 671,   4.307e-02,   2.133e-01,  -5.009e-03,      -0.012,       0.000,      -1.000,   5.056e-04,      0.4059
 672,   2.732e-02,   2.133e-01,  -4.585e-03,      -0.044,       0.000,      -0.999,   4.278e-04,      0.5493
 673,   1.462e-02,   2.133e-01,  -3.703e-03,      -0.102,       0.000,      -0.995,   3.260e-04,      0.7677
 674,   5.725e-03,   2.133e-01,  -2.343e-03,      -0.228,       0.000,      -0.974,   2.079e-04,      0.9998
 675,   1.144e-03,   2.133e-01,  -7.216e-04,      -0.577,       0.000,      -0.817,   8.427e-05,     -0.7311
 676,   1.144e-03,   2.133e-01,   1.487e-03,      -0.767,       0.000,       0.642,   1.072e-04,     -7.3517
 677,   5.725e-03,   2.133e-01,   4.460e-03,      -0.421,       0.000,       0.907,   2.231e-04,     -3.3414
 678,   1.462e-02,   2.133e-01,   7.393e-03,      -0.239,       0.000,       0.971,   3.340e-04,     -2.0972
 679,   2.732e-02,   2.133e-01,   9.671e-03,      -0.128,       0.000,       0.992,   4.309e-04,     -1.5043
 680,   4.307e-02,   2.133e-01,   1.103e-02,      -0.050,       0.000,       0.999,   5.062e-04,     -1.1368
 681,   6.097e-02,   2.133e-01,   1.133e-02,       0.014,       0.000,       1.000,   5.544e-04,     -0.8717
 682,   7.997e-02,   2.133e-01,   1.049e-02,       0.073,       0.000,       0.997,   5.724e-04,     -0.6348
 683,   9.897e-02,   2.133e-01,   8.692e-03,       0.117,      -0.000,       0.993,   5.581e-04,     -0.4108
 684,   1.169e-01,   2.133e-01,   6.363e-03,       0.143,      -0.000,       0.990,   5.108e-04,     -0.2136
 685,   1.326e-01,   2.133e-01,   4.010e-03,       0.154,       0.000,       0.988,   4.325e-04,     -0.0449
 686,   1.453e-01,   2.133e-01,   2.079e-03,       0.146,       0.000,       0.989,   3.278e-04,      0.0928
 687,   1.542e-01,   2.133e-01,   8.574e-04,       0.120,       0.000,       0.993,   2.039e-04,      0.2007
 688,   1.588e-01,   2.133e-01,   3.496e-04,       0.082,       0.000,       0.997,   6.905e-05,      0.2504
Strip 27
 689,   1.588e-01,   2.421e-01,   2.322e-04,       0.019,       0.000,      -1.000,   6.521e-05,      0.2681
 690,   1.542e-01,   2.421e-01,   3.273e-05,       0.052,       0.000,      -0.999,   1.921e-04,      0.2478
 691,   1.453e-01,   2.421e-01,  -5.423e-04,       0.072,       0.000,      -0.997,   3.081e-04,      0.2216
 692,   1.326e-01,   2.421e-01,  -1.498e-03,       0.077,       0.000,      -0.997,   4.061e-04,      0.1940
 693,   1.169e-01,   2.421e-01,  -2.661e-03,       0.071,       0.000,      -0.998,   4.801e-04,      0.1791
 694,   9.897e-02,   2.421e-01,  -3.769e-03,       0.054,       0.000,      -0.999,   5.259e-04,      0.1875
 695,   7.997e-02,   2.421e-01,  -4.587e-03,       0.033,       0.000,      -0.999,   5.412e-04,      0.2256
 696,   6.097e-02,   2.421e-01,  -5.007e-03,       0.011,       0.000,      -1.000,   5.252e-04,      0.2924
 697,   4.307e-02,   2.421e-01,  -5.009e-03,      -0.012,       0.000,      -1.000,   4.790e-04,      0.3899
 698,   2.732e-02,   2.421e-01,  -4.585e-03,      -0.044,       0.000,      -0.999,   4.053e-04,      0.5320
 699,   1.462e-02,   2.421e-01,  -3.703e-03,      -0.102,       0.000,      -0.995,   3.089e-04,      0.7506
 700,   5.725e-03,   2.421e-01,  -2.343e-03,      -0.228,       0.000,      -0.974,   1.970e-04,      0.9984
 701,   1.144e-03,   2.421e-01,  -7.216e-04,      -0.577,       0.000,      -0.817,   7.984e-05,     -0.5750
 702,   1.144e-03,   2.421e-01,   1.487e-03,      -0.767,       0.000,       0.642,   1.015e-04,     -6.9949
 703,   5.725e-03,   2.421e-01,   4.460e-03,      -0.421,       0.000,       0.907,   2.114e-04,     -3.2182
 704,   1.462e-02,   2.421e-01,   7.393e-03,      -0.239,       0.000,       0.971,   3.164e-04,     -2.0308
 705,   2.732e-02,   2.421e-01,   9.671e-03,      -0.128,       0.000,       0.992,   4.082e-04,     -1.4592
 706,   4.307e-02,   2.421e-01,   1.103e-02,      -0.050,       0.000,       0.999,   4.795e-04,     -1.1026
 707,   6.097e-02,   2.421e-01,   1.133e-02,       0.014,       0.000,       1.000,   5.252e-04,     -0.8448
 708,   7.997e-02,   2.421e-01,   1.049e-02,       0.073,       0.000,       0.997,   5.423e-04,     -0.6140
 709,   9.897e-02,   2.421e-01,   8.692e-03,       0.117,       0.000,       0.993,   5.288e-04,     -0.3956
 710,   1.169e-01,   2.421e-01,   6.363e-03,       0.143,       0.000,       0.990,   4.839e-04,     -0.2032
 711,   1.326e-01,   2.421e-01,   4.010e-03,       0.154,       0.000,       0.988,   4.097e-04,     -0.0386
 712,   1.453e-01,   2.421e-01,   2.079e-03,       0.146,       0.000,       0.989,   3.106e-04,      0.0960
 713,   1.542e-01,   2.421e-01,   8.574e-04,       0.120,       0.000,       0.993,   1.932e-04,      0.2014
 714,   1.588e-01,   2.421e-01,   3.496e-04,       0.082,       0.000,       0.997,   6.541e-05,      0.2498
Strip 28
 715,   1.588e-01,   2.693e-01,   2.322e-04,       0.019,       0.000,      -1.000,   6.114e-05,      0.2651
 716,   1.542e-01,   2.693e-01,   3.273e-05,       0.052,       0.000,      -0.999,   1.801e-04,      0.2435
 717,   1.453e-01,   2.693e-01,  -5.423e-04,       0.072,       0.000,      -0.997,   2.888e-04,      0.2152
 718,   1.326e-01,   2.693e-01,  -1.498e-03,       0.077,       0.000,      -0.997,   3.807e-04,      0.1854
 719,   1.169e-01,   2.693e-01,  -2.661e-03,       0.071,      -0.000,      -0.998,   4.502e-04,      0.1679
 720,   9.897e-02,   2.693e-01,  -3.769e-03,       0.054,      -0.000,      -0.999,   4.931e-04,      0.1740
 721,   7.997e-02,   2.693e-01,  -4.587e-03,       0.033,       0.000,      -0.999,   5.074e-04,      0.2098
 722,   6.097e-02,   2.693e-01,  -5.007e-03,       0.011,       0.000,      -1.000,   4.924e-04,      0.2748
 723,   4.307e-02,   2.693e-01,  -5.009e-03,      -0.012,       0.000,      -1.000,   4.491e-04,      0.3705
 724,   2.732e-02,   2.693e-01,  -4.585e-03,      -0.044,       0.000,      -0.999,   3.800e-04,      0.5110
 725,   1.462e-02,   2.693e-01,  -3.703e-03,      -0.102,       0.000,      -0.995,   2.896e-04,      0.7296
 726,   5.725e-03,   2.693e-01,  -2.343e-03,      -0.228,       0.000,      -0.974,   1.847e-04,      0.9946
 727,   1.144e-03,   2.693e-01,  -7.216e-04,      -0.577,       0.000,      -0.817,   7.486e-05,     -0.4011
 728,   1.144e-03,   2.693e-01,   1.487e-03,      -0.767,       0.000,       0.642,   9.520e-05,     -6.5858
 729,   5.725e-03,   2.693e-01,   4.460e-03,      -0.421,       0.000,       0.907,   1.982e-04,     -3.0754
 730,   1.462e-02,   2.693e-01,   7.393e-03,      -0.239,       0.000,       0.971,   2.967e-04,     -1.9530
 731,   2.732e-02,   2.693e-01,   9.671e-03,      -0.128,       0.000,       0.992,   3.827e-04,     -1.4056
 732,   4.307e-02,   2.693e-01,   1.103e-02,      -0.050,       0.000,       0.999,   4.496e-04,     -1.0618
 733,   6.097e-02,   2.693e-01,   1.133e-02,       0.014,       0.000,       1.000,   4.925e-04,     -0.8125
 734,   7.997e-02,   2.693e-01,   1.049e-02,       0.073,       0.000,       0.997,   5.085e-04,     -0.5890
 735,   9.897e-02,   2.693e-01,   8.692e-03,       0.117,      -0.000,       0.993,   4.958e-04,     -0.3774
 736,   1.169e-01,   2.693e-01,   6.363e-03,       0.143,      -0.000,       0.990,   4.537e-04,     -0.1911
 737,   1.326e-01,   2.693e-01,   4.010e-03,       0.154,       0.000,       0.988,   3.842e-04,     -0.0315
 738,   1.453e-01,   2.693e-01,   2.079e-03,       0.146,       0.000,       0.989,   2.912e-04,      0.0992
 739,   1.542e-01,   2.693e-01,   8.574e-04,       0.120,      -0.000,       0.993,   1.811e-04,      0.2017
 740,   1.588e-01,   2.693e-01,   3.496e-04,       0.082,      -0.000,       0.997,   6.133e-05,      0.2485
Strip 29
 741,   1.588e-01,   2.946e-01,   2.322e-04,       0.019,       0.000,      -1.000,   5.666e-05,      0.2606
 742,   1.542e-01,   2.946e-01,   3.273e-05,       0.052,       0.000,      -0.999,   1.669e-04,      0.2375
 743,   1.453e-01,   2.946e-01,  -5.423e-04,       0.072,       0.000,      -0.997,   2.677e-04,      0.2067
 744,   1.326e-01,   2.946e-01,  -1.498e-03,       0.077,       0.000,      -0.997,   3.528e-04,      0.1743
 745,   1.169e-01,   2.946e-01,  -2.661e-03,       0.071,       0.000,      -0.998,   4.172e-04,      0.1540
 746,   9.897e-02,   2.946e-01,  -3.769e-03,       0.054,       0.000,      -0.999,   4.569e-04,      0.1573
 747,   7.997e-02,   2.946e-01,  -4.587e-03,       0.033,       0.000,      -0.999,   4.702e-04,      0.1907
 748,   6.097e-02,   2.946e-01,  -5.007e-03,       0.011,       0.000,      -1.000,   4.563e-04,      0.2534
 749,   4.307e-02,   2.946e-01,  -5.009e-03,      -0.012,       0.000,      -1.000,   4.161e-04,      0.3470
 750,   2.732e-02,   2.946e-01,  -4.585e-03,      -0.044,       0.000,      -0.999,   3.521e-04,      0.4856
 751,   1.462e-02,   2.946e-01,  -3.703e-03,      -0.102,       0.000,      -0.995,   2.684e-04,      0.7039
 752,   5.725e-03,   2.946e-01,  -2.343e-03,      -0.228,       0.000,      -0.974,   1.711e-04,      0.9872
 753,   1.144e-03,   2.946e-01,  -7.216e-04,      -0.577,       0.000,      -0.817,   6.937e-05,     -0.2130
 754,   1.144e-03,   2.946e-01,   1.487e-03,      -0.767,       0.000,       0.642,   8.822e-05,     -6.1267
 755,   5.725e-03,   2.946e-01,   4.460e-03,      -0.421,       0.000,       0.907,   1.837e-04,     -2.9129
 756,   1.462e-02,   2.946e-01,   7.393e-03,      -0.239,       0.000,       0.971,   2.749e-04,     -1.8631
 757,   2.732e-02,   2.946e-01,   9.671e-03,      -0.128,       0.000,       0.992,   3.547e-04,     -1.3430
 758,   4.307e-02,   2.946e-01,   1.103e-02,      -0.050,       0.000,       0.999,   4.166e-04,     -1.0136
 759,   6.097e-02,   2.946e-01,   1.133e-02,       0.014,       0.000,       1.000,   4.563e-04,     -0.7741
 760,   7.997e-02,   2.946e-01,   1.049e-02,       0.073,       0.000,       0.997,   4.712e-04,     -0.5594
 761,   9.897e-02,   2.946e-01,   8.692e-03,       0.117,       0.000,       0.993,   4.594e-04,     -0.3561
 762,   1.169e-01,   2.946e-01,   6.363e-03,       0.143,       0.000,       0.990,   4.204e-04,     -0.1772
 763,   1.326e-01,   2.946e-01,   4.010e-03,       0.154,       0.000,       0.988,   3.560e-04,     -0.0239
 764,   1.453e-01,   2.946e-01,   2.079e-03,       0.146,       0.000,       0.989,   2.699e-04,      0.1020
 765,   1.542e-01,   2.946e-01,   8.574e-04,       0.120,       0.000,       0.993,   1.679e-04,      0.2008
 766,   1.588e-01,   2.946e-01,   3.496e-04,       0.082,       0.000,       0.997,   5.683e-05,      0.2457
Strip 30
 767,   1.588e-01,   3.179e-01,   2.322e-04,       0.019,       0.000,      -1.000,   5.178e-05,      0.2538
 768,   1.542e-01,   3.179e-01,   3.273e-05,       0.052,       0.000,      -0.999,   1.525e-04,      0.2289
 769,   1.453e-01,   3.179e-01,  -5.423e-04,       0.072,       0.000,      -0.997,   2.446e-04,      0.1952
 770,   1.326e-01,   3.179e-01,  -1.498e-03,       0.077,       0.000,      -0.997,   3.225e-04,      0.1599
 771,   1.169e-01,   3.179e-01,  -2.661e-03,       0.071,      -0.000,      -0.998,   3.813e-04,      0.1365
 772,   9.897e-02,   3.179e-01,  -3.769e-03,       0.054,      -0.000,      -0.999,   4.177e-04,      0.1368
 773,   7.997e-02,   3.179e-01,  -4.587e-03,       0.033,       0.000,      -0.999,   4.298e-04,      0.1675
 774,   6.097e-02,   3.179e-01,  -5.007e-03,       0.011,       0.000,      -1.000,   4.171e-04,      0.2277
 775,   4.307e-02,   3.179e-01,  -5.009e-03,      -0.012,       0.000,      -1.000,   3.804e-04,      0.3190
 776,   2.732e-02,   3.179e-01,  -4.585e-03,      -0.044,       0.000,      -0.999,   3.218e-04,      0.4551
 777,   1.462e-02,   3.179e-01,  -3.703e-03,      -0.102,       0.000,      -0.995,   2.453e-04,      0.6728
 778,   5.725e-03,   3.179e-01,  -2.343e-03,      -0.228,       0.000,      -0.974,   1.564e-04,      0.9750
 779,   1.144e-03,   3.179e-01,  -7.216e-04,      -0.577,       0.000,      -0.817,   6.340e-05,     -0.0152
 780,   1.144e-03,   3.179e-01,   1.487e-03,      -0.767,       0.000,       0.642,   8.063e-05,     -5.6214
 781,   5.725e-03,   3.179e-01,   4.460e-03,      -0.421,       0.000,       0.907,   1.679e-04,     -2.7310
 782,   1.462e-02,   3.179e-01,   7.393e-03,      -0.239,       0.000,       0.971,   2.513e-04,     -1.7610
 783,   2.732e-02,   3.179e-01,   9.671e-03,      -0.128,       0.000,       0.992,   3.242e-04,     -1.2709
 784,   4.307e-02,   3.179e-01,   1.103e-02,      -0.050,       0.000,       0.999,   3.808e-04,     -0.9575
 785,   6.097e-02,   3.179e-01,   1.133e-02,       0.014,       0.000,       1.000,   4.171e-04,     -0.7295
 786,   7.997e-02,   3.179e-01,   1.049e-02,       0.073,       0.000,       0.997,   4.307e-04,     -0.5251
 787,   9.897e-02,   3.179e-01,   8.692e-03,       0.117,      -0.000,       0.993,   4.199e-04,     -0.3319
 788,   1.169e-01,   3.179e-01,   6.363e-03,       0.143,      -0.000,       0.990,   3.843e-04,     -0.1622
 789,   1.326e-01,   3.179e-01,   4.010e-03,       0.154,      -0.000,       0.988,   3.254e-04,     -0.0166
 790,   1.453e-01,   3.179e-01,   2.079e-03,       0.146,       0.000,       0.989,   2.466e-04,      0.1033
 791,   1.542e-01,   3.179e-01,   8.574e-04,       0.120,       0.000,       0.993,   1.534e-04,      0.1977
 792,   1.588e-01,   3.179e-01,   3.496e-04,       0.082,       0.000,       0.997,   5.195e-05,      0.2403
Strip 31
 793,   1.588e-01,   3.391e-01,   2.322e-04,       0.019,       0.000,      -1.000,   4.656e-05,      0.2430
 794,   1.542e-01,   3.391e-01,   3.273e-05,       0.052,       0.000,      -0.999,   1.371e-04,      0.2161
 795,   1.453e-01,   3.391e-01,  -5.423e-04,       0.072,      -0.000,      -0.997,   2.200e-04,      0.1792
 796,   1.326e-01,   3.391e-01,  -1.498e-03,       0.077,       0.000,      -0.997,   2.899e-04,      0.1406
 797,   1.169e-01,   3.391e-01,  -2.661e-03,       0.071,       0.000,      -0.998,   3.428e-04,      0.1141
 798,   9.897e-02,   3.391e-01,  -3.769e-03,       0.054,       0.000,      -0.999,   3.755e-04,      0.1116
 799,   7.997e-02,   3.391e-01,  -4.587e-03,       0.033,       0.000,      -0.999,   3.864e-04,      0.1397
 800,   6.097e-02,   3.391e-01,  -5.007e-03,       0.011,       0.000,      -1.000,   3.750e-04,      0.1973
 801,   4.307e-02,   3.391e-01,  -5.009e-03,      -0.012,       0.000,      -1.000,   3.420e-04,      0.2856
 802,   2.732e-02,   3.391e-01,  -4.585e-03,      -0.044,      -0.000,      -0.999,   2.893e-04,      0.4188
 803,   1.462e-02,   3.391e-01,  -3.703e-03,      -0.102,      -0.000,      -0.995,   2.205e-04,      0.6350
 804,   5.725e-03,   3.391e-01,  -2.343e-03,      -0.228,       0.000,      -0.974,   1.406e-04,      0.9560
 805,   1.144e-03,   3.391e-01,  -7.216e-04,      -0.577,       0.000,      -0.817,   5.700e-05,      0.1861
 806,   1.144e-03,   3.391e-01,   1.487e-03,      -0.767,       0.000,       0.642,   7.249e-05,     -5.0756
 807,   5.725e-03,   3.391e-01,   4.460e-03,      -0.421,       0.000,       0.907,   1.509e-04,     -2.5309
 808,   1.462e-02,   3.391e-01,   7.393e-03,      -0.239,      -0.000,       0.971,   2.259e-04,     -1.6465
 809,   2.732e-02,   3.391e-01,   9.671e-03,      -0.128,      -0.000,       0.992,   2.914e-04,     -1.1888
 810,   4.307e-02,   3.391e-01,   1.103e-02,      -0.050,      -0.000,       0.999,   3.424e-04,     -0.8932
 811,   6.097e-02,   3.391e-01,   1.133e-02,       0.014,       0.000,       1.000,   3.750e-04,     -0.6783
 812,   7.997e-02,   3.391e-01,   1.049e-02,       0.073,       0.000,       0.997,   3.872e-04,     -0.4864
 813,   9.897e-02,   3.391e-01,   8.692e-03,       0.117,       0.000,       0.993,   3.775e-04,     -0.3056
 814,   1.169e-01,   3.391e-01,   6.363e-03,       0.143,       0.000,       0.990,   3.455e-04,     -0.1473
 815,   1.326e-01,   3.391e-01,   4.010e-03,       0.154,       0.000,       0.988,   2.925e-04,     -0.0112
 816,   1.453e-01,   3.391e-01,   2.079e-03,       0.146,       0.000,       0.989,   2.218e-04,      0.1013
 817,   1.542e-01,   3.391e-01,   8.574e-04,       0.120,       0.000,       0.993,   1.379e-04,      0.1904
 818,   1.588e-01,   3.391e-01,   3.496e-04,       0.082,      -0.000,       0.997,   4.670e-05,      0.2303
Strip 32
 819,   1.588e-01,   3.579e-01,   2.322e-04,       0.019,       0.000,      -1.000,   4.101e-05,      0.2251
 820,   1.542e-01,   3.579e-01,   3.273e-05,       0.052,       0.000,      -0.999,   1.208e-04,      0.1960
 821,   1.453e-01,   3.579e-01,  -5.423e-04,       0.072,       0.000,      -0.997,   1.938e-04,      0.1557
 822,   1.326e-01,   3.579e-01,  -1.498e-03,       0.077,       0.000,      -0.997,   2.554e-04,      0.1139
 823,   1.169e-01,   3.579e-01,  -2.661e-03,       0.071,       0.000,      -0.998,   3.020e-04,      0.0848
 824,   9.897e-02,   3.579e-01,  -3.769e-03,       0.054,       0.000,      -0.999,   3.308e-04,      0.0803
 825,   7.997e-02,   3.579e-01,  -4.587e-03,       0.033,       0.000,      -0.999,   3.404e-04,      0.1064
 826,   6.097e-02,   3.579e-01,  -5.007e-03,       0.011,       0.000,      -1.000,   3.303e-04,      0.1614
 827,   4.307e-02,   3.579e-01,  -5.009e-03,      -0.012,       0.000,      -1.000,   3.013e-04,      0.2462
 828,   2.732e-02,   3.579e-01,  -4.585e-03,      -0.044,       0.000,      -0.999,   2.549e-04,      0.3754
 829,   1.462e-02,   3.579e-01,  -3.703e-03,      -0.102,       0.000,      -0.995,   1.943e-04,      0.5893
 830,   5.725e-03,   3.579e-01,  -2.343e-03,      -0.228,       0.000,      -0.974,   1.239e-04,      0.9281
 831,   1.144e-03,   3.579e-01,  -7.216e-04,      -0.577,       0.000,      -0.817,   5.021e-05,      0.3836
 832,   1.144e-03,   3.579e-01,   1.487e-03,      -0.767,       0.000,       0.642,   6.386e-05,     -4.4968
 833,   5.725e-03,   3.579e-01,   4.460e-03,      -0.421,       0.000,       0.907,   1.330e-04,     -2.3139
 834,   1.462e-02,   3.579e-01,   7.393e-03,      -0.239,       0.000,       0.971,   1.990e-04,     -1.5197
 835,   2.732e-02,   3.579e-01,   9.671e-03,      -0.128,       0.000,       0.992,   2.567e-04,     -1.0965
 836,   4.307e-02,   3.579e-01,   1.103e-02,      -0.050,       0.000,       0.999,   3.016e-04,     -0.8208
 837,   6.097e-02,   3.579e-01,   1.133e-02,       0.014,       0.000,       1.000,   3.303e-04,     -0.6216
 838,   7.997e-02,   3.579e-01,   1.049e-02,       0.073,       0.000,       0.997,   3.411e-04,     -0.4448
 839,   9.897e-02,   3.579e-01,   8.692e-03,       0.117,       0.000,       0.993,   3.326e-04,     -0.2791
 840,   1.169e-01,   3.579e-01,   6.363e-03,       0.143,       0.000,       0.990,   3.043e-04,     -0.1349
 841,   1.326e-01,   3.579e-01,   4.010e-03,       0.154,       0.000,       0.988,   2.577e-04,     -0.0110
 842,   1.453e-01,   3.579e-01,   2.079e-03,       0.146,      -0.000,       0.989,   1.954e-04,      0.0923
 843,   1.542e-01,   3.579e-01,   8.574e-04,       0.120,      -0.000,       0.993,   1.215e-04,      0.1749
 844,   1.588e-01,   3.579e-01,   3.496e-04,       0.082,       0.000,       0.997,   4.114e-05,      0.2115
Strip 33
 845,   1.588e-01,   3.743e-01,   2.322e-04,       0.019,       0.000,      -1.000,   3.519e-05,      0.1946
 846,   1.542e-01,   3.743e-01,   3.273e-05,       0.052,      -0.000,      -0.999,   1.036e-04,      0.1629
 847,   1.453e-01,   3.743e-01,  -5.423e-04,       0.072,       0.000,      -0.997,   1.662e-04,      0.1190
 848,   1.326e-01,   3.743e-01,  -1.498e-03,       0.077,       0.000,      -0.997,   2.191e-04,      0.0748
 849,   1.169e-01,   3.743e-01,  -2.661e-03,       0.071,       0.000,      -0.998,   2.591e-04,      0.0447
 850,   9.897e-02,   3.743e-01,  -3.769e-03,       0.054,       0.000,      -0.999,   2.838e-04,      0.0403
 851,   7.997e-02,   3.743e-01,  -4.587e-03,       0.033,       0.000,      -0.999,   2.920e-04,      0.0662
 852,   6.097e-02,   3.743e-01,  -5.007e-03,       0.011,       0.000,      -1.000,   2.834e-04,      0.1192
 853,   4.307e-02,   3.743e-01,  -5.009e-03,      -0.012,       0.000,      -1.000,   2.585e-04,      0.1999
 854,   2.732e-02,   3.743e-01,  -4.585e-03,      -0.044,       0.000,      -0.999,   2.187e-04,      0.3235
 855,   1.462e-02,   3.743e-01,  -3.703e-03,      -0.102,       0.000,      -0.995,   1.667e-04,      0.5332
 856,   5.725e-03,   3.743e-01,  -2.343e-03,      -0.228,       0.000,      -0.974,   1.063e-04,      0.8882
 857,   1.144e-03,   3.743e-01,  -7.216e-04,      -0.577,       0.000,      -0.817,   4.308e-05,      0.5690
 858,   1.144e-03,   3.743e-01,   1.487e-03,      -0.767,       0.000,       0.642,   5.479e-05,     -3.8939
 859,   5.725e-03,   3.743e-01,   4.460e-03,      -0.421,       0.000,       0.907,   1.141e-04,     -2.0821
 860,   1.462e-02,   3.743e-01,   7.393e-03,      -0.239,       0.000,       0.971,   1.708e-04,     -1.3808
 861,   2.732e-02,   3.743e-01,   9.671e-03,      -0.128,       0.000,       0.992,   2.203e-04,     -0.9944
 862,   4.307e-02,   3.743e-01,   1.103e-02,      -0.050,       0.000,       0.999,   2.588e-04,     -0.7418
 863,   6.097e-02,   3.743e-01,   1.133e-02,       0.014,       0.000,       1.000,   2.834e-04,     -0.5617
 864,   7.997e-02,   3.743e-01,   1.049e-02,       0.073,      -0.000,       0.997,   2.927e-04,     -0.4037
 865,   9.897e-02,   3.743e-01,   8.692e-03,       0.117,      -0.000,       0.993,   2.854e-04,     -0.2568
 866,   1.169e-01,   3.743e-01,   6.363e-03,       0.143,       0.000,       0.990,   2.611e-04,     -0.1303
 867,   1.326e-01,   3.743e-01,   4.010e-03,       0.154,       0.000,       0.988,   2.211e-04,     -0.0220
 868,   1.453e-01,   3.743e-01,   2.079e-03,       0.146,       0.000,       0.989,   1.676e-04,      0.0694
 869,   1.542e-01,   3.743e-01,   8.574e-04,       0.120,       0.000,       0.993,   1.043e-04,      0.1439
 870,   1.588e-01,   3.743e-01,   3.496e-04,       0.082,       0.000,       0.997,   3.530e-05,      0.1766
Strip 34
 871,   1.588e-01,   3.881e-01,   2.322e-04,       0.019,       0.000,      -1.000,   2.913e-05,      0.1379
 872,   1.542e-01,   3.881e-01,   3.273e-05,       0.052,       0.000,      -0.999,   8.578e-05,      0.1037
 873,   1.453e-01,   3.881e-01,  -5.423e-04,       0.072,       0.000,      -0.997,   1.376e-04,      0.0569
 874,   1.326e-01,   3.881e-01,  -1.498e-03,       0.077,       0.000,      -0.997,   1.814e-04,      0.0129
 875,   1.169e-01,   3.881e-01,  -2.661e-03,       0.071,       0.000,      -0.998,   2.145e-04,     -0.0138
 876,   9.897e-02,   3.881e-01,  -3.769e-03,       0.054,       0.000,      -0.999,   2.349e-04,     -0.0135
 877,   7.997e-02,   3.881e-01,  -4.587e-03,       0.033,       0.000,      -0.999,   2.417e-04,      0.0156
 878,   6.097e-02,   3.881e-01,  -5.007e-03,       0.011,       0.000,      -1.000,   2.346e-04,      0.0684
 879,   4.307e-02,   3.881e-01,  -5.009e-03,      -0.012,       0.000,      -1.000,   2.139e-04,      0.1448
 880,   2.732e-02,   3.881e-01,  -4.585e-03,      -0.044,       0.000,      -0.999,   1.810e-04,      0.2608
 881,   1.462e-02,   3.881e-01,  -3.703e-03,      -0.102,       0.000,      -0.995,   1.380e-04,      0.4633
 882,   5.725e-03,   3.881e-01,  -2.343e-03,      -0.228,       0.000,      -0.974,   8.798e-05,      0.8316
 883,   1.144e-03,   3.881e-01,  -7.216e-04,      -0.577,       0.000,      -0.817,   3.566e-05,      0.7324
 884,   1.144e-03,   3.881e-01,   1.487e-03,      -0.767,       0.000,       0.642,   4.535e-05,     -3.2775
 885,   5.725e-03,   3.881e-01,   4.460e-03,      -0.421,       0.000,       0.907,   9.442e-05,     -1.8380
 886,   1.462e-02,   3.881e-01,   7.393e-03,      -0.239,       0.000,       0.971,   1.413e-04,     -1.2304
 887,   2.732e-02,   3.881e-01,   9.671e-03,      -0.128,       0.000,       0.992,   1.823e-04,     -0.8841
 888,   4.307e-02,   3.881e-01,   1.103e-02,      -0.050,       0.000,       0.999,   2.142e-04,     -0.6600
 889,   6.097e-02,   3.881e-01,   1.133e-02,       0.014,       0.000,       1.000,   2.346e-04,     -0.5046
 890,   7.997e-02,   3.881e-01,   1.049e-02,       0.073,       0.000,       0.997,   2.422e-04,     -0.3701
 891,   9.897e-02,   3.881e-01,   8.692e-03,       0.117,       0.000,       0.993,   2.362e-04,     -0.2470
 892,   1.169e-01,   3.881e-01,   6.363e-03,       0.143,       0.000,       0.990,   2.161e-04,     -0.1441
 893,   1.326e-01,   3.881e-01,   4.010e-03,       0.154,       0.000,       0.988,   1.830e-04,     -0.0572
 894,   1.453e-01,   3.881e-01,   2.079e-03,       0.146,       0.000,       0.989,   1.387e-04,      0.0172
 895,   1.542e-01,   3.881e-01,   8.574e-04,       0.120,       0.000,       0.993,   8.629e-05,      0.0809
 896,   1.588e-01,   3.881e-01,   3.496e-04,       0.082,       0.000,       0.997,   2.922e-05,      0.1087
Strip 35
 897,   1.588e-01,   3.993e-01,   2.322e-04,       0.019,       0.000,      -1.000,   2.286e-05,      0.0194
 898,   1.542e-01,   3.993e-01,   3.273e-05,       0.052,       0.000,      -0.999,   6.734e-05,     -0.0167
 899,   1.453e-01,   3.993e-01,  -5.423e-04,       0.072,       0.000,      -0.997,   1.080e-04,     -0.0622
 900,   1.326e-01,   3.993e-01,  -1.498e-03,       0.077,       0.000,      -0.997,   1.424e-04,     -0.0962
 901,   1.169e-01,   3.993e-01,  -2.661e-03,       0.071,       0.000,      -0.998,   1.683e-04,     -0.1068
 902,   9.897e-02,   3.993e-01,  -3.769e-03,       0.054,      -0.000,      -0.999,   1.844e-04,     -0.0909
 903,   7.997e-02,   3.993e-01,  -4.587e-03,       0.033,      -0.000,      -0.999,   1.897e-04,     -0.0512
 904,   6.097e-02,   3.993e-01,  -5.007e-03,       0.011,       0.000,      -1.000,   1.841e-04,      0.0055
 905,   4.307e-02,   3.993e-01,  -5.009e-03,      -0.012,       0.000,      -1.000,   1.679e-04,      0.0788
 906,   2.732e-02,   3.993e-01,  -4.585e-03,      -0.044,       0.000,      -0.999,   1.421e-04,      0.1845
 907,   1.462e-02,   3.993e-01,  -3.703e-03,      -0.102,       0.000,      -0.995,   1.083e-04,      0.3734
 908,   5.725e-03,   3.993e-01,  -2.343e-03,      -0.228,       0.000,      -0.974,   6.906e-05,      0.7493
 909,   1.144e-03,   3.993e-01,  -7.216e-04,      -0.577,       0.000,      -0.817,   2.799e-05,      0.8612
 910,   1.144e-03,   3.993e-01,   1.487e-03,      -0.767,       0.000,       0.642,   3.560e-05,     -2.6586
 911,   5.725e-03,   3.993e-01,   4.460e-03,      -0.421,       0.000,       0.907,   7.412e-05,     -1.5842
 912,   1.462e-02,   3.993e-01,   7.393e-03,      -0.239,       0.000,       0.971,   1.109e-04,     -1.0702
 913,   2.732e-02,   3.993e-01,   9.671e-03,      -0.128,       0.000,       0.992,   1.431e-04,     -0.7710
 914,   4.307e-02,   3.993e-01,   1.103e-02,      -0.050,       0.000,       0.999,   1.681e-04,     -0.5836
 915,   6.097e-02,   3.993e-01,   1.133e-02,       0.014,       0.000,       1.000,   1.841e-04,     -0.4596
 916,   7.997e-02,   3.993e-01,   1.049e-02,       0.073,       0.000,       0.997,   1.901e-04,     -0.3560
 917,   9.897e-02,   3.993e-01,   8.692e-03,       0.117,       0.000,       0.993,   1.854e-04,     -0.2662
 918,   1.169e-01,   3.993e-01,   6.363e-03,       0.143,       0.000,       0.990,   1.696e-04,     -0.1992
 919,   1.326e-01,   3.993e-01,   4.010e-03,       0.154,       0.000,       0.988,   1.436e-04,     -0.1484
 920,   1.453e-01,   3.993e-01,   2.079e-03,       0.146,       0.000,       0.989,   1.089e-04,     -0.1038
 921,   1.542e-01,   3.993e-01,   8.574e-04,       0.120,       0.000,       0.993,   6.773e-05,     -0.0579
 922,   1.588e-01,   3.993e-01,   3.496e-04,       0.082,       0.000,       0.997,   2.293e-05,     -0.0365
Strip 36
 923,   1.588e-01,   4.078e-01,   2.322e-04,       0.019,       0.000,      -1.000,   1.644e-05,     -0.2948
 924,   1.542e-01,   4.078e-01,   3.273e-05,       0.052,      -0.000,      -0.999,   4.843e-05,     -0.3270
 925,   1.453e-01,   4.078e-01,  -5.423e-04,       0.072,      -0.000,      -0.997,   7.768e-05,     -0.3412
 926,   1.326e-01,   4.078e-01,  -1.498e-03,       0.077,       0.000,      -0.997,   1.024e-04,     -0.3133
 927,   1.169e-01,   4.078e-01,  -2.661e-03,       0.071,       0.000,      -0.998,   1.211e-04,     -0.2594
 928,   9.897e-02,   4.078e-01,  -3.769e-03,       0.054,       0.000,      -0.999,   1.326e-04,     -0.1997
 929,   7.997e-02,   4.078e-01,  -4.587e-03,       0.033,       0.000,      -0.999,   1.365e-04,     -0.1363
 930,   6.097e-02,   4.078e-01,  -5.007e-03,       0.011,       0.000,      -1.000,   1.324e-04,     -0.0703
 931,   4.307e-02,   4.078e-01,  -5.009e-03,      -0.012,       0.000,      -1.000,   1.208e-04,      0.0018
 932,   2.732e-02,   4.078e-01,  -4.585e-03,      -0.044,       0.000,      -0.999,   1.022e-04,      0.0951
 933,   1.462e-02,   4.078e-01,  -3.703e-03,      -0.102,       0.000,      -0.995,   7.788e-05,      0.2577
 934,   5.725e-03,   4.078e-01,  -2.343e-03,      -0.228,       0.000,      -0.974,   4.967e-05,      0.6214
 935,   1.144e-03,   4.078e-01,  -7.216e-04,      -0.577,       0.000,      -0.817,   2.013e-05,      0.9338
 936,   1.144e-03,   4.078e-01,   1.487e-03,      -0.767,       0.000,       0.642,   2.560e-05,     -2.0508
 937,   5.725e-03,   4.078e-01,   4.460e-03,      -0.421,       0.000,       0.907,   5.331e-05,     -1.3254
 938,   1.462e-02,   4.078e-01,   7.393e-03,      -0.239,       0.000,       0.971,   7.979e-05,     -0.9073
 939,   2.732e-02,   4.078e-01,   9.671e-03,      -0.128,       0.000,       0.992,   1.029e-04,     -0.6658
 940,   4.307e-02,   4.078e-01,   1.103e-02,      -0.050,       0.000,       0.999,   1.209e-04,     -0.5230
 941,   6.097e-02,   4.078e-01,   1.133e-02,       0.014,       0.000,       1.000,   1.324e-04,     -0.4363
 942,   7.997e-02,   4.078e-01,   1.049e-02,       0.073,       0.000,       0.997,   1.367e-04,     -0.3719
 943,   9.897e-02,   4.078e-01,   8.692e-03,       0.117,      -0.000,       0.993,   1.333e-04,     -0.3318
 944,   1.169e-01,   4.078e-01,   6.363e-03,       0.143,      -0.000,       0.990,   1.220e-04,     -0.3339
 945,   1.326e-01,   4.078e-01,   4.010e-03,       0.154,       0.000,       0.988,   1.033e-04,     -0.3765
 946,   1.453e-01,   4.078e-01,   2.079e-03,       0.146,      -0.000,       0.989,   7.832e-05,     -0.4234
 947,   1.542e-01,   4.078e-01,   8.574e-04,       0.120,      -0.000,       0.993,   4.871e-05,     -0.4293
 948,   1.588e-01,   4.078e-01,   3.496e-04,       0.082,       0.000,       0.997,   1.649e-05,     -0.4197
Strip 37
 949,   1.588e-01,   4.134e-01,   2.322e-04,       0.019,       0.000,      -1.000,   9.911e-06,     -1.6934
 950,   1.542e-01,   4.134e-01,   3.273e-05,       0.052,       0.000,      -0.999,   2.919e-05,     -1.5741
 951,   1.453e-01,   4.134e-01,  -5.423e-04,       0.072,       0.000,      -0.997,   4.682e-05,     -1.1106
 952,   1.326e-01,   4.134e-01,  -1.498e-03,       0.077,       0.000,      -0.997,   6.172e-05,     -0.6919
 953,   1.169e-01,   4.134e-01,  -2.661e-03,       0.071,       0.000,      -0.998,   7.297e-05,     -0.4602
 954,   9.897e-02,   4.134e-01,  -3.769e-03,       0.054,       0.000,      -0.999,   7.993e-05,     -0.3262
 955,   7.997e-02,   4.134e-01,  -4.587e-03,       0.033,       0.000,      -0.999,   8.225e-05,     -0.2329
 956,   6.097e-02,   4.134e-01,  -5.007e-03,       0.011,       0.000,      -1.000,   7.982e-05,     -0.1579
 957,   4.307e-02,   4.134e-01,  -5.009e-03,      -0.012,       0.000,      -1.000,   7.279e-05,     -0.0883
 958,   2.732e-02,   4.134e-01,  -4.585e-03,      -0.044,       0.000,      -0.999,   6.159e-05,     -0.0086
 959,   1.462e-02,   4.134e-01,  -3.703e-03,      -0.102,       0.000,      -0.995,   4.694e-05,      0.1168
 960,   5.725e-03,   4.134e-01,  -2.343e-03,      -0.228,       0.000,      -0.974,   2.994e-05,      0.4113
 961,   1.144e-03,   4.134e-01,  -7.216e-04,      -0.577,       0.000,      -0.817,   1.213e-05,      0.8761
 962,   1.144e-03,   4.134e-01,   1.487e-03,      -0.767,       0.000,       0.642,   1.543e-05,     -1.4888
 963,   5.725e-03,   4.134e-01,   4.460e-03,      -0.421,       0.000,       0.907,   3.213e-05,     -1.0872
 964,   1.462e-02,   4.134e-01,   7.393e-03,      -0.239,       0.000,       0.971,   4.809e-05,     -0.7616
 965,   2.732e-02,   4.134e-01,   9.671e-03,      -0.128,       0.000,       0.992,   6.204e-05,     -0.5830
 966,   4.307e-02,   4.134e-01,   1.103e-02,      -0.050,       0.000,       0.999,   7.288e-05,     -0.4916
 967,   6.097e-02,   4.134e-01,   1.133e-02,       0.014,       0.000,       1.000,   7.982e-05,     -0.4499
 968,   7.997e-02,   4.134e-01,   1.049e-02,       0.073,       0.000,       0.997,   8.242e-05,     -0.4347
 969,   9.897e-02,   4.134e-01,   8.692e-03,       0.117,       0.000,       0.993,   8.036e-05,     -0.4548
 970,   1.169e-01,   4.134e-01,   6.363e-03,       0.143,       0.000,       0.990,   7.354e-05,     -0.5535
 971,   1.326e-01,   4.134e-01,   4.010e-03,       0.154,       0.000,       0.988,   6.227e-05,     -0.8184
 972,   1.453e-01,   4.134e-01,   2.079e-03,       0.146,       0.000,       0.989,   4.721e-05,     -1.3500
 973,   1.542e-01,   4.134e-01,   8.574e-04,       0.120,       0.000,       0.993,   2.936e-05,     -1.9162
 974,   1.588e-01,   4.134e-01,   3.496e-04,       0.082,       0.000,       0.997,   9.942e-06,     -2.0608
Strip 38
 975,   1.588e-01,   4.163e-01,   2.322e-04,       0.019,      -0.000,      -1.000,   3.311e-06,     -3.5401
 976,   1.542e-01,   4.163e-01,   3.273e-05,       0.052,       0.000,      -0.999,   9.752e-06,     -3.2071
 977,   1.453e-01,   4.163e-01,  -5.423e-04,       0.072,       0.000,      -0.997,   1.564e-05,     -2.0304
 978,   1.326e-01,   4.163e-01,  -1.498e-03,       0.077,       0.000,      -0.997,   2.062e-05,     -1.0519
 979,   1.169e-01,   4.163e-01,  -2.661e-03,       0.071,       0.000,      -0.998,   2.438e-05,     -0.6066
 980,   9.897e-02,   4.163e-01,  -3.769e-03,       0.054,       0.000,      -0.999,   2.670e-05,     -0.4073
 981,   7.997e-02,   4.163e-01,  -4.587e-03,       0.033,       0.000,      -0.999,   2.748e-05,     -0.2955
 982,   6.097e-02,   4.163e-01,  -5.007e-03,       0.011,       0.000,      -1.000,   2.667e-05,     -0.2173
 983,   4.307e-02,   4.163e-01,  -5.009e-03,      -0.012,       0.000,      -1.000,   2.432e-05,     -0.1511
 984,   2.732e-02,   4.163e-01,  -4.585e-03,      -0.044,       0.000,      -0.999,   2.058e-05,     -0.0798
 985,   1.462e-02,   4.163e-01,  -3.703e-03,      -0.102,       0.000,      -0.995,   1.568e-05,      0.0254
 986,   5.725e-03,   4.163e-01,  -2.343e-03,      -0.228,       0.000,      -0.974,   1.000e-05,      0.2549
 987,   1.144e-03,   4.163e-01,  -7.216e-04,      -0.577,       0.000,      -0.817,   4.054e-06,      0.7398
 988,   1.144e-03,   4.163e-01,   1.487e-03,      -0.767,       0.000,       0.642,   5.156e-06,     -1.0618
 989,   5.725e-03,   4.163e-01,   4.460e-03,      -0.421,       0.000,       0.907,   1.073e-05,     -0.9111
 990,   1.462e-02,   4.163e-01,   7.393e-03,      -0.239,       0.000,       0.971,   1.607e-05,     -0.6530
 991,   2.732e-02,   4.163e-01,   9.671e-03,      -0.128,       0.000,       0.992,   2.073e-05,     -0.5278
 992,   4.307e-02,   4.163e-01,   1.103e-02,      -0.050,       0.000,       0.999,   2.435e-05,     -0.4775
 993,   6.097e-02,   4.163e-01,   1.133e-02,       0.014,       0.000,       1.000,   2.667e-05,     -0.4706
 994,   7.997e-02,   4.163e-01,   1.049e-02,       0.073,       0.000,       0.997,   2.754e-05,     -0.4929
 995,   9.897e-02,   4.163e-01,   8.692e-03,       0.117,       0.000,       0.993,   2.685e-05,     -0.5553
 996,   1.169e-01,   4.163e-01,   6.363e-03,       0.143,       0.000,       0.990,   2.457e-05,     -0.7165
 997,   1.326e-01,   4.163e-01,   4.010e-03,       0.154,       0.000,       0.988,   2.080e-05,     -1.1536
 998,   1.453e-01,   4.163e-01,   2.079e-03,       0.146,       0.000,       0.989,   1.577e-05,     -2.2294
 999,   1.542e-01,   4.163e-01,   8.574e-04,       0.120,       0.000,       0.993,   9.810e-06,     -3.6363
1000,   1.588e-01,   4.163e-01,   3.496e-04,       0.082,      -0.000,       0.997,   3.322e-06,     -4.0620










