xflr5 v6.61

Test
T1-21.0 m/s-Panel-Inviscid
QInf  =,   21.000000 ,m/s
Alpha = ,  -5.000000
Beta  = ,   0.000°
Phi   = ,   0.000°
Ctrl  = ,   0.000
CL    = ,  -0.250326
Cy    = ,   0.000000
Cd=,   0.003751,ICd=,    0.003751,PCd=,    0.000000
Cl   = ,-4.94905e-16
Cm   =,   0.0318434
ICn=,   -0.000000,PCn=,   -0.000000
XCP=,    0.019556, YCP=,   -0.000000, ZCP=,   -0.007254 
XNP=,    0.000000
Bending =,   -0.754005

Main Wing
  y-span,Chord,Ai,Cl,PCd,ICd,CmGeom,CmAirf@chord/4,XTrtop,XTrBot,XCP,BM
   -0.4163,   0.1600,  1.517,-0.036046, 0.000000, 0.000955, 0.009778,-0.008109, 0.0000, 0.0000, 0.1321, 0.0000
   -0.4134,   0.1600,  1.410,-0.061839, 0.000000, 0.001522, 0.008863,-0.013918, 0.0000, 0.0000, 0.0922,-0.0000
   -0.4078,   0.1600,  1.327,-0.088634, 0.000000, 0.002054, 0.002502,-0.024872, 0.0000, 0.0000, 0.0170,-0.0001
   -0.3993,   0.1600,  1.267,-0.114569, 0.000000, 0.002534, 0.002086,-0.030603, 0.0000, 0.0000, 0.0101,-0.0004
   -0.3881,   0.1600,  1.217,-0.139198, 0.000000, 0.002958, 0.004498,-0.033818, 0.0000, 0.0000, 0.0238,-0.0014
   -0.3743,   0.1600,  1.172,-0.162236, 0.000000, 0.003318, 0.008346,-0.035561, 0.0000, 0.0000, 0.0422,-0.0038
   -0.3579,   0.1600,  1.126,-0.183453, 0.000000, 0.003607, 0.012872,-0.036364, 0.0000, 0.0000, 0.0603,-0.0082
   -0.3391,   0.1600,  1.080,-0.202679, 0.000000, 0.003819, 0.017593,-0.036566, 0.0000, 0.0000, 0.0764,-0.0161
   -0.3179,   0.1600,  1.031,-0.219815, 0.000000, 0.003956, 0.022182,-0.036412, 0.0000, 0.0000, 0.0900,-0.0286
   -0.2946,   0.1600,  0.982,-0.234844, 0.000000, 0.004024, 0.026427,-0.036075, 0.0000, 0.0000, 0.1012,-0.0475
   -0.2693,   0.1600,  0.933,-0.247823, 0.000000, 0.004038, 0.030214,-0.035670, 0.0000, 0.0000, 0.1103,-0.0743
   -0.2421,   0.1600,  0.888,-0.258863, 0.000000, 0.004012, 0.033495,-0.035267, 0.0000, 0.0000, 0.1175,-0.1108
   -0.2133,   0.1600,  0.847,-0.268103, 0.000000, 0.003961, 0.036267,-0.034904, 0.0000, 0.0000, 0.1232,-0.1587
   -0.1830,   0.1600,  0.810,-0.275695, 0.000000, 0.003899, 0.038552,-0.034595, 0.0000, 0.0000, 0.1277,-0.2196
   -0.1515,   0.1600,  0.780,-0.281781, 0.000000, 0.003836, 0.040386,-0.034345, 0.0000, 0.0000, 0.1310,-0.2947
   -0.1189,   0.1600,  0.755,-0.286489, 0.000000, 0.003777, 0.041803,-0.034153, 0.0000, 0.0000, 0.1336,-0.3852
   -0.0855,   0.1600,  0.737,-0.289925, 0.000000, 0.003730, 0.042836,-0.034013, 0.0000, 0.0000, 0.1354,-0.4918
   -0.0515,   0.1600,  0.725,-0.292172, 0.000000, 0.003696, 0.043510,-0.033922, 0.0000, 0.0000, 0.1365,-0.6147
   -0.0172,   0.1600,  0.719,-0.293283, 0.000000, 0.003680, 0.043843,-0.033877, 0.0000, 0.0000, 0.1371,-0.7540
    0.0172,   0.1600,  0.719,-0.293283, 0.000000, 0.003680, 0.043843,-0.033877, 0.0000, 0.0000, 0.1371,-0.7540
    0.0515,   0.1600,  0.725,-0.292172, 0.000000, 0.003696, 0.043510,-0.033922, 0.0000, 0.0000, 0.1365,-0.6147
    0.0855,   0.1600,  0.737,-0.289925, 0.000000, 0.003730, 0.042836,-0.034013, 0.0000, 0.0000, 0.1354,-0.4918
    0.1189,   0.1600,  0.755,-0.286489, 0.000000, 0.003777, 0.041803,-0.034153, 0.0000, 0.0000, 0.1336,-0.3852
    0.1515,   0.1600,  0.780,-0.281781, 0.000000, 0.003836, 0.040386,-0.034345, 0.0000, 0.0000, 0.1310,-0.2947
    0.1830,   0.1600,  0.810,-0.275695, 0.000000, 0.003899, 0.038552,-0.034595, 0.0000, 0.0000, 0.1277,-0.2196
    0.2133,   0.1600,  0.847,-0.268103, 0.000000, 0.003961, 0.036267,-0.034904, 0.0000, 0.0000, 0.1232,-0.1587
    0.2421,   0.1600,  0.888,-0.258863, 0.000000, 0.004012, 0.033495,-0.035267, 0.0000, 0.0000, 0.1175,-0.1108
    0.2693,   0.1600,  0.933,-0.247823, 0.000000, 0.004038, 0.030214,-0.035670, 0.0000, 0.0000, 0.1103,-0.0743
    0.2946,   0.1600,  0.982,-0.234844, 0.000000, 0.004024, 0.026427,-0.036075, 0.0000, 0.0000, 0.1012,-0.0475
    0.3179,   0.1600,  1.031,-0.219815, 0.000000, 0.003956, 0.022182,-0.036412, 0.0000, 0.0000, 0.0900,-0.0286
    0.3391,   0.1600,  1.080,-0.202679, 0.000000, 0.003819, 0.017593,-0.036566, 0.0000, 0.0000, 0.0764,-0.0161
    0.3579,   0.1600,  1.126,-0.183453, 0.000000, 0.003607, 0.012872,-0.036364, 0.0000, 0.0000, 0.0603,-0.0082
    0.3743,   0.1600,  1.172,-0.162236, 0.000000, 0.003318, 0.008346,-0.035561, 0.0000, 0.0000, 0.0422,-0.0038
    0.3881,   0.1600,  1.217,-0.139198, 0.000000, 0.002958, 0.004498,-0.033818, 0.0000, 0.0000, 0.0238,-0.0014
    0.3993,   0.1600,  1.267,-0.114569, 0.000000, 0.002534, 0.002086,-0.030603, 0.0000, 0.0000, 0.0101,-0.0004
    0.4078,   0.1600,  1.327,-0.088634, 0.000000, 0.002054, 0.002502,-0.024872, 0.0000, 0.0000, 0.0170,-0.0001
    0.4134,   0.1600,  1.410,-0.061839, 0.000000, 0.001522, 0.008863,-0.013918, 0.0000, 0.0000, 0.0922,-0.0000
    0.4163,   0.1600,  1.517,-0.036046, 0.000000, 0.000955, 0.009778,-0.008109, 0.0000, 0.0000, 0.1321, 0.0000


Main Wing Cp Coefficients
Panel,CtrlPt.x,CtrlPt.y,CtrlPt.z,Nx,Ny,Nz,Area,Cp
Main WingCp Coefficients
Strip 1
  13,   1.588e-01,  -4.163e-01,   2.322e-04,       0.019,       0.000,      -1.000,   3.311e-06,     -0.1146
  14,   1.542e-01,  -4.163e-01,   3.273e-05,       0.052,       0.000,      -0.999,   9.752e-06,     -0.1215
  15,   1.453e-01,  -4.163e-01,  -5.423e-04,       0.072,       0.000,      -0.997,   1.564e-05,     -0.0841
  16,   1.326e-01,  -4.163e-01,  -1.498e-03,       0.077,       0.000,      -0.997,   2.062e-05,     -0.0688
  17,   1.169e-01,  -4.163e-01,  -2.661e-03,       0.071,       0.000,      -0.998,   2.438e-05,     -0.0838
  18,   9.897e-02,  -4.163e-01,  -3.769e-03,       0.054,       0.000,      -0.999,   2.670e-05,     -0.1044
  19,   7.997e-02,  -4.163e-01,  -4.587e-03,       0.033,       0.000,      -0.999,   2.748e-05,     -0.1223
  20,   6.097e-02,  -4.163e-01,  -5.007e-03,       0.011,       0.000,      -1.000,   2.667e-05,     -0.1404
  21,   4.307e-02,  -4.163e-01,  -5.009e-03,      -0.012,       0.000,      -1.000,   2.432e-05,     -0.1658
  22,   2.732e-02,  -4.163e-01,  -4.585e-03,      -0.044,       0.000,      -0.999,   2.058e-05,     -0.2103
  23,   1.462e-02,  -4.163e-01,  -3.703e-03,      -0.102,       0.000,      -0.995,   1.568e-05,     -0.2991
  24,   5.725e-03,  -4.163e-01,  -2.343e-03,      -0.228,       0.000,      -0.974,   1.000e-05,     -0.4957
  25,   1.144e-03,  -4.163e-01,  -7.216e-04,      -0.577,       0.000,      -0.817,   4.054e-06,     -0.6860
  26,   1.144e-03,  -4.163e-01,   1.487e-03,      -0.767,       0.000,       0.642,   5.156e-06,      0.7353
  27,   5.725e-03,  -4.163e-01,   4.460e-03,      -0.421,       0.000,       0.907,   1.073e-05,      0.1105
  28,   1.462e-02,  -4.163e-01,   7.393e-03,      -0.239,       0.000,       0.971,   1.607e-05,     -0.0924
  29,   2.732e-02,  -4.163e-01,   9.671e-03,      -0.128,       0.000,       0.992,   2.073e-05,     -0.1443
  30,   4.307e-02,  -4.163e-01,   1.103e-02,      -0.050,       0.000,       0.999,   2.435e-05,     -0.1538
  31,   6.097e-02,  -4.163e-01,   1.133e-02,       0.014,       0.000,       1.000,   2.667e-05,     -0.1507
  32,   7.997e-02,  -4.163e-01,   1.049e-02,       0.073,       0.000,       0.997,   2.754e-05,     -0.1361
  33,   9.897e-02,  -4.163e-01,   8.692e-03,       0.117,       0.000,       0.993,   2.685e-05,     -0.1107
  34,   1.169e-01,  -4.163e-01,   6.363e-03,       0.143,       0.000,       0.990,   2.457e-05,     -0.0825
  35,   1.326e-01,  -4.163e-01,   4.010e-03,       0.154,       0.000,       0.988,   2.080e-05,     -0.0575
  36,   1.453e-01,  -4.163e-01,   2.079e-03,       0.146,       0.000,       0.989,   1.577e-05,     -0.0474
  37,   1.542e-01,  -4.163e-01,   8.574e-04,       0.120,       0.000,       0.993,   9.810e-06,     -0.0434
  38,   1.588e-01,  -4.163e-01,   3.496e-04,       0.082,       0.000,       0.997,   3.322e-06,     -0.0352
Strip 2
  39,   1.588e-01,  -4.134e-01,   2.322e-04,       0.019,       0.000,      -1.000,   9.911e-06,      0.0182
  40,   1.542e-01,  -4.134e-01,   3.273e-05,       0.052,       0.000,      -0.999,   2.919e-05,     -0.0098
  41,   1.453e-01,  -4.134e-01,  -5.423e-04,       0.072,       0.000,      -0.997,   4.682e-05,     -0.0310
  42,   1.326e-01,  -4.134e-01,  -1.498e-03,       0.077,       0.000,      -0.997,   6.172e-05,     -0.0455
  43,   1.169e-01,  -4.134e-01,  -2.661e-03,       0.071,       0.000,      -0.998,   7.297e-05,     -0.0703
  44,   9.897e-02,  -4.134e-01,  -3.769e-03,       0.054,       0.000,      -0.999,   7.993e-05,     -0.0983
  45,   7.997e-02,  -4.134e-01,  -4.587e-03,       0.033,       0.000,      -0.999,   8.225e-05,     -0.1225
  46,   6.097e-02,  -4.134e-01,  -5.007e-03,       0.011,       0.000,      -1.000,   7.982e-05,     -0.1465
  47,   4.307e-02,  -4.134e-01,  -5.009e-03,      -0.012,       0.000,      -1.000,   7.279e-05,     -0.1800
  48,   2.732e-02,  -4.134e-01,  -4.585e-03,      -0.044,       0.000,      -0.999,   6.159e-05,     -0.2387
  49,   1.462e-02,  -4.134e-01,  -3.703e-03,      -0.102,       0.000,      -0.995,   4.694e-05,     -0.3546
  50,   5.725e-03,  -4.134e-01,  -2.343e-03,      -0.228,       0.000,      -0.974,   2.994e-05,     -0.5969
  51,   1.144e-03,  -4.134e-01,  -7.216e-04,      -0.577,       0.000,      -0.817,   1.213e-05,     -1.0136
  52,   1.144e-03,  -4.134e-01,   1.487e-03,      -0.767,       0.000,       0.642,   1.543e-05,      0.8881
  53,   5.725e-03,  -4.134e-01,   4.460e-03,      -0.421,       0.000,       0.907,   3.213e-05,      0.2168
  54,   1.462e-02,  -4.134e-01,   7.393e-03,      -0.239,       0.000,       0.971,   4.809e-05,     -0.0658
  55,   2.732e-02,  -4.134e-01,   9.671e-03,      -0.128,       0.000,       0.992,   6.204e-05,     -0.1434
  56,   4.307e-02,  -4.134e-01,   1.103e-02,      -0.050,       0.000,       0.999,   7.288e-05,     -0.1636
  57,   6.097e-02,  -4.134e-01,   1.133e-02,       0.014,       0.000,       1.000,   7.982e-05,     -0.1658
  58,   7.997e-02,  -4.134e-01,   1.049e-02,       0.073,       0.000,       0.997,   8.242e-05,     -0.1507
  59,   9.897e-02,  -4.134e-01,   8.692e-03,       0.117,       0.000,       0.993,   8.036e-05,     -0.1178
  60,   1.169e-01,  -4.134e-01,   6.363e-03,       0.143,       0.000,       0.990,   7.354e-05,     -0.0769
  61,   1.326e-01,  -4.134e-01,   4.010e-03,       0.154,       0.000,       0.988,   6.227e-05,     -0.0299
  62,   1.453e-01,  -4.134e-01,   2.079e-03,       0.146,       0.000,       0.989,   4.721e-05,      0.0165
  63,   1.542e-01,  -4.134e-01,   8.574e-04,       0.120,       0.000,       0.993,   2.936e-05,      0.0568
  64,   1.588e-01,  -4.134e-01,   3.496e-04,       0.082,       0.000,       0.997,   9.942e-06,      0.0823
Strip 3
  65,   1.588e-01,  -4.078e-01,   2.322e-04,       0.019,       0.000,      -1.000,   1.644e-05,      0.1353
  66,   1.542e-01,  -4.078e-01,   3.273e-05,       0.052,       0.000,      -0.999,   4.843e-05,      0.1022
  67,   1.453e-01,  -4.078e-01,  -5.423e-04,       0.072,       0.000,      -0.997,   7.768e-05,      0.0454
  68,   1.326e-01,  -4.078e-01,  -1.498e-03,       0.077,       0.000,      -0.997,   1.024e-04,     -0.0067
  69,   1.169e-01,  -4.078e-01,  -2.661e-03,       0.071,       0.000,      -0.998,   1.211e-04,     -0.0525
  70,   9.897e-02,  -4.078e-01,  -3.769e-03,       0.054,       0.000,      -0.999,   1.326e-04,     -0.0930
  71,   7.997e-02,  -4.078e-01,  -4.587e-03,       0.033,       0.000,      -0.999,   1.365e-04,     -0.1261
  72,   6.097e-02,  -4.078e-01,  -5.007e-03,       0.011,       0.000,      -1.000,   1.324e-04,     -0.1584
  73,   4.307e-02,  -4.078e-01,  -5.009e-03,      -0.012,       0.000,      -1.000,   1.208e-04,     -0.2026
  74,   2.732e-02,  -4.078e-01,  -4.585e-03,      -0.044,      -0.000,      -0.999,   1.022e-04,     -0.2784
  75,   1.462e-02,  -4.078e-01,  -3.703e-03,      -0.102,      -0.000,      -0.995,   7.788e-05,     -0.4219
  76,   5.725e-03,  -4.078e-01,  -2.343e-03,      -0.228,       0.000,      -0.974,   4.967e-05,     -0.7104
  77,   1.144e-03,  -4.078e-01,  -7.216e-04,      -0.577,       0.000,      -0.817,   2.013e-05,     -1.3192
  78,   1.144e-03,  -4.078e-01,   1.487e-03,      -0.767,       0.000,       0.642,   2.560e-05,      0.9797
  79,   5.725e-03,  -4.078e-01,   4.460e-03,      -0.421,       0.000,       0.907,   5.331e-05,      0.3604
  80,   1.462e-02,  -4.078e-01,   7.393e-03,      -0.239,      -0.000,       0.971,   7.979e-05,     -0.0155
  81,   2.732e-02,  -4.078e-01,   9.671e-03,      -0.128,      -0.000,       0.992,   1.029e-04,     -0.1372
  82,   4.307e-02,  -4.078e-01,   1.103e-02,      -0.050,       0.000,       0.999,   1.209e-04,     -0.1748
  83,   6.097e-02,  -4.078e-01,   1.133e-02,       0.014,       0.000,       1.000,   1.324e-04,     -0.1839
  84,   7.997e-02,  -4.078e-01,   1.049e-02,       0.073,       0.000,       0.997,   1.367e-04,     -0.1675
  85,   9.897e-02,  -4.078e-01,   8.692e-03,       0.117,       0.000,       0.993,   1.333e-04,     -0.1253
  86,   1.169e-01,  -4.078e-01,   6.363e-03,       0.143,       0.000,       0.990,   1.220e-04,     -0.0709
  87,   1.326e-01,  -4.078e-01,   4.010e-03,       0.154,       0.000,       0.988,   1.033e-04,     -0.0085
  88,   1.453e-01,  -4.078e-01,   2.079e-03,       0.146,       0.000,       0.989,   7.832e-05,      0.0586
  89,   1.542e-01,  -4.078e-01,   8.574e-04,       0.120,       0.000,       0.993,   4.871e-05,      0.1224
  90,   1.588e-01,  -4.078e-01,   3.496e-04,       0.082,      -0.000,       0.997,   1.649e-05,      0.1604
Strip 4
  91,   1.588e-01,  -3.993e-01,   2.322e-04,       0.019,       0.000,      -1.000,   2.286e-05,      0.1738
  92,   1.542e-01,  -3.993e-01,   3.273e-05,       0.052,       0.000,      -0.999,   6.734e-05,      0.1400
  93,   1.453e-01,  -3.993e-01,  -5.423e-04,       0.072,       0.000,      -0.997,   1.080e-04,      0.0781
  94,   1.326e-01,  -3.993e-01,  -1.498e-03,       0.077,       0.000,      -0.997,   1.424e-04,      0.0143
  95,   1.169e-01,  -3.993e-01,  -2.661e-03,       0.071,       0.000,      -0.998,   1.683e-04,     -0.0445
  96,   9.897e-02,  -3.993e-01,  -3.769e-03,       0.054,      -0.000,      -0.999,   1.844e-04,     -0.0956
  97,   7.997e-02,  -3.993e-01,  -4.587e-03,       0.033,      -0.000,      -0.999,   1.897e-04,     -0.1369
  98,   6.097e-02,  -3.993e-01,  -5.007e-03,       0.011,       0.000,      -1.000,   1.841e-04,     -0.1769
  99,   4.307e-02,  -3.993e-01,  -5.009e-03,      -0.012,       0.000,      -1.000,   1.679e-04,     -0.2314
 100,   2.732e-02,  -3.993e-01,  -4.585e-03,      -0.044,      -0.000,      -0.999,   1.421e-04,     -0.3227
 101,   1.462e-02,  -3.993e-01,  -3.703e-03,      -0.102,      -0.000,      -0.995,   1.083e-04,     -0.4885
 102,   5.725e-03,  -3.993e-01,  -2.343e-03,      -0.228,       0.000,      -0.974,   6.906e-05,     -0.8155
 103,   1.144e-03,  -3.993e-01,  -7.216e-04,      -0.577,       0.000,      -0.817,   2.799e-05,     -1.5778
 104,   1.144e-03,  -3.993e-01,   1.487e-03,      -0.767,       0.000,       0.642,   3.560e-05,      0.9829
 105,   5.725e-03,  -3.993e-01,   4.460e-03,      -0.421,       0.000,       0.907,   7.412e-05,      0.4408
 106,   1.462e-02,  -3.993e-01,   7.393e-03,      -0.239,      -0.000,       0.971,   1.109e-04,      0.0226
 107,   2.732e-02,  -3.993e-01,   9.671e-03,      -0.128,      -0.000,       0.992,   1.431e-04,     -0.1337
 108,   4.307e-02,  -3.993e-01,   1.103e-02,      -0.050,       0.000,       0.999,   1.681e-04,     -0.1869
 109,   6.097e-02,  -3.993e-01,   1.133e-02,       0.014,       0.000,       1.000,   1.841e-04,     -0.2011
 110,   7.997e-02,  -3.993e-01,   1.049e-02,       0.073,      -0.000,       0.997,   1.901e-04,     -0.1825
 111,   9.897e-02,  -3.993e-01,   8.692e-03,       0.117,      -0.000,       0.993,   1.854e-04,     -0.1325
 112,   1.169e-01,  -3.993e-01,   6.363e-03,       0.143,       0.000,       0.990,   1.696e-04,     -0.0678
 113,   1.326e-01,  -3.993e-01,   4.010e-03,       0.154,       0.000,       0.988,   1.436e-04,      0.0054
 114,   1.453e-01,  -3.993e-01,   2.079e-03,       0.146,       0.000,       0.989,   1.089e-04,      0.0812
 115,   1.542e-01,  -3.993e-01,   8.574e-04,       0.120,       0.000,       0.993,   6.773e-05,      0.1484
 116,   1.588e-01,  -3.993e-01,   3.496e-04,       0.082,       0.000,       0.997,   2.293e-05,      0.1871
Strip 5
 117,   1.588e-01,  -3.881e-01,   2.322e-04,       0.019,       0.000,      -1.000,   2.913e-05,      0.1922
 118,   1.542e-01,  -3.881e-01,   3.273e-05,       0.052,       0.000,      -0.999,   8.578e-05,      0.1577
 119,   1.453e-01,  -3.881e-01,  -5.423e-04,       0.072,      -0.000,      -0.997,   1.376e-04,      0.0934
 120,   1.326e-01,  -3.881e-01,  -1.498e-03,       0.077,      -0.000,      -0.997,   1.814e-04,      0.0237
 121,   1.169e-01,  -3.881e-01,  -2.661e-03,       0.071,       0.000,      -0.998,   2.145e-04,     -0.0432
 122,   9.897e-02,  -3.881e-01,  -3.769e-03,       0.054,       0.000,      -0.999,   2.349e-04,     -0.1023
 123,   7.997e-02,  -3.881e-01,  -4.587e-03,       0.033,       0.000,      -0.999,   2.417e-04,     -0.1508
 124,   6.097e-02,  -3.881e-01,  -5.007e-03,       0.011,       0.000,      -1.000,   2.346e-04,     -0.1983
 125,   4.307e-02,  -3.881e-01,  -5.009e-03,      -0.012,       0.000,      -1.000,   2.139e-04,     -0.2619
 126,   2.732e-02,  -3.881e-01,  -4.585e-03,      -0.044,       0.000,      -0.999,   1.810e-04,     -0.3650
 127,   1.462e-02,  -3.881e-01,  -3.703e-03,      -0.102,       0.000,      -0.995,   1.380e-04,     -0.5456
 128,   5.725e-03,  -3.881e-01,  -2.343e-03,      -0.228,       0.000,      -0.974,   8.798e-05,     -0.9045
 129,   1.144e-03,  -3.881e-01,  -7.216e-04,      -0.577,       0.000,      -0.817,   3.566e-05,     -1.7934
 130,   1.144e-03,  -3.881e-01,   1.487e-03,      -0.767,       0.000,       0.642,   4.535e-05,      0.9672
 131,   5.725e-03,  -3.881e-01,   4.460e-03,      -0.421,       0.000,       0.907,   9.442e-05,      0.4925
 132,   1.462e-02,  -3.881e-01,   7.393e-03,      -0.239,       0.000,       0.971,   1.413e-04,      0.0540
 133,   2.732e-02,  -3.881e-01,   9.671e-03,      -0.128,       0.000,       0.992,   1.823e-04,     -0.1261
 134,   4.307e-02,  -3.881e-01,   1.103e-02,      -0.050,       0.000,       0.999,   2.142e-04,     -0.1942
 135,   6.097e-02,  -3.881e-01,   1.133e-02,       0.014,       0.000,       1.000,   2.346e-04,     -0.2141
 136,   7.997e-02,  -3.881e-01,   1.049e-02,       0.073,       0.000,       0.997,   2.422e-04,     -0.1944
 137,   9.897e-02,  -3.881e-01,   8.692e-03,       0.117,       0.000,       0.993,   2.362e-04,     -0.1387
 138,   1.169e-01,  -3.881e-01,   6.363e-03,       0.143,       0.000,       0.990,   2.161e-04,     -0.0662
 139,   1.326e-01,  -3.881e-01,   4.010e-03,       0.154,      -0.000,       0.988,   1.830e-04,      0.0141
 140,   1.453e-01,  -3.881e-01,   2.079e-03,       0.146,      -0.000,       0.989,   1.387e-04,      0.0941
 141,   1.542e-01,  -3.881e-01,   8.574e-04,       0.120,       0.000,       0.993,   8.629e-05,      0.1621
 142,   1.588e-01,  -3.881e-01,   3.496e-04,       0.082,       0.000,       0.997,   2.922e-05,      0.2004
Strip 6
 143,   1.588e-01,  -3.743e-01,   2.322e-04,       0.019,       0.000,      -1.000,   3.519e-05,      0.2020
 144,   1.542e-01,  -3.743e-01,   3.273e-05,       0.052,       0.000,      -0.999,   1.036e-04,      0.1669
 145,   1.453e-01,  -3.743e-01,  -5.423e-04,       0.072,       0.000,      -0.997,   1.662e-04,      0.1007
 146,   1.326e-01,  -3.743e-01,  -1.498e-03,       0.077,       0.000,      -0.997,   2.191e-04,      0.0271
 147,   1.169e-01,  -3.743e-01,  -2.661e-03,       0.071,       0.000,      -0.998,   2.591e-04,     -0.0454
 148,   9.897e-02,  -3.743e-01,  -3.769e-03,       0.054,       0.000,      -0.999,   2.838e-04,     -0.1110
 149,   7.997e-02,  -3.743e-01,  -4.587e-03,       0.033,       0.000,      -0.999,   2.920e-04,     -0.1659
 150,   6.097e-02,  -3.743e-01,  -5.007e-03,       0.011,       0.000,      -1.000,   2.834e-04,     -0.2197
 151,   4.307e-02,  -3.743e-01,  -5.009e-03,      -0.012,       0.000,      -1.000,   2.585e-04,     -0.2905
 152,   2.732e-02,  -3.743e-01,  -4.585e-03,      -0.044,       0.000,      -0.999,   2.187e-04,     -0.4016
 153,   1.462e-02,  -3.743e-01,  -3.703e-03,      -0.102,       0.000,      -0.995,   1.667e-04,     -0.5932
 154,   5.725e-03,  -3.743e-01,  -2.343e-03,      -0.228,       0.000,      -0.974,   1.063e-04,     -0.9801
 155,   1.144e-03,  -3.743e-01,  -7.216e-04,      -0.577,       0.000,      -0.817,   4.308e-05,     -1.9756
 156,   1.144e-03,  -3.743e-01,   1.487e-03,      -0.767,       0.000,       0.642,   5.479e-05,      0.9461
 157,   5.725e-03,  -3.743e-01,   4.460e-03,      -0.421,       0.000,       0.907,   1.141e-04,      0.5292
 158,   1.462e-02,  -3.743e-01,   7.393e-03,      -0.239,       0.000,       0.971,   1.708e-04,      0.0795
 159,   2.732e-02,  -3.743e-01,   9.671e-03,      -0.128,       0.000,       0.992,   2.203e-04,     -0.1161
 160,   4.307e-02,  -3.743e-01,   1.103e-02,      -0.050,       0.000,       0.999,   2.588e-04,     -0.1959
 161,   6.097e-02,  -3.743e-01,   1.133e-02,       0.014,       0.000,       1.000,   2.834e-04,     -0.2216
 162,   7.997e-02,  -3.743e-01,   1.049e-02,       0.073,       0.000,       0.997,   2.927e-04,     -0.2022
 163,   9.897e-02,  -3.743e-01,   8.692e-03,       0.117,       0.000,       0.993,   2.854e-04,     -0.1428
 164,   1.169e-01,  -3.743e-01,   6.363e-03,       0.143,       0.000,       0.990,   2.611e-04,     -0.0652
 165,   1.326e-01,  -3.743e-01,   4.010e-03,       0.154,       0.000,       0.988,   2.211e-04,      0.0195
 166,   1.453e-01,  -3.743e-01,   2.079e-03,       0.146,       0.000,       0.989,   1.676e-04,      0.1016
 167,   1.542e-01,  -3.743e-01,   8.574e-04,       0.120,       0.000,       0.993,   1.043e-04,      0.1697
 168,   1.588e-01,  -3.743e-01,   3.496e-04,       0.082,       0.000,       0.997,   3.530e-05,      0.2078
Strip 7
 169,   1.588e-01,  -3.579e-01,   2.322e-04,       0.019,       0.000,      -1.000,   4.101e-05,      0.2071
 170,   1.542e-01,  -3.579e-01,   3.273e-05,       0.052,       0.000,      -0.999,   1.208e-04,      0.1714
 171,   1.453e-01,  -3.579e-01,  -5.423e-04,       0.072,       0.000,      -0.997,   1.938e-04,      0.1038
 172,   1.326e-01,  -3.579e-01,  -1.498e-03,       0.077,       0.000,      -0.997,   2.554e-04,      0.0274
 173,   1.169e-01,  -3.579e-01,  -2.661e-03,       0.071,       0.000,      -0.998,   3.020e-04,     -0.0494
 174,   9.897e-02,  -3.579e-01,  -3.769e-03,       0.054,       0.000,      -0.999,   3.308e-04,     -0.1201
 175,   7.997e-02,  -3.579e-01,  -4.587e-03,       0.033,      -0.000,      -0.999,   3.404e-04,     -0.1803
 176,   6.097e-02,  -3.579e-01,  -5.007e-03,       0.011,       0.000,      -1.000,   3.303e-04,     -0.2393
 177,   4.307e-02,  -3.579e-01,  -5.009e-03,      -0.012,       0.000,      -1.000,   3.013e-04,     -0.3153
 178,   2.732e-02,  -3.579e-01,  -4.585e-03,      -0.044,       0.000,      -0.999,   2.549e-04,     -0.4322
 179,   1.462e-02,  -3.579e-01,  -3.703e-03,      -0.102,       0.000,      -0.995,   1.943e-04,     -0.6328
 180,   5.725e-03,  -3.579e-01,  -2.343e-03,      -0.228,       0.000,      -0.974,   1.239e-04,     -1.0446
 181,   1.144e-03,  -3.579e-01,  -7.216e-04,      -0.577,       0.000,      -0.817,   5.021e-05,     -2.1310
 182,   1.144e-03,  -3.579e-01,   1.487e-03,      -0.767,       0.000,       0.642,   6.386e-05,      0.9239
 183,   5.725e-03,  -3.579e-01,   4.460e-03,      -0.421,       0.000,       0.907,   1.330e-04,      0.5569
 184,   1.462e-02,  -3.579e-01,   7.393e-03,      -0.239,       0.000,       0.971,   1.990e-04,      0.1004
 185,   2.732e-02,  -3.579e-01,   9.671e-03,      -0.128,       0.000,       0.992,   2.567e-04,     -0.1053
 186,   4.307e-02,  -3.579e-01,   1.103e-02,      -0.050,       0.000,       0.999,   3.016e-04,     -0.1936
 187,   6.097e-02,  -3.579e-01,   1.133e-02,       0.014,       0.000,       1.000,   3.303e-04,     -0.2243
 188,   7.997e-02,  -3.579e-01,   1.049e-02,       0.073,       0.000,       0.997,   3.411e-04,     -0.2059
 189,   9.897e-02,  -3.579e-01,   8.692e-03,       0.117,      -0.000,       0.993,   3.326e-04,     -0.1448
 190,   1.169e-01,  -3.579e-01,   6.363e-03,       0.143,      -0.000,       0.990,   3.043e-04,     -0.0643
 191,   1.326e-01,  -3.579e-01,   4.010e-03,       0.154,       0.000,       0.988,   2.577e-04,      0.0227
 192,   1.453e-01,  -3.579e-01,   2.079e-03,       0.146,       0.000,       0.989,   1.954e-04,      0.1058
 193,   1.542e-01,  -3.579e-01,   8.574e-04,       0.120,       0.000,       0.993,   1.215e-04,      0.1739
 194,   1.588e-01,  -3.579e-01,   3.496e-04,       0.082,       0.000,       0.997,   4.114e-05,      0.2118
Strip 8
 195,   1.588e-01,  -3.391e-01,   2.322e-04,       0.019,       0.000,      -1.000,   4.656e-05,      0.2097
 196,   1.542e-01,  -3.391e-01,   3.273e-05,       0.052,       0.000,      -0.999,   1.371e-04,      0.1733
 197,   1.453e-01,  -3.391e-01,  -5.423e-04,       0.072,       0.000,      -0.997,   2.200e-04,      0.1044
 198,   1.326e-01,  -3.391e-01,  -1.498e-03,       0.077,       0.000,      -0.997,   2.899e-04,      0.0258
 199,   1.169e-01,  -3.391e-01,  -2.661e-03,       0.071,       0.000,      -0.998,   3.428e-04,     -0.0542
 200,   9.897e-02,  -3.391e-01,  -3.769e-03,       0.054,       0.000,      -0.999,   3.755e-04,     -0.1288
 201,   7.997e-02,  -3.391e-01,  -4.587e-03,       0.033,       0.000,      -0.999,   3.864e-04,     -0.1931
 202,   6.097e-02,  -3.391e-01,  -5.007e-03,       0.011,      -0.000,      -1.000,   3.750e-04,     -0.2562
 203,   4.307e-02,  -3.391e-01,  -5.009e-03,      -0.012,      -0.000,      -1.000,   3.420e-04,     -0.3361
 204,   2.732e-02,  -3.391e-01,  -4.585e-03,      -0.044,       0.000,      -0.999,   2.893e-04,     -0.4575
 205,   1.462e-02,  -3.391e-01,  -3.703e-03,      -0.102,       0.000,      -0.995,   2.205e-04,     -0.6659
 206,   5.725e-03,  -3.391e-01,  -2.343e-03,      -0.228,       0.000,      -0.974,   1.406e-04,     -1.0995
 207,   1.144e-03,  -3.391e-01,  -7.216e-04,      -0.577,       0.000,      -0.817,   5.700e-05,     -2.2642
 208,   1.144e-03,  -3.391e-01,   1.487e-03,      -0.767,       0.000,       0.642,   7.249e-05,      0.9022
 209,   5.725e-03,  -3.391e-01,   4.460e-03,      -0.421,       0.000,       0.907,   1.509e-04,      0.5789
 210,   1.462e-02,  -3.391e-01,   7.393e-03,      -0.239,       0.000,       0.971,   2.259e-04,      0.1178
 211,   2.732e-02,  -3.391e-01,   9.671e-03,      -0.128,      -0.000,       0.992,   2.914e-04,     -0.0947
 212,   4.307e-02,  -3.391e-01,   1.103e-02,      -0.050,      -0.000,       0.999,   3.424e-04,     -0.1888
 213,   6.097e-02,  -3.391e-01,   1.133e-02,       0.014,      -0.000,       1.000,   3.750e-04,     -0.2234
 214,   7.997e-02,  -3.391e-01,   1.049e-02,       0.073,      -0.000,       0.997,   3.872e-04,     -0.2065
 215,   9.897e-02,  -3.391e-01,   8.692e-03,       0.117,       0.000,       0.993,   3.775e-04,     -0.1449
 216,   1.169e-01,  -3.391e-01,   6.363e-03,       0.143,       0.000,       0.990,   3.455e-04,     -0.0632
 217,   1.326e-01,  -3.391e-01,   4.010e-03,       0.154,       0.000,       0.988,   2.925e-04,      0.0248
 218,   1.453e-01,  -3.391e-01,   2.079e-03,       0.146,       0.000,       0.989,   2.218e-04,      0.1083
 219,   1.542e-01,  -3.391e-01,   8.574e-04,       0.120,       0.000,       0.993,   1.379e-04,      0.1763
 220,   1.588e-01,  -3.391e-01,   3.496e-04,       0.082,       0.000,       0.997,   4.670e-05,      0.2140
Strip 9
 221,   1.588e-01,  -3.179e-01,   2.322e-04,       0.019,      -0.000,      -1.000,   5.178e-05,      0.2107
 222,   1.542e-01,  -3.179e-01,   3.273e-05,       0.052,       0.000,      -0.999,   1.525e-04,      0.1738
 223,   1.453e-01,  -3.179e-01,  -5.423e-04,       0.072,       0.000,      -0.997,   2.446e-04,      0.1037
 224,   1.326e-01,  -3.179e-01,  -1.498e-03,       0.077,       0.000,      -0.997,   3.225e-04,      0.0234
 225,   1.169e-01,  -3.179e-01,  -2.661e-03,       0.071,       0.000,      -0.998,   3.813e-04,     -0.0591
 226,   9.897e-02,  -3.179e-01,  -3.769e-03,       0.054,       0.000,      -0.999,   4.177e-04,     -0.1366
 227,   7.997e-02,  -3.179e-01,  -4.587e-03,       0.033,       0.000,      -0.999,   4.298e-04,     -0.2041
 228,   6.097e-02,  -3.179e-01,  -5.007e-03,       0.011,       0.000,      -1.000,   4.171e-04,     -0.2703
 229,   4.307e-02,  -3.179e-01,  -5.009e-03,      -0.012,       0.000,      -1.000,   3.804e-04,     -0.3532
 230,   2.732e-02,  -3.179e-01,  -4.585e-03,      -0.044,       0.000,      -0.999,   3.218e-04,     -0.4782
 231,   1.462e-02,  -3.179e-01,  -3.703e-03,      -0.102,       0.000,      -0.995,   2.453e-04,     -0.6935
 232,   5.725e-03,  -3.179e-01,  -2.343e-03,      -0.228,       0.000,      -0.974,   1.564e-04,     -1.1463
 233,   1.144e-03,  -3.179e-01,  -7.216e-04,      -0.577,       0.000,      -0.817,   6.340e-05,     -2.3788
 234,   1.144e-03,  -3.179e-01,   1.487e-03,      -0.767,       0.000,       0.642,   8.063e-05,      0.8817
 235,   5.725e-03,  -3.179e-01,   4.460e-03,      -0.421,       0.000,       0.907,   1.679e-04,      0.5967
 236,   1.462e-02,  -3.179e-01,   7.393e-03,      -0.239,       0.000,       0.971,   2.513e-04,      0.1324
 237,   2.732e-02,  -3.179e-01,   9.671e-03,      -0.128,       0.000,       0.992,   3.242e-04,     -0.0847
 238,   4.307e-02,  -3.179e-01,   1.103e-02,      -0.050,       0.000,       0.999,   3.808e-04,     -0.1829
 239,   6.097e-02,  -3.179e-01,   1.133e-02,       0.014,       0.000,       1.000,   4.171e-04,     -0.2205
 240,   7.997e-02,  -3.179e-01,   1.049e-02,       0.073,       0.000,       0.997,   4.307e-04,     -0.2051
 241,   9.897e-02,  -3.179e-01,   8.692e-03,       0.117,       0.000,       0.993,   4.199e-04,     -0.1438
 242,   1.169e-01,  -3.179e-01,   6.363e-03,       0.143,       0.000,       0.990,   3.843e-04,     -0.0619
 243,   1.326e-01,  -3.179e-01,   4.010e-03,       0.154,      -0.000,       0.988,   3.254e-04,      0.0263
 244,   1.453e-01,  -3.179e-01,   2.079e-03,       0.146,       0.000,       0.989,   2.466e-04,      0.1098
 245,   1.542e-01,  -3.179e-01,   8.574e-04,       0.120,       0.000,       0.993,   1.534e-04,      0.1775
 246,   1.588e-01,  -3.179e-01,   3.496e-04,       0.082,      -0.000,       0.997,   5.195e-05,      0.2150
Strip 10
 247,   1.588e-01,  -2.946e-01,   2.322e-04,       0.019,       0.000,      -1.000,   5.666e-05,      0.2109
 248,   1.542e-01,  -2.946e-01,   3.273e-05,       0.052,       0.000,      -0.999,   1.669e-04,      0.1735
 249,   1.453e-01,  -2.946e-01,  -5.423e-04,       0.072,       0.000,      -0.997,   2.677e-04,      0.1025
 250,   1.326e-01,  -2.946e-01,  -1.498e-03,       0.077,       0.000,      -0.997,   3.528e-04,      0.0207
 251,   1.169e-01,  -2.946e-01,  -2.661e-03,       0.071,       0.000,      -0.998,   4.172e-04,     -0.0637
 252,   9.897e-02,  -2.946e-01,  -3.769e-03,       0.054,       0.000,      -0.999,   4.569e-04,     -0.1435
 253,   7.997e-02,  -2.946e-01,  -4.587e-03,       0.033,       0.000,      -0.999,   4.702e-04,     -0.2132
 254,   6.097e-02,  -2.946e-01,  -5.007e-03,       0.011,       0.000,      -1.000,   4.563e-04,     -0.2817
 255,   4.307e-02,  -2.946e-01,  -5.009e-03,      -0.012,       0.000,      -1.000,   4.161e-04,     -0.3671
 256,   2.732e-02,  -2.946e-01,  -4.585e-03,      -0.044,       0.000,      -0.999,   3.521e-04,     -0.4952
 257,   1.462e-02,  -2.946e-01,  -3.703e-03,      -0.102,       0.000,      -0.995,   2.684e-04,     -0.7165
 258,   5.725e-03,  -2.946e-01,  -2.343e-03,      -0.228,       0.000,      -0.974,   1.711e-04,     -1.1861
 259,   1.144e-03,  -2.946e-01,  -7.216e-04,      -0.577,       0.000,      -0.817,   6.937e-05,     -2.4773
 260,   1.144e-03,  -2.946e-01,   1.487e-03,      -0.767,       0.000,       0.642,   8.822e-05,      0.8627
 261,   5.725e-03,  -2.946e-01,   4.460e-03,      -0.421,       0.000,       0.907,   1.837e-04,      0.6116
 262,   1.462e-02,  -2.946e-01,   7.393e-03,      -0.239,       0.000,       0.971,   2.749e-04,      0.1450
 263,   2.732e-02,  -2.946e-01,   9.671e-03,      -0.128,       0.000,       0.992,   3.547e-04,     -0.0757
 264,   4.307e-02,  -2.946e-01,   1.103e-02,      -0.050,       0.000,       0.999,   4.166e-04,     -0.1768
 265,   6.097e-02,  -2.946e-01,   1.133e-02,       0.014,      -0.000,       1.000,   4.563e-04,     -0.2165
 266,   7.997e-02,  -2.946e-01,   1.049e-02,       0.073,      -0.000,       0.997,   4.712e-04,     -0.2025
 267,   9.897e-02,  -2.946e-01,   8.692e-03,       0.117,      -0.000,       0.993,   4.594e-04,     -0.1420
 268,   1.169e-01,  -2.946e-01,   6.363e-03,       0.143,      -0.000,       0.990,   4.204e-04,     -0.0604
 269,   1.326e-01,  -2.946e-01,   4.010e-03,       0.154,       0.000,       0.988,   3.560e-04,      0.0276
 270,   1.453e-01,  -2.946e-01,   2.079e-03,       0.146,       0.000,       0.989,   2.699e-04,      0.1109
 271,   1.542e-01,  -2.946e-01,   8.574e-04,       0.120,       0.000,       0.993,   1.679e-04,      0.1782
 272,   1.588e-01,  -2.946e-01,   3.496e-04,       0.082,       0.000,       0.997,   5.683e-05,      0.2154
Strip 11
 273,   1.588e-01,  -2.693e-01,   2.322e-04,       0.019,       0.000,      -1.000,   6.114e-05,      0.2107
 274,   1.542e-01,  -2.693e-01,   3.273e-05,       0.052,       0.000,      -0.999,   1.801e-04,      0.1729
 275,   1.453e-01,  -2.693e-01,  -5.423e-04,       0.072,       0.000,      -0.997,   2.888e-04,      0.1010
 276,   1.326e-01,  -2.693e-01,  -1.498e-03,       0.077,       0.000,      -0.997,   3.807e-04,      0.0181
 277,   1.169e-01,  -2.693e-01,  -2.661e-03,       0.071,       0.000,      -0.998,   4.502e-04,     -0.0678
 278,   9.897e-02,  -2.693e-01,  -3.769e-03,       0.054,       0.000,      -0.999,   4.931e-04,     -0.1493
 279,   7.997e-02,  -2.693e-01,  -4.587e-03,       0.033,       0.000,      -0.999,   5.074e-04,     -0.2208
 280,   6.097e-02,  -2.693e-01,  -5.007e-03,       0.011,       0.000,      -1.000,   4.924e-04,     -0.2910
 281,   4.307e-02,  -2.693e-01,  -5.009e-03,      -0.012,       0.000,      -1.000,   4.491e-04,     -0.3783
 282,   2.732e-02,  -2.693e-01,  -4.585e-03,      -0.044,       0.000,      -0.999,   3.800e-04,     -0.5092
 283,   1.462e-02,  -2.693e-01,  -3.703e-03,      -0.102,       0.000,      -0.995,   2.896e-04,     -0.7357
 284,   5.725e-03,  -2.693e-01,  -2.343e-03,      -0.228,       0.000,      -0.974,   1.847e-04,     -1.2198
 285,   1.144e-03,  -2.693e-01,  -7.216e-04,      -0.577,       0.000,      -0.817,   7.486e-05,     -2.5617
 286,   1.144e-03,  -2.693e-01,   1.487e-03,      -0.767,       0.000,       0.642,   9.520e-05,      0.8456
 287,   5.725e-03,  -2.693e-01,   4.460e-03,      -0.421,       0.000,       0.907,   1.982e-04,      0.6239
 288,   1.462e-02,  -2.693e-01,   7.393e-03,      -0.239,       0.000,       0.971,   2.967e-04,      0.1557
 289,   2.732e-02,  -2.693e-01,   9.671e-03,      -0.128,       0.000,       0.992,   3.827e-04,     -0.0677
 290,   4.307e-02,  -2.693e-01,   1.103e-02,      -0.050,       0.000,       0.999,   4.496e-04,     -0.1710
 291,   6.097e-02,  -2.693e-01,   1.133e-02,       0.014,       0.000,       1.000,   4.925e-04,     -0.2123
 292,   7.997e-02,  -2.693e-01,   1.049e-02,       0.073,       0.000,       0.997,   5.085e-04,     -0.1996
 293,   9.897e-02,  -2.693e-01,   8.692e-03,       0.117,       0.000,       0.993,   4.958e-04,     -0.1399
 294,   1.169e-01,  -2.693e-01,   6.363e-03,       0.143,       0.000,       0.990,   4.537e-04,     -0.0588
 295,   1.326e-01,  -2.693e-01,   4.010e-03,       0.154,       0.000,       0.988,   3.842e-04,      0.0287
 296,   1.453e-01,  -2.693e-01,   2.079e-03,       0.146,       0.000,       0.989,   2.912e-04,      0.1116
 297,   1.542e-01,  -2.693e-01,   8.574e-04,       0.120,       0.000,       0.993,   1.811e-04,      0.1786
 298,   1.588e-01,  -2.693e-01,   3.496e-04,       0.082,      -0.000,       0.997,   6.133e-05,      0.2156
Strip 12
 299,   1.588e-01,  -2.421e-01,   2.322e-04,       0.019,       0.000,      -1.000,   6.521e-05,      0.2104
 300,   1.542e-01,  -2.421e-01,   3.273e-05,       0.052,       0.000,      -0.999,   1.921e-04,      0.1721
 301,   1.453e-01,  -2.421e-01,  -5.423e-04,       0.072,       0.000,      -0.997,   3.081e-04,      0.0995
 302,   1.326e-01,  -2.421e-01,  -1.498e-03,       0.077,       0.000,      -0.997,   4.061e-04,      0.0157
 303,   1.169e-01,  -2.421e-01,  -2.661e-03,       0.071,      -0.000,      -0.998,   4.801e-04,     -0.0713
 304,   9.897e-02,  -2.421e-01,  -3.769e-03,       0.054,      -0.000,      -0.999,   5.259e-04,     -0.1541
 305,   7.997e-02,  -2.421e-01,  -4.587e-03,       0.033,       0.000,      -0.999,   5.412e-04,     -0.2269
 306,   6.097e-02,  -2.421e-01,  -5.007e-03,       0.011,       0.000,      -1.000,   5.252e-04,     -0.2986
 307,   4.307e-02,  -2.421e-01,  -5.009e-03,      -0.012,       0.000,      -1.000,   4.790e-04,     -0.3874
 308,   2.732e-02,  -2.421e-01,  -4.585e-03,      -0.044,       0.000,      -0.999,   4.053e-04,     -0.5206
 309,   1.462e-02,  -2.421e-01,  -3.703e-03,      -0.102,       0.000,      -0.995,   3.089e-04,     -0.7516
 310,   5.725e-03,  -2.421e-01,  -2.343e-03,      -0.228,       0.000,      -0.974,   1.970e-04,     -1.2481
 311,   1.144e-03,  -2.421e-01,  -7.216e-04,      -0.577,       0.000,      -0.817,   7.984e-05,     -2.6335
 312,   1.144e-03,  -2.421e-01,   1.487e-03,      -0.767,       0.000,       0.642,   1.015e-04,      0.8303
 313,   5.725e-03,  -2.421e-01,   4.460e-03,      -0.421,       0.000,       0.907,   2.114e-04,      0.6342
 314,   1.462e-02,  -2.421e-01,   7.393e-03,      -0.239,       0.000,       0.971,   3.164e-04,      0.1648
 315,   2.732e-02,  -2.421e-01,   9.671e-03,      -0.128,       0.000,       0.992,   4.082e-04,     -0.0607
 316,   4.307e-02,  -2.421e-01,   1.103e-02,      -0.050,       0.000,       0.999,   4.795e-04,     -0.1657
 317,   6.097e-02,  -2.421e-01,   1.133e-02,       0.014,       0.000,       1.000,   5.252e-04,     -0.2083
 318,   7.997e-02,  -2.421e-01,   1.049e-02,       0.073,       0.000,       0.997,   5.423e-04,     -0.1966
 319,   9.897e-02,  -2.421e-01,   8.692e-03,       0.117,       0.000,       0.993,   5.288e-04,     -0.1377
 320,   1.169e-01,  -2.421e-01,   6.363e-03,       0.143,       0.000,       0.990,   4.839e-04,     -0.0573
 321,   1.326e-01,  -2.421e-01,   4.010e-03,       0.154,       0.000,       0.988,   4.097e-04,      0.0297
 322,   1.453e-01,  -2.421e-01,   2.079e-03,       0.146,       0.000,       0.989,   3.106e-04,      0.1122
 323,   1.542e-01,  -2.421e-01,   8.574e-04,       0.120,       0.000,       0.993,   1.932e-04,      0.1788
 324,   1.588e-01,  -2.421e-01,   3.496e-04,       0.082,       0.000,       0.997,   6.541e-05,      0.2156
Strip 13
 325,   1.588e-01,  -2.133e-01,   2.322e-04,       0.019,       0.000,      -1.000,   6.883e-05,      0.2100
 326,   1.542e-01,  -2.133e-01,   3.273e-05,       0.052,       0.000,      -0.999,   2.027e-04,      0.1714
 327,   1.453e-01,  -2.133e-01,  -5.423e-04,       0.072,       0.000,      -0.997,   3.252e-04,      0.0982
 328,   1.326e-01,  -2.133e-01,  -1.498e-03,       0.077,       0.000,      -0.997,   4.286e-04,      0.0137
 329,   1.169e-01,  -2.133e-01,  -2.661e-03,       0.071,       0.000,      -0.998,   5.068e-04,     -0.0742
 330,   9.897e-02,  -2.133e-01,  -3.769e-03,       0.054,       0.000,      -0.999,   5.551e-04,     -0.1580
 331,   7.997e-02,  -2.133e-01,  -4.587e-03,       0.033,       0.000,      -0.999,   5.712e-04,     -0.2319
 332,   6.097e-02,  -2.133e-01,  -5.007e-03,       0.011,       0.000,      -1.000,   5.544e-04,     -0.3046
 333,   4.307e-02,  -2.133e-01,  -5.009e-03,      -0.012,       0.000,      -1.000,   5.056e-04,     -0.3947
 334,   2.732e-02,  -2.133e-01,  -4.585e-03,      -0.044,       0.000,      -0.999,   4.278e-04,     -0.5299
 335,   1.462e-02,  -2.133e-01,  -3.703e-03,      -0.102,       0.000,      -0.995,   3.260e-04,     -0.7647
 336,   5.725e-03,  -2.133e-01,  -2.343e-03,      -0.228,       0.000,      -0.974,   2.079e-04,     -1.2717
 337,   1.144e-03,  -2.133e-01,  -7.216e-04,      -0.577,       0.000,      -0.817,   8.427e-05,     -2.6940
 338,   1.144e-03,  -2.133e-01,   1.487e-03,      -0.767,       0.000,       0.642,   1.072e-04,      0.8170
 339,   5.725e-03,  -2.133e-01,   4.460e-03,      -0.421,       0.000,       0.907,   2.231e-04,      0.6428
 340,   1.462e-02,  -2.133e-01,   7.393e-03,      -0.239,       0.000,       0.971,   3.340e-04,      0.1724
 341,   2.732e-02,  -2.133e-01,   9.671e-03,      -0.128,       0.000,       0.992,   4.309e-04,     -0.0547
 342,   4.307e-02,  -2.133e-01,   1.103e-02,      -0.050,       0.000,       0.999,   5.062e-04,     -0.1610
 343,   6.097e-02,  -2.133e-01,   1.133e-02,       0.014,       0.000,       1.000,   5.544e-04,     -0.2047
 344,   7.997e-02,  -2.133e-01,   1.049e-02,       0.073,       0.000,       0.997,   5.724e-04,     -0.1939
 345,   9.897e-02,  -2.133e-01,   8.692e-03,       0.117,      -0.000,       0.993,   5.581e-04,     -0.1357
 346,   1.169e-01,  -2.133e-01,   6.363e-03,       0.143,      -0.000,       0.990,   5.108e-04,     -0.0559
 347,   1.326e-01,  -2.133e-01,   4.010e-03,       0.154,       0.000,       0.988,   4.325e-04,      0.0306
 348,   1.453e-01,  -2.133e-01,   2.079e-03,       0.146,       0.000,       0.989,   3.278e-04,      0.1127
 349,   1.542e-01,  -2.133e-01,   8.574e-04,       0.120,       0.000,       0.993,   2.039e-04,      0.1789
 350,   1.588e-01,  -2.133e-01,   3.496e-04,       0.082,       0.000,       0.997,   6.905e-05,      0.2155
Strip 14
 351,   1.588e-01,  -1.830e-01,   2.322e-04,       0.019,       0.000,      -1.000,   7.198e-05,      0.2096
 352,   1.542e-01,  -1.830e-01,   3.273e-05,       0.052,       0.000,      -0.999,   2.120e-04,      0.1708
 353,   1.453e-01,  -1.830e-01,  -5.423e-04,       0.072,       0.000,      -0.997,   3.401e-04,      0.0971
 354,   1.326e-01,  -1.830e-01,  -1.498e-03,       0.077,       0.000,      -0.997,   4.482e-04,      0.0120
 355,   1.169e-01,  -1.830e-01,  -2.661e-03,       0.071,       0.000,      -0.998,   5.300e-04,     -0.0765
 356,   9.897e-02,  -1.830e-01,  -3.769e-03,       0.054,       0.000,      -0.999,   5.806e-04,     -0.1611
 357,   7.997e-02,  -1.830e-01,  -4.587e-03,       0.033,       0.000,      -0.999,   5.974e-04,     -0.2358
 358,   6.097e-02,  -1.830e-01,  -5.007e-03,       0.011,       0.000,      -1.000,   5.798e-04,     -0.3094
 359,   4.307e-02,  -1.830e-01,  -5.009e-03,      -0.012,       0.000,      -1.000,   5.287e-04,     -0.4006
 360,   2.732e-02,  -1.830e-01,  -4.585e-03,      -0.044,       0.000,      -0.999,   4.474e-04,     -0.5373
 361,   1.462e-02,  -1.830e-01,  -3.703e-03,      -0.102,       0.000,      -0.995,   3.409e-04,     -0.7753
 362,   5.725e-03,  -1.830e-01,  -2.343e-03,      -0.228,       0.000,      -0.974,   2.174e-04,     -1.2910
 363,   1.144e-03,  -1.830e-01,  -7.216e-04,      -0.577,       0.000,      -0.817,   8.813e-05,     -2.7440
 364,   1.144e-03,  -1.830e-01,   1.487e-03,      -0.767,       0.000,       0.642,   1.121e-04,      0.8056
 365,   5.725e-03,  -1.830e-01,   4.460e-03,      -0.421,       0.000,       0.907,   2.334e-04,      0.6498
 366,   1.462e-02,  -1.830e-01,   7.393e-03,      -0.239,       0.000,       0.971,   3.493e-04,      0.1787
 367,   2.732e-02,  -1.830e-01,   9.671e-03,      -0.128,       0.000,       0.992,   4.506e-04,     -0.0498
 368,   4.307e-02,  -1.830e-01,   1.103e-02,      -0.050,       0.000,       0.999,   5.293e-04,     -0.1571
 369,   6.097e-02,  -1.830e-01,   1.133e-02,       0.014,       0.000,       1.000,   5.798e-04,     -0.2016
 370,   7.997e-02,  -1.830e-01,   1.049e-02,       0.073,       0.000,       0.997,   5.987e-04,     -0.1915
 371,   9.897e-02,  -1.830e-01,   8.692e-03,       0.117,       0.000,       0.993,   5.837e-04,     -0.1340
 372,   1.169e-01,  -1.830e-01,   6.363e-03,       0.143,       0.000,       0.990,   5.341e-04,     -0.0547
 373,   1.326e-01,  -1.830e-01,   4.010e-03,       0.154,       0.000,       0.988,   4.523e-04,      0.0314
 374,   1.453e-01,  -1.830e-01,   2.079e-03,       0.146,       0.000,       0.989,   3.429e-04,      0.1131
 375,   1.542e-01,  -1.830e-01,   8.574e-04,       0.120,       0.000,       0.993,   2.133e-04,      0.1790
 376,   1.588e-01,  -1.830e-01,   3.496e-04,       0.082,       0.000,       0.997,   7.221e-05,      0.2154
Strip 15
 377,   1.588e-01,  -1.515e-01,   2.322e-04,       0.019,       0.000,      -1.000,   7.464e-05,      0.2093
 378,   1.542e-01,  -1.515e-01,   3.273e-05,       0.052,       0.000,      -0.999,   2.198e-04,      0.1703
 379,   1.453e-01,  -1.515e-01,  -5.423e-04,       0.072,       0.000,      -0.997,   3.526e-04,      0.0963
 380,   1.326e-01,  -1.515e-01,  -1.498e-03,       0.077,       0.000,      -0.997,   4.648e-04,      0.0107
 381,   1.169e-01,  -1.515e-01,  -2.661e-03,       0.071,       0.000,      -0.998,   5.496e-04,     -0.0784
 382,   9.897e-02,  -1.515e-01,  -3.769e-03,       0.054,       0.000,      -0.999,   6.020e-04,     -0.1636
 383,   7.997e-02,  -1.515e-01,  -4.587e-03,       0.033,       0.000,      -0.999,   6.195e-04,     -0.2389
 384,   6.097e-02,  -1.515e-01,  -5.007e-03,       0.011,       0.000,      -1.000,   6.012e-04,     -0.3132
 385,   4.307e-02,  -1.515e-01,  -5.009e-03,      -0.012,       0.000,      -1.000,   5.483e-04,     -0.4052
 386,   2.732e-02,  -1.515e-01,  -4.585e-03,      -0.044,       0.000,      -0.999,   4.639e-04,     -0.5432
 387,   1.462e-02,  -1.515e-01,  -3.703e-03,      -0.102,       0.000,      -0.995,   3.535e-04,     -0.7838
 388,   5.725e-03,  -1.515e-01,  -2.343e-03,      -0.228,       0.000,      -0.974,   2.255e-04,     -1.3065
 389,   1.144e-03,  -1.515e-01,  -7.216e-04,      -0.577,       0.000,      -0.817,   9.139e-05,     -2.7844
 390,   1.144e-03,  -1.515e-01,   1.487e-03,      -0.767,       0.000,       0.642,   1.162e-04,      0.7963
 391,   5.725e-03,  -1.515e-01,   4.460e-03,      -0.421,       0.000,       0.907,   2.420e-04,      0.6553
 392,   1.462e-02,  -1.515e-01,   7.393e-03,      -0.239,       0.000,       0.971,   3.622e-04,      0.1838
 393,   2.732e-02,  -1.515e-01,   9.671e-03,      -0.128,       0.000,       0.992,   4.672e-04,     -0.0457
 394,   4.307e-02,  -1.515e-01,   1.103e-02,      -0.050,       0.000,       0.999,   5.489e-04,     -0.1539
 395,   6.097e-02,  -1.515e-01,   1.133e-02,       0.014,       0.000,       1.000,   6.012e-04,     -0.1990
 396,   7.997e-02,  -1.515e-01,   1.049e-02,       0.073,       0.000,       0.997,   6.208e-04,     -0.1895
 397,   9.897e-02,  -1.515e-01,   8.692e-03,       0.117,       0.000,       0.993,   6.053e-04,     -0.1325
 398,   1.169e-01,  -1.515e-01,   6.363e-03,       0.143,       0.000,       0.990,   5.539e-04,     -0.0537
 399,   1.326e-01,  -1.515e-01,   4.010e-03,       0.154,       0.000,       0.988,   4.690e-04,      0.0320
 400,   1.453e-01,  -1.515e-01,   2.079e-03,       0.146,       0.000,       0.989,   3.555e-04,      0.1134
 401,   1.542e-01,  -1.515e-01,   8.574e-04,       0.120,       0.000,       0.993,   2.211e-04,      0.1791
 402,   1.588e-01,  -1.515e-01,   3.496e-04,       0.082,       0.000,       0.997,   7.488e-05,      0.2153
Strip 16
 403,   1.588e-01,  -1.189e-01,   2.322e-04,       0.019,       0.000,      -1.000,   7.679e-05,      0.2090
 404,   1.542e-01,  -1.189e-01,   3.273e-05,       0.052,       0.000,      -0.999,   2.262e-04,      0.1698
 405,   1.453e-01,  -1.189e-01,  -5.423e-04,       0.072,      -0.000,      -0.997,   3.628e-04,      0.0956
 406,   1.326e-01,  -1.189e-01,  -1.498e-03,       0.077,       0.000,      -0.997,   4.782e-04,      0.0097
 407,   1.169e-01,  -1.189e-01,  -2.661e-03,       0.071,      -0.000,      -0.998,   5.654e-04,     -0.0798
 408,   9.897e-02,  -1.189e-01,  -3.769e-03,       0.054,      -0.000,      -0.999,   6.194e-04,     -0.1654
 409,   7.997e-02,  -1.189e-01,  -4.587e-03,       0.033,       0.000,      -0.999,   6.373e-04,     -0.2412
 410,   6.097e-02,  -1.189e-01,  -5.007e-03,       0.011,       0.000,      -1.000,   6.185e-04,     -0.3160
 411,   4.307e-02,  -1.189e-01,  -5.009e-03,      -0.012,       0.000,      -1.000,   5.640e-04,     -0.4087
 412,   2.732e-02,  -1.189e-01,  -4.585e-03,      -0.044,       0.000,      -0.999,   4.772e-04,     -0.5477
 413,   1.462e-02,  -1.189e-01,  -3.703e-03,      -0.102,       0.000,      -0.995,   3.637e-04,     -0.7903
 414,   5.725e-03,  -1.189e-01,  -2.343e-03,      -0.228,       0.000,      -0.974,   2.320e-04,     -1.3186
 415,   1.144e-03,  -1.189e-01,  -7.216e-04,      -0.577,       0.000,      -0.817,   9.402e-05,     -2.8160
 416,   1.144e-03,  -1.189e-01,   1.487e-03,      -0.767,       0.000,       0.642,   1.196e-04,      0.7888
 417,   5.725e-03,  -1.189e-01,   4.460e-03,      -0.421,       0.000,       0.907,   2.490e-04,      0.6597
 418,   1.462e-02,  -1.189e-01,   7.393e-03,      -0.239,       0.000,       0.971,   3.727e-04,      0.1878
 419,   2.732e-02,  -1.189e-01,   9.671e-03,      -0.128,       0.000,       0.992,   4.807e-04,     -0.0425
 420,   4.307e-02,  -1.189e-01,   1.103e-02,      -0.050,       0.000,       0.999,   5.647e-04,     -0.1513
 421,   6.097e-02,  -1.189e-01,   1.133e-02,       0.014,       0.000,       1.000,   6.185e-04,     -0.1970
 422,   7.997e-02,  -1.189e-01,   1.049e-02,       0.073,       0.000,       0.997,   6.387e-04,     -0.1879
 423,   9.897e-02,  -1.189e-01,   8.692e-03,       0.117,      -0.000,       0.993,   6.227e-04,     -0.1313
 424,   1.169e-01,  -1.189e-01,   6.363e-03,       0.143,      -0.000,       0.990,   5.698e-04,     -0.0529
 425,   1.326e-01,  -1.189e-01,   4.010e-03,       0.154,       0.000,       0.988,   4.825e-04,      0.0326
 426,   1.453e-01,  -1.189e-01,   2.079e-03,       0.146,       0.000,       0.989,   3.658e-04,      0.1137
 427,   1.542e-01,  -1.189e-01,   8.574e-04,       0.120,      -0.000,       0.993,   2.275e-04,      0.1791
 428,   1.588e-01,  -1.189e-01,   3.496e-04,       0.082,      -0.000,       0.997,   7.703e-05,      0.2153
Strip 17
 429,   1.588e-01,  -8.550e-02,   2.322e-04,       0.019,       0.000,      -1.000,   7.842e-05,      0.2088
 430,   1.542e-01,  -8.550e-02,   3.273e-05,       0.052,       0.000,      -0.999,   2.310e-04,      0.1695
 431,   1.453e-01,  -8.550e-02,  -5.423e-04,       0.072,       0.000,      -0.997,   3.705e-04,      0.0951
 432,   1.326e-01,  -8.550e-02,  -1.498e-03,       0.077,       0.000,      -0.997,   4.883e-04,      0.0089
 433,   1.169e-01,  -8.550e-02,  -2.661e-03,       0.071,       0.000,      -0.998,   5.774e-04,     -0.0808
 434,   9.897e-02,  -8.550e-02,  -3.769e-03,       0.054,       0.000,      -0.999,   6.325e-04,     -0.1667
 435,   7.997e-02,  -8.550e-02,  -4.587e-03,       0.033,       0.000,      -0.999,   6.508e-04,     -0.2429
 436,   6.097e-02,  -8.550e-02,  -5.007e-03,       0.011,       0.000,      -1.000,   6.316e-04,     -0.3180
 437,   4.307e-02,  -8.550e-02,  -5.009e-03,      -0.012,       0.000,      -1.000,   5.760e-04,     -0.4112
 438,   2.732e-02,  -8.550e-02,  -4.585e-03,      -0.044,       0.000,      -0.999,   4.874e-04,     -0.5510
 439,   1.462e-02,  -8.550e-02,  -3.703e-03,      -0.102,       0.000,      -0.995,   3.714e-04,     -0.7951
 440,   5.725e-03,  -8.550e-02,  -2.343e-03,      -0.228,       0.000,      -0.974,   2.369e-04,     -1.3274
 441,   1.144e-03,  -8.550e-02,  -7.216e-04,      -0.577,       0.000,      -0.817,   9.601e-05,     -2.8392
 442,   1.144e-03,  -8.550e-02,   1.487e-03,      -0.767,       0.000,       0.642,   1.221e-04,      0.7833
 443,   5.725e-03,  -8.550e-02,   4.460e-03,      -0.421,       0.000,       0.907,   2.542e-04,      0.6628
 444,   1.462e-02,  -8.550e-02,   7.393e-03,      -0.239,       0.000,       0.971,   3.805e-04,      0.1907
 445,   2.732e-02,  -8.550e-02,   9.671e-03,      -0.128,       0.000,       0.992,   4.909e-04,     -0.0402
 446,   4.307e-02,  -8.550e-02,   1.103e-02,      -0.050,       0.000,       0.999,   5.767e-04,     -0.1494
 447,   6.097e-02,  -8.550e-02,   1.133e-02,       0.014,       0.000,       1.000,   6.316e-04,     -0.1955
 448,   7.997e-02,  -8.550e-02,   1.049e-02,       0.073,       0.000,       0.997,   6.522e-04,     -0.1867
 449,   9.897e-02,  -8.550e-02,   8.692e-03,       0.117,       0.000,       0.993,   6.359e-04,     -0.1304
 450,   1.169e-01,  -8.550e-02,   6.363e-03,       0.143,       0.000,       0.990,   5.819e-04,     -0.0523
 451,   1.326e-01,  -8.550e-02,   4.010e-03,       0.154,       0.000,       0.988,   4.927e-04,      0.0329
 452,   1.453e-01,  -8.550e-02,   2.079e-03,       0.146,       0.000,       0.989,   3.735e-04,      0.1139
 453,   1.542e-01,  -8.550e-02,   8.574e-04,       0.120,       0.000,       0.993,   2.323e-04,      0.1792
 454,   1.588e-01,  -8.550e-02,   3.496e-04,       0.082,       0.000,       0.997,   7.867e-05,      0.2152
Strip 18
 455,   1.588e-01,  -5.154e-02,   2.322e-04,       0.019,       0.000,      -1.000,   7.951e-05,      0.2087
 456,   1.542e-01,  -5.154e-02,   3.273e-05,       0.052,       0.000,      -0.999,   2.342e-04,      0.1693
 457,   1.453e-01,  -5.154e-02,  -5.423e-04,       0.072,       0.000,      -0.997,   3.756e-04,      0.0947
 458,   1.326e-01,  -5.154e-02,  -1.498e-03,       0.077,       0.000,      -0.997,   4.951e-04,      0.0085
 459,   1.169e-01,  -5.154e-02,  -2.661e-03,       0.071,       0.000,      -0.998,   5.854e-04,     -0.0815
 460,   9.897e-02,  -5.154e-02,  -3.769e-03,       0.054,       0.000,      -0.999,   6.413e-04,     -0.1676
 461,   7.997e-02,  -5.154e-02,  -4.587e-03,       0.033,       0.000,      -0.999,   6.598e-04,     -0.2440
 462,   6.097e-02,  -5.154e-02,  -5.007e-03,       0.011,       0.000,      -1.000,   6.404e-04,     -0.3194
 463,   4.307e-02,  -5.154e-02,  -5.009e-03,      -0.012,       0.000,      -1.000,   5.840e-04,     -0.4128
 464,   2.732e-02,  -5.154e-02,  -4.585e-03,      -0.044,       0.000,      -0.999,   4.941e-04,     -0.5531
 465,   1.462e-02,  -5.154e-02,  -3.703e-03,      -0.102,       0.000,      -0.995,   3.766e-04,     -0.7982
 466,   5.725e-03,  -5.154e-02,  -2.343e-03,      -0.228,       0.000,      -0.974,   2.402e-04,     -1.3331
 467,   1.144e-03,  -5.154e-02,  -7.216e-04,      -0.577,       0.000,      -0.817,   9.734e-05,     -2.8544
 468,   1.144e-03,  -5.154e-02,   1.487e-03,      -0.767,       0.000,       0.642,   1.238e-04,      0.7796
 469,   5.725e-03,  -5.154e-02,   4.460e-03,      -0.421,       0.000,       0.907,   2.578e-04,      0.6649
 470,   1.462e-02,  -5.154e-02,   7.393e-03,      -0.239,       0.000,       0.971,   3.858e-04,      0.1926
 471,   2.732e-02,  -5.154e-02,   9.671e-03,      -0.128,       0.000,       0.992,   4.977e-04,     -0.0387
 472,   4.307e-02,  -5.154e-02,   1.103e-02,      -0.050,       0.000,       0.999,   5.847e-04,     -0.1482
 473,   6.097e-02,  -5.154e-02,   1.133e-02,       0.014,       0.000,       1.000,   6.404e-04,     -0.1945
 474,   7.997e-02,  -5.154e-02,   1.049e-02,       0.073,       0.000,       0.997,   6.613e-04,     -0.1859
 475,   9.897e-02,  -5.154e-02,   8.692e-03,       0.117,       0.000,       0.993,   6.447e-04,     -0.1299
 476,   1.169e-01,  -5.154e-02,   6.363e-03,       0.143,       0.000,       0.990,   5.900e-04,     -0.0519
 477,   1.326e-01,  -5.154e-02,   4.010e-03,       0.154,       0.000,       0.988,   4.996e-04,      0.0332
 478,   1.453e-01,  -5.154e-02,   2.079e-03,       0.146,       0.000,       0.989,   3.787e-04,      0.1140
 479,   1.542e-01,  -5.154e-02,   8.574e-04,       0.120,       0.000,       0.993,   2.356e-04,      0.1792
 480,   1.588e-01,  -5.154e-02,   3.496e-04,       0.082,       0.000,       0.997,   7.976e-05,      0.2152
Strip 19
 481,   1.588e-01,  -1.722e-02,   2.322e-04,       0.019,       0.000,      -1.000,   8.005e-05,      0.2086
 482,   1.542e-01,  -1.722e-02,   3.273e-05,       0.052,       0.000,      -0.999,   2.358e-04,      0.1692
 483,   1.453e-01,  -1.722e-02,  -5.423e-04,       0.072,       0.000,      -0.997,   3.782e-04,      0.0946
 484,   1.326e-01,  -1.722e-02,  -1.498e-03,       0.077,       0.000,      -0.997,   4.985e-04,      0.0082
 485,   1.169e-01,  -1.722e-02,  -2.661e-03,       0.071,       0.000,      -0.998,   5.894e-04,     -0.0818
 486,   9.897e-02,  -1.722e-02,  -3.769e-03,       0.054,       0.000,      -0.999,   6.457e-04,     -0.1680
 487,   7.997e-02,  -1.722e-02,  -4.587e-03,       0.033,       0.000,      -0.999,   6.644e-04,     -0.2445
 488,   6.097e-02,  -1.722e-02,  -5.007e-03,       0.011,       0.000,      -1.000,   6.448e-04,     -0.3200
 489,   4.307e-02,  -1.722e-02,  -5.009e-03,      -0.012,       0.000,      -1.000,   5.880e-04,     -0.4136
 490,   2.732e-02,  -1.722e-02,  -4.585e-03,      -0.044,       0.000,      -0.999,   4.975e-04,     -0.5541
 491,   1.462e-02,  -1.722e-02,  -3.703e-03,      -0.102,       0.000,      -0.995,   3.792e-04,     -0.7997
 492,   5.725e-03,  -1.722e-02,  -2.343e-03,      -0.228,       0.000,      -0.974,   2.418e-04,     -1.3360
 493,   1.144e-03,  -1.722e-02,  -7.216e-04,      -0.577,       0.000,      -0.817,   9.801e-05,     -2.8620
 494,   1.144e-03,  -1.722e-02,   1.487e-03,      -0.767,       0.000,       0.642,   1.247e-04,      0.7778
 495,   5.725e-03,  -1.722e-02,   4.460e-03,      -0.421,       0.000,       0.907,   2.595e-04,      0.6659
 496,   1.462e-02,  -1.722e-02,   7.393e-03,      -0.239,       0.000,       0.971,   3.885e-04,      0.1936
 497,   2.732e-02,  -1.722e-02,   9.671e-03,      -0.128,       0.000,       0.992,   5.011e-04,     -0.0379
 498,   4.307e-02,  -1.722e-02,   1.103e-02,      -0.050,       0.000,       0.999,   5.887e-04,     -0.1476
 499,   6.097e-02,  -1.722e-02,   1.133e-02,       0.014,       0.000,       1.000,   6.448e-04,     -0.1940
 500,   7.997e-02,  -1.722e-02,   1.049e-02,       0.073,       0.000,       0.997,   6.658e-04,     -0.1855
 501,   9.897e-02,  -1.722e-02,   8.692e-03,       0.117,      -0.000,       0.993,   6.492e-04,     -0.1296
 502,   1.169e-01,  -1.722e-02,   6.363e-03,       0.143,      -0.000,       0.990,   5.940e-04,     -0.0517
 503,   1.326e-01,  -1.722e-02,   4.010e-03,       0.154,       0.000,       0.988,   5.030e-04,      0.0333
 504,   1.453e-01,  -1.722e-02,   2.079e-03,       0.146,       0.000,       0.989,   3.813e-04,      0.1141
 505,   1.542e-01,  -1.722e-02,   8.574e-04,       0.120,       0.000,       0.993,   2.372e-04,      0.1792
 506,   1.588e-01,  -1.722e-02,   3.496e-04,       0.082,       0.000,       0.997,   8.031e-05,      0.2152
Strip 20
 507,   1.588e-01,   1.722e-02,   2.322e-04,       0.019,       0.000,      -1.000,   8.005e-05,      0.2086
 508,   1.542e-01,   1.722e-02,   3.273e-05,       0.052,       0.000,      -0.999,   2.358e-04,      0.1692
 509,   1.453e-01,   1.722e-02,  -5.423e-04,       0.072,       0.000,      -0.997,   3.782e-04,      0.0946
 510,   1.326e-01,   1.722e-02,  -1.498e-03,       0.077,       0.000,      -0.997,   4.985e-04,      0.0082
 511,   1.169e-01,   1.722e-02,  -2.661e-03,       0.071,       0.000,      -0.998,   5.894e-04,     -0.0818
 512,   9.897e-02,   1.722e-02,  -3.769e-03,       0.054,       0.000,      -0.999,   6.457e-04,     -0.1680
 513,   7.997e-02,   1.722e-02,  -4.587e-03,       0.033,       0.000,      -0.999,   6.644e-04,     -0.2445
 514,   6.097e-02,   1.722e-02,  -5.007e-03,       0.011,       0.000,      -1.000,   6.448e-04,     -0.3200
 515,   4.307e-02,   1.722e-02,  -5.009e-03,      -0.012,       0.000,      -1.000,   5.880e-04,     -0.4136
 516,   2.732e-02,   1.722e-02,  -4.585e-03,      -0.044,       0.000,      -0.999,   4.975e-04,     -0.5541
 517,   1.462e-02,   1.722e-02,  -3.703e-03,      -0.102,       0.000,      -0.995,   3.792e-04,     -0.7997
 518,   5.725e-03,   1.722e-02,  -2.343e-03,      -0.228,       0.000,      -0.974,   2.418e-04,     -1.3360
 519,   1.144e-03,   1.722e-02,  -7.216e-04,      -0.577,       0.000,      -0.817,   9.801e-05,     -2.8620
 520,   1.144e-03,   1.722e-02,   1.487e-03,      -0.767,       0.000,       0.642,   1.247e-04,      0.7778
 521,   5.725e-03,   1.722e-02,   4.460e-03,      -0.421,       0.000,       0.907,   2.595e-04,      0.6659
 522,   1.462e-02,   1.722e-02,   7.393e-03,      -0.239,       0.000,       0.971,   3.885e-04,      0.1936
 523,   2.732e-02,   1.722e-02,   9.671e-03,      -0.128,       0.000,       0.992,   5.011e-04,     -0.0379
 524,   4.307e-02,   1.722e-02,   1.103e-02,      -0.050,       0.000,       0.999,   5.887e-04,     -0.1476
 525,   6.097e-02,   1.722e-02,   1.133e-02,       0.014,       0.000,       1.000,   6.448e-04,     -0.1940
 526,   7.997e-02,   1.722e-02,   1.049e-02,       0.073,       0.000,       0.997,   6.658e-04,     -0.1855
 527,   9.897e-02,   1.722e-02,   8.692e-03,       0.117,       0.000,       0.993,   6.492e-04,     -0.1296
 528,   1.169e-01,   1.722e-02,   6.363e-03,       0.143,       0.000,       0.990,   5.940e-04,     -0.0517
 529,   1.326e-01,   1.722e-02,   4.010e-03,       0.154,       0.000,       0.988,   5.030e-04,      0.0333
 530,   1.453e-01,   1.722e-02,   2.079e-03,       0.146,       0.000,       0.989,   3.813e-04,      0.1141
 531,   1.542e-01,   1.722e-02,   8.574e-04,       0.120,       0.000,       0.993,   2.372e-04,      0.1792
 532,   1.588e-01,   1.722e-02,   3.496e-04,       0.082,       0.000,       0.997,   8.031e-05,      0.2152
Strip 21
 533,   1.588e-01,   5.154e-02,   2.322e-04,       0.019,       0.000,      -1.000,   7.951e-05,      0.2087
 534,   1.542e-01,   5.154e-02,   3.273e-05,       0.052,       0.000,      -0.999,   2.342e-04,      0.1693
 535,   1.453e-01,   5.154e-02,  -5.423e-04,       0.072,       0.000,      -0.997,   3.756e-04,      0.0947
 536,   1.326e-01,   5.154e-02,  -1.498e-03,       0.077,       0.000,      -0.997,   4.951e-04,      0.0085
 537,   1.169e-01,   5.154e-02,  -2.661e-03,       0.071,       0.000,      -0.998,   5.854e-04,     -0.0815
 538,   9.897e-02,   5.154e-02,  -3.769e-03,       0.054,       0.000,      -0.999,   6.413e-04,     -0.1676
 539,   7.997e-02,   5.154e-02,  -4.587e-03,       0.033,       0.000,      -0.999,   6.598e-04,     -0.2440
 540,   6.097e-02,   5.154e-02,  -5.007e-03,       0.011,       0.000,      -1.000,   6.404e-04,     -0.3194
 541,   4.307e-02,   5.154e-02,  -5.009e-03,      -0.012,       0.000,      -1.000,   5.840e-04,     -0.4128
 542,   2.732e-02,   5.154e-02,  -4.585e-03,      -0.044,       0.000,      -0.999,   4.941e-04,     -0.5531
 543,   1.462e-02,   5.154e-02,  -3.703e-03,      -0.102,      -0.000,      -0.995,   3.766e-04,     -0.7982
 544,   5.725e-03,   5.154e-02,  -2.343e-03,      -0.228,      -0.000,      -0.974,   2.402e-04,     -1.3331
 545,   1.144e-03,   5.154e-02,  -7.216e-04,      -0.577,      -0.000,      -0.817,   9.734e-05,     -2.8544
 546,   1.144e-03,   5.154e-02,   1.487e-03,      -0.767,       0.000,       0.642,   1.238e-04,      0.7796
 547,   5.725e-03,   5.154e-02,   4.460e-03,      -0.421,       0.000,       0.907,   2.578e-04,      0.6649
 548,   1.462e-02,   5.154e-02,   7.393e-03,      -0.239,      -0.000,       0.971,   3.858e-04,      0.1926
 549,   2.732e-02,   5.154e-02,   9.671e-03,      -0.128,      -0.000,       0.992,   4.977e-04,     -0.0387
 550,   4.307e-02,   5.154e-02,   1.103e-02,      -0.050,       0.000,       0.999,   5.847e-04,     -0.1482
 551,   6.097e-02,   5.154e-02,   1.133e-02,       0.014,       0.000,       1.000,   6.404e-04,     -0.1945
 552,   7.997e-02,   5.154e-02,   1.049e-02,       0.073,       0.000,       0.997,   6.613e-04,     -0.1859
 553,   9.897e-02,   5.154e-02,   8.692e-03,       0.117,       0.000,       0.993,   6.447e-04,     -0.1299
 554,   1.169e-01,   5.154e-02,   6.363e-03,       0.143,       0.000,       0.990,   5.900e-04,     -0.0519
 555,   1.326e-01,   5.154e-02,   4.010e-03,       0.154,       0.000,       0.988,   4.996e-04,      0.0332
 556,   1.453e-01,   5.154e-02,   2.079e-03,       0.146,       0.000,       0.989,   3.787e-04,      0.1140
 557,   1.542e-01,   5.154e-02,   8.574e-04,       0.120,       0.000,       0.993,   2.356e-04,      0.1792
 558,   1.588e-01,   5.154e-02,   3.496e-04,       0.082,       0.000,       0.997,   7.976e-05,      0.2152
Strip 22
 559,   1.588e-01,   8.550e-02,   2.322e-04,       0.019,      -0.000,      -1.000,   7.842e-05,      0.2088
 560,   1.542e-01,   8.550e-02,   3.273e-05,       0.052,       0.000,      -0.999,   2.310e-04,      0.1695
 561,   1.453e-01,   8.550e-02,  -5.423e-04,       0.072,       0.000,      -0.997,   3.705e-04,      0.0951
 562,   1.326e-01,   8.550e-02,  -1.498e-03,       0.077,       0.000,      -0.997,   4.883e-04,      0.0089
 563,   1.169e-01,   8.550e-02,  -2.661e-03,       0.071,      -0.000,      -0.998,   5.774e-04,     -0.0808
 564,   9.897e-02,   8.550e-02,  -3.769e-03,       0.054,      -0.000,      -0.999,   6.325e-04,     -0.1667
 565,   7.997e-02,   8.550e-02,  -4.587e-03,       0.033,      -0.000,      -0.999,   6.508e-04,     -0.2429
 566,   6.097e-02,   8.550e-02,  -5.007e-03,       0.011,      -0.000,      -1.000,   6.316e-04,     -0.3180
 567,   4.307e-02,   8.550e-02,  -5.009e-03,      -0.012,      -0.000,      -1.000,   5.760e-04,     -0.4112
 568,   2.732e-02,   8.550e-02,  -4.585e-03,      -0.044,      -0.000,      -0.999,   4.874e-04,     -0.5510
 569,   1.462e-02,   8.550e-02,  -3.703e-03,      -0.102,       0.000,      -0.995,   3.714e-04,     -0.7951
 570,   5.725e-03,   8.550e-02,  -2.343e-03,      -0.228,       0.000,      -0.974,   2.369e-04,     -1.3274
 571,   1.144e-03,   8.550e-02,  -7.216e-04,      -0.577,       0.000,      -0.817,   9.601e-05,     -2.8392
 572,   1.144e-03,   8.550e-02,   1.487e-03,      -0.767,       0.000,       0.642,   1.221e-04,      0.7833
 573,   5.725e-03,   8.550e-02,   4.460e-03,      -0.421,       0.000,       0.907,   2.542e-04,      0.6628
 574,   1.462e-02,   8.550e-02,   7.393e-03,      -0.239,       0.000,       0.971,   3.805e-04,      0.1907
 575,   2.732e-02,   8.550e-02,   9.671e-03,      -0.128,       0.000,       0.992,   4.909e-04,     -0.0402
 576,   4.307e-02,   8.550e-02,   1.103e-02,      -0.050,      -0.000,       0.999,   5.767e-04,     -0.1494
 577,   6.097e-02,   8.550e-02,   1.133e-02,       0.014,      -0.000,       1.000,   6.316e-04,     -0.1955
 578,   7.997e-02,   8.550e-02,   1.049e-02,       0.073,      -0.000,       0.997,   6.522e-04,     -0.1867
 579,   9.897e-02,   8.550e-02,   8.692e-03,       0.117,      -0.000,       0.993,   6.359e-04,     -0.1304
 580,   1.169e-01,   8.550e-02,   6.363e-03,       0.143,      -0.000,       0.990,   5.819e-04,     -0.0523
 581,   1.326e-01,   8.550e-02,   4.010e-03,       0.154,       0.000,       0.988,   4.927e-04,      0.0329
 582,   1.453e-01,   8.550e-02,   2.079e-03,       0.146,      -0.000,       0.989,   3.735e-04,      0.1139
 583,   1.542e-01,   8.550e-02,   8.574e-04,       0.120,      -0.000,       0.993,   2.323e-04,      0.1792
 584,   1.588e-01,   8.550e-02,   3.496e-04,       0.082,      -0.000,       0.997,   7.867e-05,      0.2152
Strip 23
 585,   1.588e-01,   1.189e-01,   2.322e-04,       0.019,       0.000,      -1.000,   7.679e-05,      0.2090
 586,   1.542e-01,   1.189e-01,   3.273e-05,       0.052,       0.000,      -0.999,   2.262e-04,      0.1698
 587,   1.453e-01,   1.189e-01,  -5.423e-04,       0.072,       0.000,      -0.997,   3.628e-04,      0.0956
 588,   1.326e-01,   1.189e-01,  -1.498e-03,       0.077,       0.000,      -0.997,   4.782e-04,      0.0097
 589,   1.169e-01,   1.189e-01,  -2.661e-03,       0.071,      -0.000,      -0.998,   5.654e-04,     -0.0798
 590,   9.897e-02,   1.189e-01,  -3.769e-03,       0.054,       0.000,      -0.999,   6.194e-04,     -0.1654
 591,   7.997e-02,   1.189e-01,  -4.587e-03,       0.033,       0.000,      -0.999,   6.373e-04,     -0.2412
 592,   6.097e-02,   1.189e-01,  -5.007e-03,       0.011,       0.000,      -1.000,   6.185e-04,     -0.3160
 593,   4.307e-02,   1.189e-01,  -5.009e-03,      -0.012,       0.000,      -1.000,   5.640e-04,     -0.4087
 594,   2.732e-02,   1.189e-01,  -4.585e-03,      -0.044,       0.000,      -0.999,   4.772e-04,     -0.5477
 595,   1.462e-02,   1.189e-01,  -3.703e-03,      -0.102,       0.000,      -0.995,   3.637e-04,     -0.7903
 596,   5.725e-03,   1.189e-01,  -2.343e-03,      -0.228,       0.000,      -0.974,   2.320e-04,     -1.3186
 597,   1.144e-03,   1.189e-01,  -7.216e-04,      -0.577,       0.000,      -0.817,   9.402e-05,     -2.8160
 598,   1.144e-03,   1.189e-01,   1.487e-03,      -0.767,       0.000,       0.642,   1.196e-04,      0.7888
 599,   5.725e-03,   1.189e-01,   4.460e-03,      -0.421,       0.000,       0.907,   2.490e-04,      0.6597
 600,   1.462e-02,   1.189e-01,   7.393e-03,      -0.239,       0.000,       0.971,   3.727e-04,      0.1878
 601,   2.732e-02,   1.189e-01,   9.671e-03,      -0.128,       0.000,       0.992,   4.807e-04,     -0.0425
 602,   4.307e-02,   1.189e-01,   1.103e-02,      -0.050,       0.000,       0.999,   5.647e-04,     -0.1513
 603,   6.097e-02,   1.189e-01,   1.133e-02,       0.014,       0.000,       1.000,   6.185e-04,     -0.1970
 604,   7.997e-02,   1.189e-01,   1.049e-02,       0.073,       0.000,       0.997,   6.387e-04,     -0.1879
 605,   9.897e-02,   1.189e-01,   8.692e-03,       0.117,       0.000,       0.993,   6.227e-04,     -0.1313
 606,   1.169e-01,   1.189e-01,   6.363e-03,       0.143,      -0.000,       0.990,   5.698e-04,     -0.0529
 607,   1.326e-01,   1.189e-01,   4.010e-03,       0.154,       0.000,       0.988,   4.825e-04,      0.0326
 608,   1.453e-01,   1.189e-01,   2.079e-03,       0.146,       0.000,       0.989,   3.658e-04,      0.1137
 609,   1.542e-01,   1.189e-01,   8.574e-04,       0.120,       0.000,       0.993,   2.275e-04,      0.1791
 610,   1.588e-01,   1.189e-01,   3.496e-04,       0.082,       0.000,       0.997,   7.703e-05,      0.2153
Strip 24
 611,   1.588e-01,   1.515e-01,   2.322e-04,       0.019,       0.000,      -1.000,   7.464e-05,      0.2093
 612,   1.542e-01,   1.515e-01,   3.273e-05,       0.052,       0.000,      -0.999,   2.198e-04,      0.1703
 613,   1.453e-01,   1.515e-01,  -5.423e-04,       0.072,       0.000,      -0.997,   3.526e-04,      0.0963
 614,   1.326e-01,   1.515e-01,  -1.498e-03,       0.077,       0.000,      -0.997,   4.648e-04,      0.0107
 615,   1.169e-01,   1.515e-01,  -2.661e-03,       0.071,       0.000,      -0.998,   5.496e-04,     -0.0784
 616,   9.897e-02,   1.515e-01,  -3.769e-03,       0.054,       0.000,      -0.999,   6.020e-04,     -0.1636
 617,   7.997e-02,   1.515e-01,  -4.587e-03,       0.033,       0.000,      -0.999,   6.195e-04,     -0.2389
 618,   6.097e-02,   1.515e-01,  -5.007e-03,       0.011,       0.000,      -1.000,   6.012e-04,     -0.3132
 619,   4.307e-02,   1.515e-01,  -5.009e-03,      -0.012,       0.000,      -1.000,   5.483e-04,     -0.4052
 620,   2.732e-02,   1.515e-01,  -4.585e-03,      -0.044,       0.000,      -0.999,   4.639e-04,     -0.5432
 621,   1.462e-02,   1.515e-01,  -3.703e-03,      -0.102,       0.000,      -0.995,   3.535e-04,     -0.7838
 622,   5.725e-03,   1.515e-01,  -2.343e-03,      -0.228,       0.000,      -0.974,   2.255e-04,     -1.3065
 623,   1.144e-03,   1.515e-01,  -7.216e-04,      -0.577,       0.000,      -0.817,   9.139e-05,     -2.7844
 624,   1.144e-03,   1.515e-01,   1.487e-03,      -0.767,       0.000,       0.642,   1.162e-04,      0.7963
 625,   5.725e-03,   1.515e-01,   4.460e-03,      -0.421,       0.000,       0.907,   2.420e-04,      0.6553
 626,   1.462e-02,   1.515e-01,   7.393e-03,      -0.239,       0.000,       0.971,   3.622e-04,      0.1838
 627,   2.732e-02,   1.515e-01,   9.671e-03,      -0.128,       0.000,       0.992,   4.672e-04,     -0.0457
 628,   4.307e-02,   1.515e-01,   1.103e-02,      -0.050,       0.000,       0.999,   5.489e-04,     -0.1539
 629,   6.097e-02,   1.515e-01,   1.133e-02,       0.014,       0.000,       1.000,   6.012e-04,     -0.1990
 630,   7.997e-02,   1.515e-01,   1.049e-02,       0.073,       0.000,       0.997,   6.208e-04,     -0.1895
 631,   9.897e-02,   1.515e-01,   8.692e-03,       0.117,       0.000,       0.993,   6.053e-04,     -0.1325
 632,   1.169e-01,   1.515e-01,   6.363e-03,       0.143,       0.000,       0.990,   5.539e-04,     -0.0537
 633,   1.326e-01,   1.515e-01,   4.010e-03,       0.154,       0.000,       0.988,   4.690e-04,      0.0320
 634,   1.453e-01,   1.515e-01,   2.079e-03,       0.146,       0.000,       0.989,   3.555e-04,      0.1134
 635,   1.542e-01,   1.515e-01,   8.574e-04,       0.120,       0.000,       0.993,   2.211e-04,      0.1791
 636,   1.588e-01,   1.515e-01,   3.496e-04,       0.082,      -0.000,       0.997,   7.488e-05,      0.2153
Strip 25
 637,   1.588e-01,   1.830e-01,   2.322e-04,       0.019,       0.000,      -1.000,   7.198e-05,      0.2096
 638,   1.542e-01,   1.830e-01,   3.273e-05,       0.052,       0.000,      -0.999,   2.120e-04,      0.1708
 639,   1.453e-01,   1.830e-01,  -5.423e-04,       0.072,       0.000,      -0.997,   3.401e-04,      0.0971
 640,   1.326e-01,   1.830e-01,  -1.498e-03,       0.077,       0.000,      -0.997,   4.482e-04,      0.0120
 641,   1.169e-01,   1.830e-01,  -2.661e-03,       0.071,       0.000,      -0.998,   5.300e-04,     -0.0765
 642,   9.897e-02,   1.830e-01,  -3.769e-03,       0.054,       0.000,      -0.999,   5.806e-04,     -0.1611
 643,   7.997e-02,   1.830e-01,  -4.587e-03,       0.033,       0.000,      -0.999,   5.974e-04,     -0.2358
 644,   6.097e-02,   1.830e-01,  -5.007e-03,       0.011,       0.000,      -1.000,   5.798e-04,     -0.3094
 645,   4.307e-02,   1.830e-01,  -5.009e-03,      -0.012,       0.000,      -1.000,   5.287e-04,     -0.4006
 646,   2.732e-02,   1.830e-01,  -4.585e-03,      -0.044,       0.000,      -0.999,   4.474e-04,     -0.5373
 647,   1.462e-02,   1.830e-01,  -3.703e-03,      -0.102,       0.000,      -0.995,   3.409e-04,     -0.7753
 648,   5.725e-03,   1.830e-01,  -2.343e-03,      -0.228,       0.000,      -0.974,   2.174e-04,     -1.2910
 649,   1.144e-03,   1.830e-01,  -7.216e-04,      -0.577,       0.000,      -0.817,   8.813e-05,     -2.7440
 650,   1.144e-03,   1.830e-01,   1.487e-03,      -0.767,       0.000,       0.642,   1.121e-04,      0.8056
 651,   5.725e-03,   1.830e-01,   4.460e-03,      -0.421,       0.000,       0.907,   2.334e-04,      0.6498
 652,   1.462e-02,   1.830e-01,   7.393e-03,      -0.239,       0.000,       0.971,   3.493e-04,      0.1787
 653,   2.732e-02,   1.830e-01,   9.671e-03,      -0.128,       0.000,       0.992,   4.506e-04,     -0.0498
 654,   4.307e-02,   1.830e-01,   1.103e-02,      -0.050,       0.000,       0.999,   5.293e-04,     -0.1571
 655,   6.097e-02,   1.830e-01,   1.133e-02,       0.014,       0.000,       1.000,   5.798e-04,     -0.2016
 656,   7.997e-02,   1.830e-01,   1.049e-02,       0.073,       0.000,       0.997,   5.987e-04,     -0.1915
 657,   9.897e-02,   1.830e-01,   8.692e-03,       0.117,       0.000,       0.993,   5.837e-04,     -0.1340
 658,   1.169e-01,   1.830e-01,   6.363e-03,       0.143,       0.000,       0.990,   5.341e-04,     -0.0547
 659,   1.326e-01,   1.830e-01,   4.010e-03,       0.154,       0.000,       0.988,   4.523e-04,      0.0314
 660,   1.453e-01,   1.830e-01,   2.079e-03,       0.146,       0.000,       0.989,   3.429e-04,      0.1131
 661,   1.542e-01,   1.830e-01,   8.574e-04,       0.120,       0.000,       0.993,   2.133e-04,      0.1790
 662,   1.588e-01,   1.830e-01,   3.496e-04,       0.082,       0.000,       0.997,   7.221e-05,      0.2154
Strip 26
 663,   1.588e-01,   2.133e-01,   2.322e-04,       0.019,       0.000,      -1.000,   6.883e-05,      0.2100
 664,   1.542e-01,   2.133e-01,   3.273e-05,       0.052,       0.000,      -0.999,   2.027e-04,      0.1714
 665,   1.453e-01,   2.133e-01,  -5.423e-04,       0.072,      -0.000,      -0.997,   3.252e-04,      0.0982
 666,   1.326e-01,   2.133e-01,  -1.498e-03,       0.077,       0.000,      -0.997,   4.286e-04,      0.0137
 667,   1.169e-01,   2.133e-01,  -2.661e-03,       0.071,       0.000,      -0.998,   5.068e-04,     -0.0742
 668,   9.897e-02,   2.133e-01,  -3.769e-03,       0.054,       0.000,      -0.999,   5.551e-04,     -0.1580
 669,   7.997e-02,   2.133e-01,  -4.587e-03,       0.033,       0.000,      -0.999,   5.712e-04,     -0.2319
 670,   6.097e-02,   2.133e-01,  -5.007e-03,       0.011,       0.000,      -1.000,   5.544e-04,     -0.3046
 671,   4.307e-02,   2.133e-01,  -5.009e-03,      -0.012,       0.000,      -1.000,   5.056e-04,     -0.3947
 672,   2.732e-02,   2.133e-01,  -4.585e-03,      -0.044,       0.000,      -0.999,   4.278e-04,     -0.5299
 673,   1.462e-02,   2.133e-01,  -3.703e-03,      -0.102,       0.000,      -0.995,   3.260e-04,     -0.7647
 674,   5.725e-03,   2.133e-01,  -2.343e-03,      -0.228,       0.000,      -0.974,   2.079e-04,     -1.2717
 675,   1.144e-03,   2.133e-01,  -7.216e-04,      -0.577,       0.000,      -0.817,   8.427e-05,     -2.6940
 676,   1.144e-03,   2.133e-01,   1.487e-03,      -0.767,       0.000,       0.642,   1.072e-04,      0.8170
 677,   5.725e-03,   2.133e-01,   4.460e-03,      -0.421,       0.000,       0.907,   2.231e-04,      0.6428
 678,   1.462e-02,   2.133e-01,   7.393e-03,      -0.239,       0.000,       0.971,   3.340e-04,      0.1724
 679,   2.732e-02,   2.133e-01,   9.671e-03,      -0.128,       0.000,       0.992,   4.309e-04,     -0.0547
 680,   4.307e-02,   2.133e-01,   1.103e-02,      -0.050,       0.000,       0.999,   5.062e-04,     -0.1610
 681,   6.097e-02,   2.133e-01,   1.133e-02,       0.014,       0.000,       1.000,   5.544e-04,     -0.2047
 682,   7.997e-02,   2.133e-01,   1.049e-02,       0.073,       0.000,       0.997,   5.724e-04,     -0.1939
 683,   9.897e-02,   2.133e-01,   8.692e-03,       0.117,      -0.000,       0.993,   5.581e-04,     -0.1357
 684,   1.169e-01,   2.133e-01,   6.363e-03,       0.143,      -0.000,       0.990,   5.108e-04,     -0.0559
 685,   1.326e-01,   2.133e-01,   4.010e-03,       0.154,       0.000,       0.988,   4.325e-04,      0.0306
 686,   1.453e-01,   2.133e-01,   2.079e-03,       0.146,       0.000,       0.989,   3.278e-04,      0.1127
 687,   1.542e-01,   2.133e-01,   8.574e-04,       0.120,       0.000,       0.993,   2.039e-04,      0.1789
 688,   1.588e-01,   2.133e-01,   3.496e-04,       0.082,       0.000,       0.997,   6.905e-05,      0.2155
Strip 27
 689,   1.588e-01,   2.421e-01,   2.322e-04,       0.019,       0.000,      -1.000,   6.521e-05,      0.2104
 690,   1.542e-01,   2.421e-01,   3.273e-05,       0.052,       0.000,      -0.999,   1.921e-04,      0.1721
 691,   1.453e-01,   2.421e-01,  -5.423e-04,       0.072,       0.000,      -0.997,   3.081e-04,      0.0995
 692,   1.326e-01,   2.421e-01,  -1.498e-03,       0.077,       0.000,      -0.997,   4.061e-04,      0.0157
 693,   1.169e-01,   2.421e-01,  -2.661e-03,       0.071,       0.000,      -0.998,   4.801e-04,     -0.0713
 694,   9.897e-02,   2.421e-01,  -3.769e-03,       0.054,       0.000,      -0.999,   5.259e-04,     -0.1541
 695,   7.997e-02,   2.421e-01,  -4.587e-03,       0.033,       0.000,      -0.999,   5.412e-04,     -0.2269
 696,   6.097e-02,   2.421e-01,  -5.007e-03,       0.011,       0.000,      -1.000,   5.252e-04,     -0.2986
 697,   4.307e-02,   2.421e-01,  -5.009e-03,      -0.012,       0.000,      -1.000,   4.790e-04,     -0.3874
 698,   2.732e-02,   2.421e-01,  -4.585e-03,      -0.044,       0.000,      -0.999,   4.053e-04,     -0.5206
 699,   1.462e-02,   2.421e-01,  -3.703e-03,      -0.102,       0.000,      -0.995,   3.089e-04,     -0.7516
 700,   5.725e-03,   2.421e-01,  -2.343e-03,      -0.228,       0.000,      -0.974,   1.970e-04,     -1.2481
 701,   1.144e-03,   2.421e-01,  -7.216e-04,      -0.577,       0.000,      -0.817,   7.984e-05,     -2.6335
 702,   1.144e-03,   2.421e-01,   1.487e-03,      -0.767,       0.000,       0.642,   1.015e-04,      0.8303
 703,   5.725e-03,   2.421e-01,   4.460e-03,      -0.421,       0.000,       0.907,   2.114e-04,      0.6342
 704,   1.462e-02,   2.421e-01,   7.393e-03,      -0.239,       0.000,       0.971,   3.164e-04,      0.1648
 705,   2.732e-02,   2.421e-01,   9.671e-03,      -0.128,       0.000,       0.992,   4.082e-04,     -0.0607
 706,   4.307e-02,   2.421e-01,   1.103e-02,      -0.050,       0.000,       0.999,   4.795e-04,     -0.1657
 707,   6.097e-02,   2.421e-01,   1.133e-02,       0.014,       0.000,       1.000,   5.252e-04,     -0.2083
 708,   7.997e-02,   2.421e-01,   1.049e-02,       0.073,       0.000,       0.997,   5.423e-04,     -0.1966
 709,   9.897e-02,   2.421e-01,   8.692e-03,       0.117,       0.000,       0.993,   5.288e-04,     -0.1377
 710,   1.169e-01,   2.421e-01,   6.363e-03,       0.143,       0.000,       0.990,   4.839e-04,     -0.0573
 711,   1.326e-01,   2.421e-01,   4.010e-03,       0.154,       0.000,       0.988,   4.097e-04,      0.0297
 712,   1.453e-01,   2.421e-01,   2.079e-03,       0.146,       0.000,       0.989,   3.106e-04,      0.1122
 713,   1.542e-01,   2.421e-01,   8.574e-04,       0.120,       0.000,       0.993,   1.932e-04,      0.1788
 714,   1.588e-01,   2.421e-01,   3.496e-04,       0.082,       0.000,       0.997,   6.541e-05,      0.2156
Strip 28
 715,   1.588e-01,   2.693e-01,   2.322e-04,       0.019,       0.000,      -1.000,   6.114e-05,      0.2107
 716,   1.542e-01,   2.693e-01,   3.273e-05,       0.052,       0.000,      -0.999,   1.801e-04,      0.1729
 717,   1.453e-01,   2.693e-01,  -5.423e-04,       0.072,       0.000,      -0.997,   2.888e-04,      0.1010
 718,   1.326e-01,   2.693e-01,  -1.498e-03,       0.077,       0.000,      -0.997,   3.807e-04,      0.0181
 719,   1.169e-01,   2.693e-01,  -2.661e-03,       0.071,      -0.000,      -0.998,   4.502e-04,     -0.0678
 720,   9.897e-02,   2.693e-01,  -3.769e-03,       0.054,      -0.000,      -0.999,   4.931e-04,     -0.1493
 721,   7.997e-02,   2.693e-01,  -4.587e-03,       0.033,       0.000,      -0.999,   5.074e-04,     -0.2208
 722,   6.097e-02,   2.693e-01,  -5.007e-03,       0.011,       0.000,      -1.000,   4.924e-04,     -0.2910
 723,   4.307e-02,   2.693e-01,  -5.009e-03,      -0.012,       0.000,      -1.000,   4.491e-04,     -0.3783
 724,   2.732e-02,   2.693e-01,  -4.585e-03,      -0.044,       0.000,      -0.999,   3.800e-04,     -0.5092
 725,   1.462e-02,   2.693e-01,  -3.703e-03,      -0.102,       0.000,      -0.995,   2.896e-04,     -0.7357
 726,   5.725e-03,   2.693e-01,  -2.343e-03,      -0.228,       0.000,      -0.974,   1.847e-04,     -1.2198
 727,   1.144e-03,   2.693e-01,  -7.216e-04,      -0.577,       0.000,      -0.817,   7.486e-05,     -2.5617
 728,   1.144e-03,   2.693e-01,   1.487e-03,      -0.767,       0.000,       0.642,   9.520e-05,      0.8456
 729,   5.725e-03,   2.693e-01,   4.460e-03,      -0.421,       0.000,       0.907,   1.982e-04,      0.6239
 730,   1.462e-02,   2.693e-01,   7.393e-03,      -0.239,       0.000,       0.971,   2.967e-04,      0.1557
 731,   2.732e-02,   2.693e-01,   9.671e-03,      -0.128,       0.000,       0.992,   3.827e-04,     -0.0677
 732,   4.307e-02,   2.693e-01,   1.103e-02,      -0.050,       0.000,       0.999,   4.496e-04,     -0.1710
 733,   6.097e-02,   2.693e-01,   1.133e-02,       0.014,       0.000,       1.000,   4.925e-04,     -0.2123
 734,   7.997e-02,   2.693e-01,   1.049e-02,       0.073,       0.000,       0.997,   5.085e-04,     -0.1996
 735,   9.897e-02,   2.693e-01,   8.692e-03,       0.117,      -0.000,       0.993,   4.958e-04,     -0.1399
 736,   1.169e-01,   2.693e-01,   6.363e-03,       0.143,      -0.000,       0.990,   4.537e-04,     -0.0588
 737,   1.326e-01,   2.693e-01,   4.010e-03,       0.154,       0.000,       0.988,   3.842e-04,      0.0287
 738,   1.453e-01,   2.693e-01,   2.079e-03,       0.146,       0.000,       0.989,   2.912e-04,      0.1116
 739,   1.542e-01,   2.693e-01,   8.574e-04,       0.120,      -0.000,       0.993,   1.811e-04,      0.1786
 740,   1.588e-01,   2.693e-01,   3.496e-04,       0.082,      -0.000,       0.997,   6.133e-05,      0.2156
Strip 29
 741,   1.588e-01,   2.946e-01,   2.322e-04,       0.019,       0.000,      -1.000,   5.666e-05,      0.2109
 742,   1.542e-01,   2.946e-01,   3.273e-05,       0.052,       0.000,      -0.999,   1.669e-04,      0.1735
 743,   1.453e-01,   2.946e-01,  -5.423e-04,       0.072,       0.000,      -0.997,   2.677e-04,      0.1025
 744,   1.326e-01,   2.946e-01,  -1.498e-03,       0.077,       0.000,      -0.997,   3.528e-04,      0.0207
 745,   1.169e-01,   2.946e-01,  -2.661e-03,       0.071,       0.000,      -0.998,   4.172e-04,     -0.0637
 746,   9.897e-02,   2.946e-01,  -3.769e-03,       0.054,       0.000,      -0.999,   4.569e-04,     -0.1435
 747,   7.997e-02,   2.946e-01,  -4.587e-03,       0.033,       0.000,      -0.999,   4.702e-04,     -0.2132
 748,   6.097e-02,   2.946e-01,  -5.007e-03,       0.011,       0.000,      -1.000,   4.563e-04,     -0.2817
 749,   4.307e-02,   2.946e-01,  -5.009e-03,      -0.012,       0.000,      -1.000,   4.161e-04,     -0.3671
 750,   2.732e-02,   2.946e-01,  -4.585e-03,      -0.044,       0.000,      -0.999,   3.521e-04,     -0.4952
 751,   1.462e-02,   2.946e-01,  -3.703e-03,      -0.102,       0.000,      -0.995,   2.684e-04,     -0.7165
 752,   5.725e-03,   2.946e-01,  -2.343e-03,      -0.228,       0.000,      -0.974,   1.711e-04,     -1.1861
 753,   1.144e-03,   2.946e-01,  -7.216e-04,      -0.577,       0.000,      -0.817,   6.937e-05,     -2.4773
 754,   1.144e-03,   2.946e-01,   1.487e-03,      -0.767,       0.000,       0.642,   8.822e-05,      0.8627
 755,   5.725e-03,   2.946e-01,   4.460e-03,      -0.421,       0.000,       0.907,   1.837e-04,      0.6116
 756,   1.462e-02,   2.946e-01,   7.393e-03,      -0.239,       0.000,       0.971,   2.749e-04,      0.1450
 757,   2.732e-02,   2.946e-01,   9.671e-03,      -0.128,       0.000,       0.992,   3.547e-04,     -0.0757
 758,   4.307e-02,   2.946e-01,   1.103e-02,      -0.050,       0.000,       0.999,   4.166e-04,     -0.1768
 759,   6.097e-02,   2.946e-01,   1.133e-02,       0.014,       0.000,       1.000,   4.563e-04,     -0.2165
 760,   7.997e-02,   2.946e-01,   1.049e-02,       0.073,       0.000,       0.997,   4.712e-04,     -0.2025
 761,   9.897e-02,   2.946e-01,   8.692e-03,       0.117,       0.000,       0.993,   4.594e-04,     -0.1420
 762,   1.169e-01,   2.946e-01,   6.363e-03,       0.143,       0.000,       0.990,   4.204e-04,     -0.0604
 763,   1.326e-01,   2.946e-01,   4.010e-03,       0.154,       0.000,       0.988,   3.560e-04,      0.0276
 764,   1.453e-01,   2.946e-01,   2.079e-03,       0.146,       0.000,       0.989,   2.699e-04,      0.1109
 765,   1.542e-01,   2.946e-01,   8.574e-04,       0.120,       0.000,       0.993,   1.679e-04,      0.1782
 766,   1.588e-01,   2.946e-01,   3.496e-04,       0.082,       0.000,       0.997,   5.683e-05,      0.2154
Strip 30
 767,   1.588e-01,   3.179e-01,   2.322e-04,       0.019,       0.000,      -1.000,   5.178e-05,      0.2107
 768,   1.542e-01,   3.179e-01,   3.273e-05,       0.052,       0.000,      -0.999,   1.525e-04,      0.1738
 769,   1.453e-01,   3.179e-01,  -5.423e-04,       0.072,       0.000,      -0.997,   2.446e-04,      0.1037
 770,   1.326e-01,   3.179e-01,  -1.498e-03,       0.077,       0.000,      -0.997,   3.225e-04,      0.0234
 771,   1.169e-01,   3.179e-01,  -2.661e-03,       0.071,      -0.000,      -0.998,   3.813e-04,     -0.0591
 772,   9.897e-02,   3.179e-01,  -3.769e-03,       0.054,      -0.000,      -0.999,   4.177e-04,     -0.1366
 773,   7.997e-02,   3.179e-01,  -4.587e-03,       0.033,       0.000,      -0.999,   4.298e-04,     -0.2041
 774,   6.097e-02,   3.179e-01,  -5.007e-03,       0.011,       0.000,      -1.000,   4.171e-04,     -0.2703
 775,   4.307e-02,   3.179e-01,  -5.009e-03,      -0.012,       0.000,      -1.000,   3.804e-04,     -0.3532
 776,   2.732e-02,   3.179e-01,  -4.585e-03,      -0.044,       0.000,      -0.999,   3.218e-04,     -0.4782
 777,   1.462e-02,   3.179e-01,  -3.703e-03,      -0.102,       0.000,      -0.995,   2.453e-04,     -0.6935
 778,   5.725e-03,   3.179e-01,  -2.343e-03,      -0.228,       0.000,      -0.974,   1.564e-04,     -1.1463
 779,   1.144e-03,   3.179e-01,  -7.216e-04,      -0.577,       0.000,      -0.817,   6.340e-05,     -2.3788
 780,   1.144e-03,   3.179e-01,   1.487e-03,      -0.767,       0.000,       0.642,   8.063e-05,      0.8817
 781,   5.725e-03,   3.179e-01,   4.460e-03,      -0.421,       0.000,       0.907,   1.679e-04,      0.5967
 782,   1.462e-02,   3.179e-01,   7.393e-03,      -0.239,       0.000,       0.971,   2.513e-04,      0.1324
 783,   2.732e-02,   3.179e-01,   9.671e-03,      -0.128,       0.000,       0.992,   3.242e-04,     -0.0847
 784,   4.307e-02,   3.179e-01,   1.103e-02,      -0.050,       0.000,       0.999,   3.808e-04,     -0.1829
 785,   6.097e-02,   3.179e-01,   1.133e-02,       0.014,       0.000,       1.000,   4.171e-04,     -0.2205
 786,   7.997e-02,   3.179e-01,   1.049e-02,       0.073,       0.000,       0.997,   4.307e-04,     -0.2051
 787,   9.897e-02,   3.179e-01,   8.692e-03,       0.117,      -0.000,       0.993,   4.199e-04,     -0.1438
 788,   1.169e-01,   3.179e-01,   6.363e-03,       0.143,      -0.000,       0.990,   3.843e-04,     -0.0619
 789,   1.326e-01,   3.179e-01,   4.010e-03,       0.154,      -0.000,       0.988,   3.254e-04,      0.0263
 790,   1.453e-01,   3.179e-01,   2.079e-03,       0.146,       0.000,       0.989,   2.466e-04,      0.1098
 791,   1.542e-01,   3.179e-01,   8.574e-04,       0.120,       0.000,       0.993,   1.534e-04,      0.1775
 792,   1.588e-01,   3.179e-01,   3.496e-04,       0.082,       0.000,       0.997,   5.195e-05,      0.2150
Strip 31
 793,   1.588e-01,   3.391e-01,   2.322e-04,       0.019,       0.000,      -1.000,   4.656e-05,      0.2097
 794,   1.542e-01,   3.391e-01,   3.273e-05,       0.052,       0.000,      -0.999,   1.371e-04,      0.1733
 795,   1.453e-01,   3.391e-01,  -5.423e-04,       0.072,      -0.000,      -0.997,   2.200e-04,      0.1044
 796,   1.326e-01,   3.391e-01,  -1.498e-03,       0.077,       0.000,      -0.997,   2.899e-04,      0.0258
 797,   1.169e-01,   3.391e-01,  -2.661e-03,       0.071,       0.000,      -0.998,   3.428e-04,     -0.0542
 798,   9.897e-02,   3.391e-01,  -3.769e-03,       0.054,       0.000,      -0.999,   3.755e-04,     -0.1288
 799,   7.997e-02,   3.391e-01,  -4.587e-03,       0.033,       0.000,      -0.999,   3.864e-04,     -0.1931
 800,   6.097e-02,   3.391e-01,  -5.007e-03,       0.011,       0.000,      -1.000,   3.750e-04,     -0.2562
 801,   4.307e-02,   3.391e-01,  -5.009e-03,      -0.012,       0.000,      -1.000,   3.420e-04,     -0.3361
 802,   2.732e-02,   3.391e-01,  -4.585e-03,      -0.044,      -0.000,      -0.999,   2.893e-04,     -0.4575
 803,   1.462e-02,   3.391e-01,  -3.703e-03,      -0.102,      -0.000,      -0.995,   2.205e-04,     -0.6659
 804,   5.725e-03,   3.391e-01,  -2.343e-03,      -0.228,       0.000,      -0.974,   1.406e-04,     -1.0995
 805,   1.144e-03,   3.391e-01,  -7.216e-04,      -0.577,       0.000,      -0.817,   5.700e-05,     -2.2642
 806,   1.144e-03,   3.391e-01,   1.487e-03,      -0.767,       0.000,       0.642,   7.249e-05,      0.9022
 807,   5.725e-03,   3.391e-01,   4.460e-03,      -0.421,       0.000,       0.907,   1.509e-04,      0.5789
 808,   1.462e-02,   3.391e-01,   7.393e-03,      -0.239,      -0.000,       0.971,   2.259e-04,      0.1178
 809,   2.732e-02,   3.391e-01,   9.671e-03,      -0.128,      -0.000,       0.992,   2.914e-04,     -0.0947
 810,   4.307e-02,   3.391e-01,   1.103e-02,      -0.050,      -0.000,       0.999,   3.424e-04,     -0.1888
 811,   6.097e-02,   3.391e-01,   1.133e-02,       0.014,       0.000,       1.000,   3.750e-04,     -0.2234
 812,   7.997e-02,   3.391e-01,   1.049e-02,       0.073,       0.000,       0.997,   3.872e-04,     -0.2065
 813,   9.897e-02,   3.391e-01,   8.692e-03,       0.117,       0.000,       0.993,   3.775e-04,     -0.1449
 814,   1.169e-01,   3.391e-01,   6.363e-03,       0.143,       0.000,       0.990,   3.455e-04,     -0.0632
 815,   1.326e-01,   3.391e-01,   4.010e-03,       0.154,       0.000,       0.988,   2.925e-04,      0.0248
 816,   1.453e-01,   3.391e-01,   2.079e-03,       0.146,       0.000,       0.989,   2.218e-04,      0.1083
 817,   1.542e-01,   3.391e-01,   8.574e-04,       0.120,       0.000,       0.993,   1.379e-04,      0.1763
 818,   1.588e-01,   3.391e-01,   3.496e-04,       0.082,      -0.000,       0.997,   4.670e-05,      0.2140
Strip 32
 819,   1.588e-01,   3.579e-01,   2.322e-04,       0.019,       0.000,      -1.000,   4.101e-05,      0.2071
 820,   1.542e-01,   3.579e-01,   3.273e-05,       0.052,       0.000,      -0.999,   1.208e-04,      0.1714
 821,   1.453e-01,   3.579e-01,  -5.423e-04,       0.072,       0.000,      -0.997,   1.938e-04,      0.1038
 822,   1.326e-01,   3.579e-01,  -1.498e-03,       0.077,       0.000,      -0.997,   2.554e-04,      0.0274
 823,   1.169e-01,   3.579e-01,  -2.661e-03,       0.071,       0.000,      -0.998,   3.020e-04,     -0.0494
 824,   9.897e-02,   3.579e-01,  -3.769e-03,       0.054,       0.000,      -0.999,   3.308e-04,     -0.1201
 825,   7.997e-02,   3.579e-01,  -4.587e-03,       0.033,       0.000,      -0.999,   3.404e-04,     -0.1803
 826,   6.097e-02,   3.579e-01,  -5.007e-03,       0.011,       0.000,      -1.000,   3.303e-04,     -0.2393
 827,   4.307e-02,   3.579e-01,  -5.009e-03,      -0.012,       0.000,      -1.000,   3.013e-04,     -0.3153
 828,   2.732e-02,   3.579e-01,  -4.585e-03,      -0.044,       0.000,      -0.999,   2.549e-04,     -0.4322
 829,   1.462e-02,   3.579e-01,  -3.703e-03,      -0.102,       0.000,      -0.995,   1.943e-04,     -0.6328
 830,   5.725e-03,   3.579e-01,  -2.343e-03,      -0.228,       0.000,      -0.974,   1.239e-04,     -1.0446
 831,   1.144e-03,   3.579e-01,  -7.216e-04,      -0.577,       0.000,      -0.817,   5.021e-05,     -2.1310
 832,   1.144e-03,   3.579e-01,   1.487e-03,      -0.767,       0.000,       0.642,   6.386e-05,      0.9239
 833,   5.725e-03,   3.579e-01,   4.460e-03,      -0.421,       0.000,       0.907,   1.330e-04,      0.5569
 834,   1.462e-02,   3.579e-01,   7.393e-03,      -0.239,       0.000,       0.971,   1.990e-04,      0.1004
 835,   2.732e-02,   3.579e-01,   9.671e-03,      -0.128,       0.000,       0.992,   2.567e-04,     -0.1053
 836,   4.307e-02,   3.579e-01,   1.103e-02,      -0.050,       0.000,       0.999,   3.016e-04,     -0.1936
 837,   6.097e-02,   3.579e-01,   1.133e-02,       0.014,       0.000,       1.000,   3.303e-04,     -0.2243
 838,   7.997e-02,   3.579e-01,   1.049e-02,       0.073,       0.000,       0.997,   3.411e-04,     -0.2059
 839,   9.897e-02,   3.579e-01,   8.692e-03,       0.117,       0.000,       0.993,   3.326e-04,     -0.1448
 840,   1.169e-01,   3.579e-01,   6.363e-03,       0.143,       0.000,       0.990,   3.043e-04,     -0.0643
 841,   1.326e-01,   3.579e-01,   4.010e-03,       0.154,       0.000,       0.988,   2.577e-04,      0.0227
 842,   1.453e-01,   3.579e-01,   2.079e-03,       0.146,      -0.000,       0.989,   1.954e-04,      0.1058
 843,   1.542e-01,   3.579e-01,   8.574e-04,       0.120,      -0.000,       0.993,   1.215e-04,      0.1739
 844,   1.588e-01,   3.579e-01,   3.496e-04,       0.082,       0.000,       0.997,   4.114e-05,      0.2118
Strip 33
 845,   1.588e-01,   3.743e-01,   2.322e-04,       0.019,       0.000,      -1.000,   3.519e-05,      0.2020
 846,   1.542e-01,   3.743e-01,   3.273e-05,       0.052,      -0.000,      -0.999,   1.036e-04,      0.1669
 847,   1.453e-01,   3.743e-01,  -5.423e-04,       0.072,       0.000,      -0.997,   1.662e-04,      0.1007
 848,   1.326e-01,   3.743e-01,  -1.498e-03,       0.077,       0.000,      -0.997,   2.191e-04,      0.0271
 849,   1.169e-01,   3.743e-01,  -2.661e-03,       0.071,       0.000,      -0.998,   2.591e-04,     -0.0454
 850,   9.897e-02,   3.743e-01,  -3.769e-03,       0.054,       0.000,      -0.999,   2.838e-04,     -0.1110
 851,   7.997e-02,   3.743e-01,  -4.587e-03,       0.033,       0.000,      -0.999,   2.920e-04,     -0.1659
 852,   6.097e-02,   3.743e-01,  -5.007e-03,       0.011,       0.000,      -1.000,   2.834e-04,     -0.2197
 853,   4.307e-02,   3.743e-01,  -5.009e-03,      -0.012,       0.000,      -1.000,   2.585e-04,     -0.2905
 854,   2.732e-02,   3.743e-01,  -4.585e-03,      -0.044,       0.000,      -0.999,   2.187e-04,     -0.4016
 855,   1.462e-02,   3.743e-01,  -3.703e-03,      -0.102,       0.000,      -0.995,   1.667e-04,     -0.5932
 856,   5.725e-03,   3.743e-01,  -2.343e-03,      -0.228,       0.000,      -0.974,   1.063e-04,     -0.9801
 857,   1.144e-03,   3.743e-01,  -7.216e-04,      -0.577,       0.000,      -0.817,   4.308e-05,     -1.9756
 858,   1.144e-03,   3.743e-01,   1.487e-03,      -0.767,       0.000,       0.642,   5.479e-05,      0.9461
 859,   5.725e-03,   3.743e-01,   4.460e-03,      -0.421,       0.000,       0.907,   1.141e-04,      0.5292
 860,   1.462e-02,   3.743e-01,   7.393e-03,      -0.239,       0.000,       0.971,   1.708e-04,      0.0795
 861,   2.732e-02,   3.743e-01,   9.671e-03,      -0.128,       0.000,       0.992,   2.203e-04,     -0.1161
 862,   4.307e-02,   3.743e-01,   1.103e-02,      -0.050,       0.000,       0.999,   2.588e-04,     -0.1959
 863,   6.097e-02,   3.743e-01,   1.133e-02,       0.014,       0.000,       1.000,   2.834e-04,     -0.2216
 864,   7.997e-02,   3.743e-01,   1.049e-02,       0.073,      -0.000,       0.997,   2.927e-04,     -0.2022
 865,   9.897e-02,   3.743e-01,   8.692e-03,       0.117,      -0.000,       0.993,   2.854e-04,     -0.1428
 866,   1.169e-01,   3.743e-01,   6.363e-03,       0.143,       0.000,       0.990,   2.611e-04,     -0.0652
 867,   1.326e-01,   3.743e-01,   4.010e-03,       0.154,       0.000,       0.988,   2.211e-04,      0.0195
 868,   1.453e-01,   3.743e-01,   2.079e-03,       0.146,       0.000,       0.989,   1.676e-04,      0.1016
 869,   1.542e-01,   3.743e-01,   8.574e-04,       0.120,       0.000,       0.993,   1.043e-04,      0.1697
 870,   1.588e-01,   3.743e-01,   3.496e-04,       0.082,       0.000,       0.997,   3.530e-05,      0.2078
Strip 34
 871,   1.588e-01,   3.881e-01,   2.322e-04,       0.019,       0.000,      -1.000,   2.913e-05,      0.1922
 872,   1.542e-01,   3.881e-01,   3.273e-05,       0.052,       0.000,      -0.999,   8.578e-05,      0.1577
 873,   1.453e-01,   3.881e-01,  -5.423e-04,       0.072,       0.000,      -0.997,   1.376e-04,      0.0934
 874,   1.326e-01,   3.881e-01,  -1.498e-03,       0.077,       0.000,      -0.997,   1.814e-04,      0.0237
 875,   1.169e-01,   3.881e-01,  -2.661e-03,       0.071,       0.000,      -0.998,   2.145e-04,     -0.0432
 876,   9.897e-02,   3.881e-01,  -3.769e-03,       0.054,       0.000,      -0.999,   2.349e-04,     -0.1023
 877,   7.997e-02,   3.881e-01,  -4.587e-03,       0.033,       0.000,      -0.999,   2.417e-04,     -0.1508
 878,   6.097e-02,   3.881e-01,  -5.007e-03,       0.011,       0.000,      -1.000,   2.346e-04,     -0.1983
 879,   4.307e-02,   3.881e-01,  -5.009e-03,      -0.012,       0.000,      -1.000,   2.139e-04,     -0.2619
 880,   2.732e-02,   3.881e-01,  -4.585e-03,      -0.044,       0.000,      -0.999,   1.810e-04,     -0.3650
 881,   1.462e-02,   3.881e-01,  -3.703e-03,      -0.102,       0.000,      -0.995,   1.380e-04,     -0.5456
 882,   5.725e-03,   3.881e-01,  -2.343e-03,      -0.228,       0.000,      -0.974,   8.798e-05,     -0.9045
 883,   1.144e-03,   3.881e-01,  -7.216e-04,      -0.577,       0.000,      -0.817,   3.566e-05,     -1.7934
 884,   1.144e-03,   3.881e-01,   1.487e-03,      -0.767,       0.000,       0.642,   4.535e-05,      0.9672
 885,   5.725e-03,   3.881e-01,   4.460e-03,      -0.421,       0.000,       0.907,   9.442e-05,      0.4925
 886,   1.462e-02,   3.881e-01,   7.393e-03,      -0.239,       0.000,       0.971,   1.413e-04,      0.0540
 887,   2.732e-02,   3.881e-01,   9.671e-03,      -0.128,       0.000,       0.992,   1.823e-04,     -0.1261
 888,   4.307e-02,   3.881e-01,   1.103e-02,      -0.050,       0.000,       0.999,   2.142e-04,     -0.1942
 889,   6.097e-02,   3.881e-01,   1.133e-02,       0.014,       0.000,       1.000,   2.346e-04,     -0.2141
 890,   7.997e-02,   3.881e-01,   1.049e-02,       0.073,       0.000,       0.997,   2.422e-04,     -0.1944
 891,   9.897e-02,   3.881e-01,   8.692e-03,       0.117,       0.000,       0.993,   2.362e-04,     -0.1387
 892,   1.169e-01,   3.881e-01,   6.363e-03,       0.143,       0.000,       0.990,   2.161e-04,     -0.0662
 893,   1.326e-01,   3.881e-01,   4.010e-03,       0.154,       0.000,       0.988,   1.830e-04,      0.0141
 894,   1.453e-01,   3.881e-01,   2.079e-03,       0.146,       0.000,       0.989,   1.387e-04,      0.0941
 895,   1.542e-01,   3.881e-01,   8.574e-04,       0.120,       0.000,       0.993,   8.629e-05,      0.1621
 896,   1.588e-01,   3.881e-01,   3.496e-04,       0.082,       0.000,       0.997,   2.922e-05,      0.2004
Strip 35
 897,   1.588e-01,   3.993e-01,   2.322e-04,       0.019,       0.000,      -1.000,   2.286e-05,      0.1738
 898,   1.542e-01,   3.993e-01,   3.273e-05,       0.052,       0.000,      -0.999,   6.734e-05,      0.1400
 899,   1.453e-01,   3.993e-01,  -5.423e-04,       0.072,       0.000,      -0.997,   1.080e-04,      0.0781
 900,   1.326e-01,   3.993e-01,  -1.498e-03,       0.077,       0.000,      -0.997,   1.424e-04,      0.0143
 901,   1.169e-01,   3.993e-01,  -2.661e-03,       0.071,       0.000,      -0.998,   1.683e-04,     -0.0445
 902,   9.897e-02,   3.993e-01,  -3.769e-03,       0.054,      -0.000,      -0.999,   1.844e-04,     -0.0956
 903,   7.997e-02,   3.993e-01,  -4.587e-03,       0.033,      -0.000,      -0.999,   1.897e-04,     -0.1369
 904,   6.097e-02,   3.993e-01,  -5.007e-03,       0.011,       0.000,      -1.000,   1.841e-04,     -0.1769
 905,   4.307e-02,   3.993e-01,  -5.009e-03,      -0.012,       0.000,      -1.000,   1.679e-04,     -0.2314
 906,   2.732e-02,   3.993e-01,  -4.585e-03,      -0.044,       0.000,      -0.999,   1.421e-04,     -0.3227
 907,   1.462e-02,   3.993e-01,  -3.703e-03,      -0.102,       0.000,      -0.995,   1.083e-04,     -0.4885
 908,   5.725e-03,   3.993e-01,  -2.343e-03,      -0.228,       0.000,      -0.974,   6.906e-05,     -0.8155
 909,   1.144e-03,   3.993e-01,  -7.216e-04,      -0.577,       0.000,      -0.817,   2.799e-05,     -1.5778
 910,   1.144e-03,   3.993e-01,   1.487e-03,      -0.767,       0.000,       0.642,   3.560e-05,      0.9829
 911,   5.725e-03,   3.993e-01,   4.460e-03,      -0.421,       0.000,       0.907,   7.412e-05,      0.4408
 912,   1.462e-02,   3.993e-01,   7.393e-03,      -0.239,       0.000,       0.971,   1.109e-04,      0.0226
 913,   2.732e-02,   3.993e-01,   9.671e-03,      -0.128,       0.000,       0.992,   1.431e-04,     -0.1337
 914,   4.307e-02,   3.993e-01,   1.103e-02,      -0.050,       0.000,       0.999,   1.681e-04,     -0.1869
 915,   6.097e-02,   3.993e-01,   1.133e-02,       0.014,       0.000,       1.000,   1.841e-04,     -0.2011
 916,   7.997e-02,   3.993e-01,   1.049e-02,       0.073,       0.000,       0.997,   1.901e-04,     -0.1825
 917,   9.897e-02,   3.993e-01,   8.692e-03,       0.117,       0.000,       0.993,   1.854e-04,     -0.1325
 918,   1.169e-01,   3.993e-01,   6.363e-03,       0.143,       0.000,       0.990,   1.696e-04,     -0.0678
 919,   1.326e-01,   3.993e-01,   4.010e-03,       0.154,       0.000,       0.988,   1.436e-04,      0.0054
 920,   1.453e-01,   3.993e-01,   2.079e-03,       0.146,       0.000,       0.989,   1.089e-04,      0.0812
 921,   1.542e-01,   3.993e-01,   8.574e-04,       0.120,       0.000,       0.993,   6.773e-05,      0.1484
 922,   1.588e-01,   3.993e-01,   3.496e-04,       0.082,       0.000,       0.997,   2.293e-05,      0.1871
Strip 36
 923,   1.588e-01,   4.078e-01,   2.322e-04,       0.019,       0.000,      -1.000,   1.644e-05,      0.1353
 924,   1.542e-01,   4.078e-01,   3.273e-05,       0.052,      -0.000,      -0.999,   4.843e-05,      0.1022
 925,   1.453e-01,   4.078e-01,  -5.423e-04,       0.072,      -0.000,      -0.997,   7.768e-05,      0.0454
 926,   1.326e-01,   4.078e-01,  -1.498e-03,       0.077,       0.000,      -0.997,   1.024e-04,     -0.0067
 927,   1.169e-01,   4.078e-01,  -2.661e-03,       0.071,       0.000,      -0.998,   1.211e-04,     -0.0525
 928,   9.897e-02,   4.078e-01,  -3.769e-03,       0.054,       0.000,      -0.999,   1.326e-04,     -0.0930
 929,   7.997e-02,   4.078e-01,  -4.587e-03,       0.033,       0.000,      -0.999,   1.365e-04,     -0.1261
 930,   6.097e-02,   4.078e-01,  -5.007e-03,       0.011,       0.000,      -1.000,   1.324e-04,     -0.1584
 931,   4.307e-02,   4.078e-01,  -5.009e-03,      -0.012,       0.000,      -1.000,   1.208e-04,     -0.2026
 932,   2.732e-02,   4.078e-01,  -4.585e-03,      -0.044,       0.000,      -0.999,   1.022e-04,     -0.2784
 933,   1.462e-02,   4.078e-01,  -3.703e-03,      -0.102,       0.000,      -0.995,   7.788e-05,     -0.4219
 934,   5.725e-03,   4.078e-01,  -2.343e-03,      -0.228,       0.000,      -0.974,   4.967e-05,     -0.7104
 935,   1.144e-03,   4.078e-01,  -7.216e-04,      -0.577,       0.000,      -0.817,   2.013e-05,     -1.3192
 936,   1.144e-03,   4.078e-01,   1.487e-03,      -0.767,       0.000,       0.642,   2.560e-05,      0.9797
 937,   5.725e-03,   4.078e-01,   4.460e-03,      -0.421,       0.000,       0.907,   5.331e-05,      0.3604
 938,   1.462e-02,   4.078e-01,   7.393e-03,      -0.239,       0.000,       0.971,   7.979e-05,     -0.0155
 939,   2.732e-02,   4.078e-01,   9.671e-03,      -0.128,       0.000,       0.992,   1.029e-04,     -0.1372
 940,   4.307e-02,   4.078e-01,   1.103e-02,      -0.050,       0.000,       0.999,   1.209e-04,     -0.1748
 941,   6.097e-02,   4.078e-01,   1.133e-02,       0.014,       0.000,       1.000,   1.324e-04,     -0.1839
 942,   7.997e-02,   4.078e-01,   1.049e-02,       0.073,       0.000,       0.997,   1.367e-04,     -0.1675
 943,   9.897e-02,   4.078e-01,   8.692e-03,       0.117,      -0.000,       0.993,   1.333e-04,     -0.1253
 944,   1.169e-01,   4.078e-01,   6.363e-03,       0.143,      -0.000,       0.990,   1.220e-04,     -0.0709
 945,   1.326e-01,   4.078e-01,   4.010e-03,       0.154,       0.000,       0.988,   1.033e-04,     -0.0085
 946,   1.453e-01,   4.078e-01,   2.079e-03,       0.146,      -0.000,       0.989,   7.832e-05,      0.0586
 947,   1.542e-01,   4.078e-01,   8.574e-04,       0.120,      -0.000,       0.993,   4.871e-05,      0.1224
 948,   1.588e-01,   4.078e-01,   3.496e-04,       0.082,       0.000,       0.997,   1.649e-05,      0.1604
Strip 37
 949,   1.588e-01,   4.134e-01,   2.322e-04,       0.019,       0.000,      -1.000,   9.911e-06,      0.0182
 950,   1.542e-01,   4.134e-01,   3.273e-05,       0.052,       0.000,      -0.999,   2.919e-05,     -0.0098
 951,   1.453e-01,   4.134e-01,  -5.423e-04,       0.072,       0.000,      -0.997,   4.682e-05,     -0.0310
 952,   1.326e-01,   4.134e-01,  -1.498e-03,       0.077,       0.000,      -0.997,   6.172e-05,     -0.0455
 953,   1.169e-01,   4.134e-01,  -2.661e-03,       0.071,       0.000,      -0.998,   7.297e-05,     -0.0703
 954,   9.897e-02,   4.134e-01,  -3.769e-03,       0.054,       0.000,      -0.999,   7.993e-05,     -0.0983
 955,   7.997e-02,   4.134e-01,  -4.587e-03,       0.033,       0.000,      -0.999,   8.225e-05,     -0.1225
 956,   6.097e-02,   4.134e-01,  -5.007e-03,       0.011,       0.000,      -1.000,   7.982e-05,     -0.1465
 957,   4.307e-02,   4.134e-01,  -5.009e-03,      -0.012,       0.000,      -1.000,   7.279e-05,     -0.1800
 958,   2.732e-02,   4.134e-01,  -4.585e-03,      -0.044,       0.000,      -0.999,   6.159e-05,     -0.2387
 959,   1.462e-02,   4.134e-01,  -3.703e-03,      -0.102,       0.000,      -0.995,   4.694e-05,     -0.3546
 960,   5.725e-03,   4.134e-01,  -2.343e-03,      -0.228,       0.000,      -0.974,   2.994e-05,     -0.5969
 961,   1.144e-03,   4.134e-01,  -7.216e-04,      -0.577,       0.000,      -0.817,   1.213e-05,     -1.0136
 962,   1.144e-03,   4.134e-01,   1.487e-03,      -0.767,       0.000,       0.642,   1.543e-05,      0.8881
 963,   5.725e-03,   4.134e-01,   4.460e-03,      -0.421,       0.000,       0.907,   3.213e-05,      0.2168
 964,   1.462e-02,   4.134e-01,   7.393e-03,      -0.239,       0.000,       0.971,   4.809e-05,     -0.0658
 965,   2.732e-02,   4.134e-01,   9.671e-03,      -0.128,       0.000,       0.992,   6.204e-05,     -0.1434
 966,   4.307e-02,   4.134e-01,   1.103e-02,      -0.050,       0.000,       0.999,   7.288e-05,     -0.1636
 967,   6.097e-02,   4.134e-01,   1.133e-02,       0.014,       0.000,       1.000,   7.982e-05,     -0.1658
 968,   7.997e-02,   4.134e-01,   1.049e-02,       0.073,       0.000,       0.997,   8.242e-05,     -0.1507
 969,   9.897e-02,   4.134e-01,   8.692e-03,       0.117,       0.000,       0.993,   8.036e-05,     -0.1178
 970,   1.169e-01,   4.134e-01,   6.363e-03,       0.143,       0.000,       0.990,   7.354e-05,     -0.0769
 971,   1.326e-01,   4.134e-01,   4.010e-03,       0.154,       0.000,       0.988,   6.227e-05,     -0.0299
 972,   1.453e-01,   4.134e-01,   2.079e-03,       0.146,       0.000,       0.989,   4.721e-05,      0.0165
 973,   1.542e-01,   4.134e-01,   8.574e-04,       0.120,       0.000,       0.993,   2.936e-05,      0.0568
 974,   1.588e-01,   4.134e-01,   3.496e-04,       0.082,       0.000,       0.997,   9.942e-06,      0.0823
Strip 38
 975,   1.588e-01,   4.163e-01,   2.322e-04,       0.019,      -0.000,      -1.000,   3.311e-06,     -0.1146
 976,   1.542e-01,   4.163e-01,   3.273e-05,       0.052,       0.000,      -0.999,   9.752e-06,     -0.1215
 977,   1.453e-01,   4.163e-01,  -5.423e-04,       0.072,       0.000,      -0.997,   1.564e-05,     -0.0841
 978,   1.326e-01,   4.163e-01,  -1.498e-03,       0.077,       0.000,      -0.997,   2.062e-05,     -0.0688
 979,   1.169e-01,   4.163e-01,  -2.661e-03,       0.071,       0.000,      -0.998,   2.438e-05,     -0.0838
 980,   9.897e-02,   4.163e-01,  -3.769e-03,       0.054,       0.000,      -0.999,   2.670e-05,     -0.1044
 981,   7.997e-02,   4.163e-01,  -4.587e-03,       0.033,       0.000,      -0.999,   2.748e-05,     -0.1223
 982,   6.097e-02,   4.163e-01,  -5.007e-03,       0.011,       0.000,      -1.000,   2.667e-05,     -0.1404
 983,   4.307e-02,   4.163e-01,  -5.009e-03,      -0.012,       0.000,      -1.000,   2.432e-05,     -0.1658
 984,   2.732e-02,   4.163e-01,  -4.585e-03,      -0.044,       0.000,      -0.999,   2.058e-05,     -0.2103
 985,   1.462e-02,   4.163e-01,  -3.703e-03,      -0.102,       0.000,      -0.995,   1.568e-05,     -0.2991
 986,   5.725e-03,   4.163e-01,  -2.343e-03,      -0.228,       0.000,      -0.974,   1.000e-05,     -0.4957
 987,   1.144e-03,   4.163e-01,  -7.216e-04,      -0.577,       0.000,      -0.817,   4.054e-06,     -0.6860
 988,   1.144e-03,   4.163e-01,   1.487e-03,      -0.767,       0.000,       0.642,   5.156e-06,      0.7353
 989,   5.725e-03,   4.163e-01,   4.460e-03,      -0.421,       0.000,       0.907,   1.073e-05,      0.1105
 990,   1.462e-02,   4.163e-01,   7.393e-03,      -0.239,       0.000,       0.971,   1.607e-05,     -0.0924
 991,   2.732e-02,   4.163e-01,   9.671e-03,      -0.128,       0.000,       0.992,   2.073e-05,     -0.1443
 992,   4.307e-02,   4.163e-01,   1.103e-02,      -0.050,       0.000,       0.999,   2.435e-05,     -0.1538
 993,   6.097e-02,   4.163e-01,   1.133e-02,       0.014,       0.000,       1.000,   2.667e-05,     -0.1507
 994,   7.997e-02,   4.163e-01,   1.049e-02,       0.073,       0.000,       0.997,   2.754e-05,     -0.1361
 995,   9.897e-02,   4.163e-01,   8.692e-03,       0.117,       0.000,       0.993,   2.685e-05,     -0.1107
 996,   1.169e-01,   4.163e-01,   6.363e-03,       0.143,       0.000,       0.990,   2.457e-05,     -0.0825
 997,   1.326e-01,   4.163e-01,   4.010e-03,       0.154,       0.000,       0.988,   2.080e-05,     -0.0575
 998,   1.453e-01,   4.163e-01,   2.079e-03,       0.146,       0.000,       0.989,   1.577e-05,     -0.0474
 999,   1.542e-01,   4.163e-01,   8.574e-04,       0.120,       0.000,       0.993,   9.810e-06,     -0.0434
1000,   1.588e-01,   4.163e-01,   3.496e-04,       0.082,      -0.000,       0.997,   3.322e-06,     -0.0352










